Time,Minute,LightIntensityR,LightIntensityG,LightIntensityB,lightAngle,BackgroundColorR,BackgroundColorG,BackgroundColorB
12:00 AM,0,0,0,0,0,32,32,64
12:01 AM,1,0,0,0,0,32,32,64
12:02 AM,2,0,0,0,0,32,32,64
12:03 AM,3,0,0,0,0,32,32,64
12:04 AM,4,0,0,0,0,32,32,64
12:05 AM,5,0,0,0,0,32,32,64
12:06 AM,6,0,0,0,0,32,32,64
12:07 AM,7,0,0,0,0,32,32,64
12:08 AM,8,0,0,0,0,32,32,64
12:09 AM,9,0,0,0,0,32,32,64
12:10 AM,10,0,0,0,0,32,32,64
12:11 AM,11,0,0,0,0,32,32,64
12:12 AM,12,0,0,0,0,32,32,64
12:13 AM,13,0,0,0,0,32,32,64
12:14 AM,14,0,0,0,0,32,32,64
12:15 AM,15,0,0,0,0,32,32,64
12:16 AM,16,0,0,0,0,32,32,64
12:17 AM,17,0,0,0,0,32,32,64
12:18 AM,18,0,0,0,0,32,32,64
12:19 AM,19,0,0,0,0,32,32,64
12:20 AM,20,0,0,0,0,32,32,64
12:21 AM,21,0,0,0,0,32,32,64
12:22 AM,22,0,0,0,0,32,32,64
12:23 AM,23,0,0,0,0,32,32,64
12:24 AM,24,0,0,0,0,32,32,64
12:25 AM,25,0,0,0,0,32,32,64
12:26 AM,26,0,0,0,0,32,32,64
12:27 AM,27,0,0,0,0,32,32,64
12:28 AM,28,0,0,0,0,32,32,64
12:29 AM,29,0,0,0,0,32,32,64
12:30 AM,30,0,0,0,0,32,32,64
12:31 AM,31,0,0,0,0,32,32,64
12:32 AM,32,0,0,0,0,32,32,64
12:33 AM,33,0,0,0,0,32,32,64
12:34 AM,34,0,0,0,0,32,32,64
12:35 AM,35,0,0,0,0,32,32,64
12:36 AM,36,0,0,0,0,32,32,64
12:37 AM,37,0,0,0,0,32,32,64
12:38 AM,38,0,0,0,0,32,32,64
12:39 AM,39,0,0,0,0,32,32,64
12:40 AM,40,0,0,0,0,32,32,64
12:41 AM,41,0,0,0,0,32,32,64
12:42 AM,42,0,0,0,0,32,32,64
12:43 AM,43,0,0,0,0,32,32,64
12:44 AM,44,0,0,0,0,32,32,64
12:45 AM,45,0,0,0,0,32,32,64
12:46 AM,46,0,0,0,0,32,32,64
12:47 AM,47,0,0,0,0,32,32,64
12:48 AM,48,0,0,0,0,32,32,64
12:49 AM,49,0,0,0,0,32,32,64
12:50 AM,50,0,0,0,0,32,32,64
12:51 AM,51,0,0,0,0,32,32,64
12:52 AM,52,0,0,0,0,32,32,64
12:53 AM,53,0,0,0,0,32,32,64
12:54 AM,54,0,0,0,0,32,32,64
12:55 AM,55,0,0,0,0,32,32,64
12:56 AM,56,0,0,0,0,32,32,64
12:57 AM,57,0,0,0,0,32,32,64
12:58 AM,58,0,0,0,0,32,32,64
12:59 AM,59,0,0,0,0,32,32,64
01:00 AM,60,0,0,0,0,32,32,64
01:01 AM,61,0,0,0,0,32,32,64
01:02 AM,62,0,0,0,0,32,32,64
01:03 AM,63,0,0,0,0,32,32,64
01:04 AM,64,0,0,0,0,32,32,64
01:05 AM,65,0,0,0,0,32,32,64
01:06 AM,66,0,0,0,0,32,32,64
01:07 AM,67,0,0,0,0,32,32,64
01:08 AM,68,0,0,0,0,32,32,64
01:09 AM,69,0,0,0,0,32,32,64
01:10 AM,70,0,0,0,0,32,32,64
01:11 AM,71,0,0,0,0,32,32,64
01:12 AM,72,0,0,0,0,32,32,64
01:13 AM,73,0,0,0,0,32,32,64
01:14 AM,74,0,0,0,0,32,32,64
01:15 AM,75,0,0,0,0,32,32,64
01:16 AM,76,0,0,0,0,32,32,64
01:17 AM,77,0,0,0,0,32,32,64
01:18 AM,78,0,0,0,0,32,32,64
01:19 AM,79,0,0,0,0,32,32,64
01:20 AM,80,0,0,0,0,32,32,64
01:21 AM,81,0,0,0,0,32,32,64
01:22 AM,82,0,0,0,0,32,32,64
01:23 AM,83,0,0,0,0,32,32,64
01:24 AM,84,0,0,0,0,32,32,64
01:25 AM,85,0,0,0,0,32,32,64
01:26 AM,86,0,0,0,0,32,32,64
01:27 AM,87,0,0,0,0,32,32,64
01:28 AM,88,0,0,0,0,32,32,64
01:29 AM,89,0,0,0,0,32,32,64
01:30 AM,90,0,0,0,0,32,32,64
01:31 AM,91,0,0,0,0,32,32,64
01:32 AM,92,0,0,0,0,32,32,64
01:33 AM,93,0,0,0,0,32,32,64
01:34 AM,94,0,0,0,0,32,32,64
01:35 AM,95,0,0,0,0,32,32,64
01:36 AM,96,0,0,0,0,32,32,64
01:37 AM,97,0,0,0,0,32,32,64
01:38 AM,98,0,0,0,0,32,32,64
01:39 AM,99,0,0,0,0,32,32,64
01:40 AM,100,0,0,0,0,32,32,64
01:41 AM,101,0,0,0,0,32,32,64
01:42 AM,102,0,0,0,0,32,32,64
01:43 AM,103,0,0,0,0,32,32,64
01:44 AM,104,0,0,0,0,32,32,64
01:45 AM,105,0,0,0,0,32,32,64
01:46 AM,106,0,0,0,0,32,32,64
01:47 AM,107,0,0,0,0,32,32,64
01:48 AM,108,0,0,0,0,32,32,64
01:49 AM,109,0,0,0,0,32,32,64
01:50 AM,110,0,0,0,0,32,32,64
01:51 AM,111,0,0,0,0,32,32,64
01:52 AM,112,0,0,0,0,32,32,64
01:53 AM,113,0,0,0,0,32,32,64
01:54 AM,114,0,0,0,0,32,32,64
01:55 AM,115,0,0,0,0,32,32,64
01:56 AM,116,0,0,0,0,32,32,64
01:57 AM,117,0,0,0,0,32,32,64
01:58 AM,118,0,0,0,0,32,32,64
01:59 AM,119,0,0,0,0,32,32,64
02:00 AM,120,0,0,0,0,32,32,64
02:01 AM,121,0,0,0,0,32,32,64
02:02 AM,122,0,0,0,0,32,32,64
02:03 AM,123,0,0,0,0,32,32,64
02:04 AM,124,0,0,0,0,32,32,64
02:05 AM,125,0,0,0,0,32,32,64
02:06 AM,126,0,0,0,0,32,32,64
02:07 AM,127,0,0,0,0,32,32,64
02:08 AM,128,0,0,0,0,32,32,64
02:09 AM,129,0,0,0,0,32,32,64
02:10 AM,130,0,0,0,0,32,32,64
02:11 AM,131,0,0,0,0,32,32,64
02:12 AM,132,0,0,0,0,32,32,64
02:13 AM,133,0,0,0,0,32,32,64
02:14 AM,134,0,0,0,0,32,32,64
02:15 AM,135,0,0,0,0,32,32,64
02:16 AM,136,0,0,0,0,32,32,64
02:17 AM,137,0,0,0,0,32,32,64
02:18 AM,138,0,0,0,0,32,32,64
02:19 AM,139,0,0,0,0,32,32,64
02:20 AM,140,0,0,0,0,32,32,64
02:21 AM,141,0,0,0,0,32,32,64
02:22 AM,142,0,0,0,0,32,32,64
02:23 AM,143,0,0,0,0,32,32,64
02:24 AM,144,0,0,0,0,32,32,64
02:25 AM,145,0,0,0,0,32,32,64
02:26 AM,146,0,0,0,0,32,32,64
02:27 AM,147,0,0,0,0,32,32,64
02:28 AM,148,0,0,0,0,32,32,64
02:29 AM,149,0,0,0,0,32,32,64
02:30 AM,150,0,0,0,0,32,32,64
02:31 AM,151,0,0,0,0,32,32,64
02:32 AM,152,0,0,0,0,32,32,64
02:33 AM,153,0,0,0,0,32,32,64
02:34 AM,154,0,0,0,0,32,32,64
02:35 AM,155,0,0,0,0,32,32,64
02:36 AM,156,0,0,0,0,32,32,64
02:37 AM,157,0,0,0,0,32,32,64
02:38 AM,158,0,0,0,0,32,32,64
02:39 AM,159,0,0,0,0,32,32,64
02:40 AM,160,0,0,0,0,32,32,64
02:41 AM,161,0,0,0,0,32,32,64
02:42 AM,162,0,0,0,0,32,32,64
02:43 AM,163,0,0,0,0,32,32,64
02:44 AM,164,0,0,0,0,32,32,64
02:45 AM,165,0,0,0,0,32,32,64
02:46 AM,166,0,0,0,0,32,32,64
02:47 AM,167,0,0,0,0,32,32,64
02:48 AM,168,0,0,0,0,32,32,64
02:49 AM,169,0,0,0,0,32,32,64
02:50 AM,170,0,0,0,0,32,32,64
02:51 AM,171,0,0,0,0,32,32,64
02:52 AM,172,0,0,0,0,32,32,64
02:53 AM,173,0,0,0,0,32,32,64
02:54 AM,174,0,0,0,0,32,32,64
02:55 AM,175,0,0,0,0,32,32,64
02:56 AM,176,0,0,0,0,32,32,64
02:57 AM,177,0,0,0,0,32,32,64
02:58 AM,178,0,0,0,0,32,32,64
02:59 AM,179,0,0,0,0,32,32,64
03:00 AM,180,0,0,0,0,32,32,64
03:01 AM,181,0,0,0,0,32,32,64
03:02 AM,182,0,0,0,0,32,32,64
03:03 AM,183,0,0,0,0,32,32,64
03:04 AM,184,0,0,0,0,32,32,64
03:05 AM,185,0,0,0,0,32,32,64
03:06 AM,186,0,0,0,0,32,32,64
03:07 AM,187,0,0,0,0,32,32,64
03:08 AM,188,0,0,0,0,32,32,64
03:09 AM,189,0,0,0,0,32,32,64
03:10 AM,190,0,0,0,0,32,32,64
03:11 AM,191,0,0,0,0,32,32,64
03:12 AM,192,0,0,0,0,32,32,64
03:13 AM,193,0,0,0,0,32,32,64
03:14 AM,194,0,0,0,0,32,32,64
03:15 AM,195,0,0,0,0,32,32,64
03:16 AM,196,0,0,0,0,32,32,64
03:17 AM,197,0,0,0,0,32,32,64
03:18 AM,198,0,0,0,0,32,32,64
03:19 AM,199,0,0,0,0,32,32,64
03:20 AM,200,0,0,0,0,32,32,64
03:21 AM,201,0,0,0,0,32,32,64
03:22 AM,202,0,0,0,0,32,32,64
03:23 AM,203,0,0,0,0,32,32,64
03:24 AM,204,0,0,0,0,32,32,64
03:25 AM,205,0,0,0,0,32,32,64
03:26 AM,206,0,0,0,0,32,32,64
03:27 AM,207,0,0,0,0,32,32,64
03:28 AM,208,0,0,0,0,32,32,64
03:29 AM,209,0,0,0,0,32,32,64
03:30 AM,210,0,0,0,0,32,32,64
03:31 AM,211,0,0,0,0,32,32,64
03:32 AM,212,0,0,0,0,32,32,64
03:33 AM,213,0,0,0,0,32,32,64
03:34 AM,214,0,0,0,0,32,32,64
03:35 AM,215,0,0,0,0,32,32,64
03:36 AM,216,0,0,0,0,32,32,64
03:37 AM,217,0,0,0,0,32,32,64
03:38 AM,218,0,0,0,0,32,32,64
03:39 AM,219,0,0,0,0,32,32,64
03:40 AM,220,0,0,0,0,32,32,64
03:41 AM,221,0,0,0,0,32,32,64
03:42 AM,222,0,0,0,0,32,32,64
03:43 AM,223,0,0,0,0,32,32,64
03:44 AM,224,0,0,0,0,32,32,64
03:45 AM,225,0,0,0,0,32,32,64
03:46 AM,226,0,0,0,0,32,32,64
03:47 AM,227,0,0,0,0,32,32,64
03:48 AM,228,0,0,0,0,32,32,64
03:49 AM,229,0,0,0,0,32,32,64
03:50 AM,230,0,0,0,0,32,32,64
03:51 AM,231,0,0,0,0,32,32,64
03:52 AM,232,0,0,0,0,32,32,64
03:53 AM,233,0,0,0,0,32,32,64
03:54 AM,234,0,0,0,0,32,32,64
03:55 AM,235,0,0,0,0,32,32,64
03:56 AM,236,0,0,0,0,32,32,64
03:57 AM,237,0,0,0,0,32,32,64
03:58 AM,238,0,0,0,0,32,32,64
03:59 AM,239,0,0,0,0,32,32,64
04:00 AM,240,0,0,0,0,32,32,64
04:01 AM,241,0,0,0,0,32,32,64
04:02 AM,242,0,0,0,0,32,32,64
04:03 AM,243,0,0,0,0,32,32,64
04:04 AM,244,0,0,0,0,32,32,64
04:05 AM,245,0,0,0,0,32,32,64
04:06 AM,246,0,0,0,0,32,32,64
04:07 AM,247,0,0,0,0,32,32,64
04:08 AM,248,0,0,0,0,32,32,64
04:09 AM,249,0,0,0,0,32,32,64
04:10 AM,250,0,0,0,0,32,32,64
04:11 AM,251,0,0,0,0,32,32,64
04:12 AM,252,0,0,0,0,32,32,64
04:13 AM,253,0,0,0,0,32,32,64
04:14 AM,254,0,0,0,0,32,32,64
04:15 AM,255,0,0,0,0,32,32,64
04:16 AM,256,0,0,0,0,32,32,64
04:17 AM,257,0,0,0,0,32,32,64
04:18 AM,258,0,0,0,0,32,32,64
04:19 AM,259,0,0,0,0,32,32,64
04:20 AM,260,0,0,0,0,32,32,64
04:21 AM,261,0,0,0,0,32,32,64
04:22 AM,262,0,0,0,0,32,32,64
04:23 AM,263,0,0,0,0,32,32,64
04:24 AM,264,0,0,0,0,32,32,64
04:25 AM,265,0,0,0,0,32,32,64
04:26 AM,266,0,0,0,0,32,32,64
04:27 AM,267,0,0,0,0,32,32,64
04:28 AM,268,0,0,0,0,32,32,64
04:29 AM,269,0,0,0,0,32,32,64
04:30 AM,270,0,0,0,0,32,32,64
04:31 AM,271,0,0,0,0,32,32,64
04:32 AM,272,0,0,0,0,32,32,64
04:33 AM,273,0,0,0,0,32,32,64
04:34 AM,274,0,0,0,0,32,32,64
04:35 AM,275,0,0,0,0,32,32,64
04:36 AM,276,0,0,0,0,32,32,64
04:37 AM,277,0,0,0,0,32,32,64
04:38 AM,278,0,0,0,0,32,32,64
04:39 AM,279,0,0,0,0,32,32,64
04:40 AM,280,0,0,0,0,32,32,64
04:41 AM,281,0,0,0,0,32,32,64
04:42 AM,282,0,0,0,0,32,32,64
04:43 AM,283,0,0,0,0,32,32,64
04:44 AM,284,0,0,0,0,32,32,64
04:45 AM,285,0,0,0,0,32,32,64
04:46 AM,286,0,0,0,0,32,32,64
04:47 AM,287,0,0,0,0,32,32,64
04:48 AM,288,0,0,0,0,32,32,64
04:49 AM,289,0,0,0,0,32,32,64
04:50 AM,290,0,0,0,0,32,32,64
04:51 AM,291,0,0,0,0,32,32,64
04:52 AM,292,0,0,0,0,32,32,64
04:53 AM,293,0,0,0,0,32,32,64
04:54 AM,294,0,0,0,0,32,32,64
04:55 AM,295,0,0,0,0,32,32,64
04:56 AM,296,0,0,0,0,32,32,64
04:57 AM,297,0,0,0,0,32,32,64
04:58 AM,298,0,0,0,0,32,32,64
04:59 AM,299,0,0,0,0,32,32,64
05:00 AM,300,0,0,0,0,32,32,64
05:01 AM,301,0,0,0,0,32,32,64
05:02 AM,302,0,0,0,0,32,32,64
05:03 AM,303,0,0,0,0,32,32,64
05:04 AM,304,0,0,0,0,32,32,64
05:05 AM,305,0,0,0,0,32,32,64
05:06 AM,306,0,0,0,0,32,32,64
05:07 AM,307,0,0,0,0,32,32,64
05:08 AM,308,0,0,0,0,32,32,64
05:09 AM,309,0,0,0,0,32,32,64
05:10 AM,310,0,0,0,0,32,32,64
05:11 AM,311,0,0,0,0,32,32,64
05:12 AM,312,0,0,0,0,32,32,64
05:13 AM,313,0,0,0,0,32,32,64
05:14 AM,314,0,0,0,0,32,32,64
05:15 AM,315,0,0,0,0,32,32,64
05:16 AM,316,0,0,0,0,32,32,64
05:17 AM,317,0,0,0,0,32,32,64
05:18 AM,318,0,0,0,0,32,32,64
05:19 AM,319,0,0,0,0,32,32,64
05:20 AM,320,0,0,0,0,32,32,64
05:21 AM,321,0,0,0,0,32,32,64
05:22 AM,322,0,0,0,0,32,32,64
05:23 AM,323,0,0,0,0,32,32,64
05:24 AM,324,0,0,0,0,32,32,64
05:25 AM,325,0,0,0,0,32,32,64
05:26 AM,326,0,0,0,0,32,32,64
05:27 AM,327,0,0,0,0,32,32,64
05:28 AM,328,0,0,0,0,32,32,64
05:29 AM,329,0,0,0,0,32,32,64
05:30 AM,330,0,0,0,0,32,32,64
05:31 AM,331,0,0,0,0,37,38,74
05:32 AM,332,0,0,0,0,42,44,85
05:33 AM,333,0,0,0,0,47,50,95
05:34 AM,334,0,0,0,0,53,56,106
05:35 AM,335,0,0,0,0,58,62,117
05:36 AM,336,0,0,0,0,63,68,127
05:37 AM,337,0,0,0,0,69,75,138
05:38 AM,338,0,0,0,0,74,81,148
05:39 AM,339,0,0,0,0,79,87,159
05:40 AM,340,0,0,0,0,85,93,170
05:41 AM,341,0,0,0,0,90,99,180
05:42 AM,342,0,0,0,0,95,105,191
05:43 AM,343,0,0,0,0,101,112,202
05:44 AM,344,0,0,0,0,106,118,212
05:45 AM,345,0,0,0,0,111,124,223
05:46 AM,346,0,0,0,0,116,130,233
05:47 AM,347,0,0,0,0,122,136,244
05:48 AM,348,0,0,0,0,127,142,255
05:49 AM,349,0,0,0,0,132,149,265
05:50 AM,350,0,0,0,0,138,155,276
05:51 AM,351,0,0,0,0,143,161,286
05:52 AM,352,0,0,0,0,148,167,297
05:53 AM,353,0,0,0,0,154,173,308
05:54 AM,354,0,0,0,0,159,179,318
05:55 AM,355,0,0,0,0,164,185,329
05:56 AM,356,0,0,0,0,170,192,340
05:57 AM,357,0,0,0,0,175,198,350
05:58 AM,358,0,0,0,0,180,204,361
05:59 AM,359,0,0,0,0,185,210,371
06:00 AM,360,0,0,0,0,191,216,382
06:01 AM,361,13,13,6,0,191,216,382
06:02 AM,362,26,26,13,0,191,216,382
06:03 AM,363,39,39,19,0,191,216,382
06:04 AM,364,53,53,26,1,191,216,382
06:05 AM,365,65,65,32,1,191,216,382
06:06 AM,366,78,78,39,1,191,216,382
06:07 AM,367,91,91,45,1,191,216,382
06:08 AM,368,103,103,51,2,191,216,382
06:09 AM,369,115,115,57,2,191,216,382
06:10 AM,370,127,127,63,2,191,216,382
06:11 AM,371,138,138,69,2,191,216,382
06:12 AM,372,149,149,74,3,191,216,382
06:13 AM,373,160,160,80,3,191,216,382
06:14 AM,374,170,170,85,3,191,216,382
06:15 AM,375,180,180,90,3,191,216,382
06:16 AM,376,189,189,94,4,191,216,382
06:17 AM,377,198,198,99,4,191,216,382
06:18 AM,378,206,206,103,4,191,216,382
06:19 AM,379,213,213,106,4,191,216,382
06:20 AM,380,220,220,110,5,191,216,382
06:21 AM,381,227,227,113,5,191,216,382
06:22 AM,382,232,232,116,5,191,216,382
06:23 AM,383,238,238,119,5,191,216,382
06:24 AM,384,242,242,121,6,191,216,382
06:25 AM,385,246,246,123,6,191,216,382
06:26 AM,386,249,249,124,6,191,216,382
06:27 AM,387,251,251,125,6,191,216,382
06:28 AM,388,253,253,126,7,191,216,382
06:29 AM,389,254,254,127,7,191,216,382
06:30 AM,390,255,255,255,7,191,216,382
06:31 AM,391,254,254,127,7,191,216,382
06:32 AM,392,253,253,126,8,191,216,382
06:33 AM,393,251,251,125,8,191,216,382
06:34 AM,394,249,249,124,8,191,216,382
06:35 AM,395,246,246,123,8,191,216,382
06:36 AM,396,242,242,121,9,191,216,382
06:37 AM,397,238,238,119,9,191,216,382
06:38 AM,398,232,232,116,9,191,216,382
06:39 AM,399,227,227,113,9,191,216,382
06:40 AM,400,220,220,110,10,191,216,382
06:41 AM,401,213,213,106,10,191,216,382
06:42 AM,402,206,206,103,10,191,216,382
06:43 AM,403,198,198,99,10,191,216,382
06:44 AM,404,189,189,94,11,191,216,382
06:45 AM,405,180,180,90,11,191,216,382
06:46 AM,406,170,170,85,11,191,216,382
06:47 AM,407,160,160,80,11,191,216,382
06:48 AM,408,149,149,74,12,191,216,382
06:49 AM,409,138,138,69,12,191,216,382
06:50 AM,410,127,127,63,12,191,216,382
06:51 AM,411,115,115,57,12,191,216,382
06:52 AM,412,103,103,51,13,191,216,382
06:53 AM,413,91,91,45,13,191,216,382
06:54 AM,414,78,78,39,13,191,216,382
06:55 AM,415,65,65,32,13,191,216,382
06:56 AM,416,53,53,26,14,191,216,382
06:57 AM,417,39,39,19,14,191,216,382
06:58 AM,418,26,26,13,14,191,216,382
06:59 AM,419,13,13,6,14,191,216,382
07:00 AM,420,0,0,0,15,191,216,382
07:01 AM,421,255,255,255,15,191,216,382
07:02 AM,422,255,255,255,15,191,216,382
07:03 AM,423,255,255,255,15,191,216,382
07:04 AM,424,255,255,255,16,191,216,382
07:05 AM,425,255,255,255,16,191,216,382
07:06 AM,426,255,255,255,16,191,216,382
07:07 AM,427,255,255,255,16,191,216,382
07:08 AM,428,255,255,255,17,191,216,382
07:09 AM,429,255,255,255,17,191,216,382
07:10 AM,430,255,255,255,17,191,216,382
07:11 AM,431,255,255,255,17,191,216,382
07:12 AM,432,255,255,255,18,191,216,382
07:13 AM,433,255,255,255,18,191,216,382
07:14 AM,434,255,255,255,18,191,216,382
07:15 AM,435,255,255,255,18,191,216,382
07:16 AM,436,255,255,255,19,191,216,382
07:17 AM,437,255,255,255,19,191,216,382
07:18 AM,438,255,255,255,19,191,216,382
07:19 AM,439,255,255,255,19,191,216,382
07:20 AM,440,255,255,255,20,191,216,382
07:21 AM,441,255,255,255,20,191,216,382
07:22 AM,442,255,255,255,20,191,216,382
07:23 AM,443,255,255,255,20,191,216,382
07:24 AM,444,255,255,255,21,191,216,382
07:25 AM,445,255,255,255,21,191,216,382
07:26 AM,446,255,255,255,21,191,216,382
07:27 AM,447,255,255,255,21,191,216,382
07:28 AM,448,255,255,255,22,191,216,382
07:29 AM,449,255,255,255,22,191,216,382
07:30 AM,450,255,255,255,22,191,216,382
07:31 AM,451,255,255,255,22,191,216,382
07:32 AM,452,255,255,255,23,191,216,382
07:33 AM,453,255,255,255,23,191,216,382
07:34 AM,454,255,255,255,23,191,216,382
07:35 AM,455,255,255,255,23,191,216,382
07:36 AM,456,255,255,255,24,191,216,382
07:37 AM,457,255,255,255,24,191,216,382
07:38 AM,458,255,255,255,24,191,216,382
07:39 AM,459,255,255,255,24,191,216,382
07:40 AM,460,255,255,255,25,191,216,382
07:41 AM,461,255,255,255,25,191,216,382
07:42 AM,462,255,255,255,25,191,216,382
07:43 AM,463,255,255,255,25,191,216,382
07:44 AM,464,255,255,255,26,191,216,382
07:45 AM,465,255,255,255,26,191,216,382
07:46 AM,466,255,255,255,26,191,216,382
07:47 AM,467,255,255,255,26,191,216,382
07:48 AM,468,255,255,255,27,191,216,382
07:49 AM,469,255,255,255,27,191,216,382
07:50 AM,470,255,255,255,27,191,216,382
07:51 AM,471,255,255,255,27,191,216,382
07:52 AM,472,255,255,255,28,191,216,382
07:53 AM,473,255,255,255,28,191,216,382
07:54 AM,474,255,255,255,28,191,216,382
07:55 AM,475,255,255,255,28,191,216,382
07:56 AM,476,255,255,255,29,191,216,382
07:57 AM,477,255,255,255,29,191,216,382
07:58 AM,478,255,255,255,29,191,216,382
07:59 AM,479,255,255,255,29,191,216,382
08:00 AM,480,255,255,255,30,191,216,382
08:01 AM,481,255,255,255,30,191,216,382
08:02 AM,482,255,255,255,30,191,216,382
08:03 AM,483,255,255,255,30,191,216,382
08:04 AM,484,255,255,255,31,191,216,382
08:05 AM,485,255,255,255,31,191,216,382
08:06 AM,486,255,255,255,31,191,216,382
08:07 AM,487,255,255,255,31,191,216,382
08:08 AM,488,255,255,255,32,191,216,382
08:09 AM,489,255,255,255,32,191,216,382
08:10 AM,490,255,255,255,32,191,216,382
08:11 AM,491,255,255,255,32,191,216,382
08:12 AM,492,255,255,255,33,191,216,382
08:13 AM,493,255,255,255,33,191,216,382
08:14 AM,494,255,255,255,33,191,216,382
08:15 AM,495,255,255,255,33,191,216,382
08:16 AM,496,255,255,255,34,191,216,382
08:17 AM,497,255,255,255,34,191,216,382
08:18 AM,498,255,255,255,34,191,216,382
08:19 AM,499,255,255,255,34,191,216,382
08:20 AM,500,255,255,255,35,191,216,382
08:21 AM,501,255,255,255,35,191,216,382
08:22 AM,502,255,255,255,35,191,216,382
08:23 AM,503,255,255,255,35,191,216,382
08:24 AM,504,255,255,255,36,191,216,382
08:25 AM,505,255,255,255,36,191,216,382
08:26 AM,506,255,255,255,36,191,216,382
08:27 AM,507,255,255,255,36,191,216,382
08:28 AM,508,255,255,255,37,191,216,382
08:29 AM,509,255,255,255,37,191,216,382
08:30 AM,510,255,255,255,37,191,216,382
08:31 AM,511,255,255,255,37,191,216,382
08:32 AM,512,255,255,255,38,191,216,382
08:33 AM,513,255,255,255,38,191,216,382
08:34 AM,514,255,255,255,38,191,216,382
08:35 AM,515,255,255,255,38,191,216,382
08:36 AM,516,255,255,255,39,191,216,382
08:37 AM,517,255,255,255,39,191,216,382
08:38 AM,518,255,255,255,39,191,216,382
08:39 AM,519,255,255,255,39,191,216,382
08:40 AM,520,255,255,255,40,191,216,382
08:41 AM,521,255,255,255,40,191,216,382
08:42 AM,522,255,255,255,40,191,216,382
08:43 AM,523,255,255,255,40,191,216,382
08:44 AM,524,255,255,255,41,191,216,382
08:45 AM,525,255,255,255,41,191,216,382
08:46 AM,526,255,255,255,41,191,216,382
08:47 AM,527,255,255,255,41,191,216,382
08:48 AM,528,255,255,255,42,191,216,382
08:49 AM,529,255,255,255,42,191,216,382
08:50 AM,530,255,255,255,42,191,216,382
08:51 AM,531,255,255,255,42,191,216,382
08:52 AM,532,255,255,255,43,191,216,382
08:53 AM,533,255,255,255,43,191,216,382
08:54 AM,534,255,255,255,43,191,216,382
08:55 AM,535,255,255,255,43,191,216,382
08:56 AM,536,255,255,255,44,191,216,382
08:57 AM,537,255,255,255,44,191,216,382
08:58 AM,538,255,255,255,44,191,216,382
08:59 AM,539,255,255,255,44,191,216,382
09:00 AM,540,255,255,255,45,191,216,382
09:01 AM,541,255,255,255,45,191,216,382
09:02 AM,542,255,255,255,45,191,216,382
09:03 AM,543,255,255,255,45,191,216,382
09:04 AM,544,255,255,255,46,191,216,382
09:05 AM,545,255,255,255,46,191,216,382
09:06 AM,546,255,255,255,46,191,216,382
09:07 AM,547,255,255,255,46,191,216,382
09:08 AM,548,255,255,255,47,191,216,382
09:09 AM,549,255,255,255,47,191,216,382
09:10 AM,550,255,255,255,47,191,216,382
09:11 AM,551,255,255,255,47,191,216,382
09:12 AM,552,255,255,255,48,191,216,382
09:13 AM,553,255,255,255,48,191,216,382
09:14 AM,554,255,255,255,48,191,216,382
09:15 AM,555,255,255,255,48,191,216,382
09:16 AM,556,255,255,255,49,191,216,382
09:17 AM,557,255,255,255,49,191,216,382
09:18 AM,558,255,255,255,49,191,216,382
09:19 AM,559,255,255,255,49,191,216,382
09:20 AM,560,255,255,255,50,191,216,382
09:21 AM,561,255,255,255,50,191,216,382
09:22 AM,562,255,255,255,50,191,216,382
09:23 AM,563,255,255,255,50,191,216,382
09:24 AM,564,255,255,255,51,191,216,382
09:25 AM,565,255,255,255,51,191,216,382
09:26 AM,566,255,255,255,51,191,216,382
09:27 AM,567,255,255,255,51,191,216,382
09:28 AM,568,255,255,255,52,191,216,382
09:29 AM,569,255,255,255,52,191,216,382
09:30 AM,570,255,255,255,52,191,216,382
09:31 AM,571,255,255,255,52,191,216,382
09:32 AM,572,255,255,255,53,191,216,382
09:33 AM,573,255,255,255,53,191,216,382
09:34 AM,574,255,255,255,53,191,216,382
09:35 AM,575,255,255,255,53,191,216,382
09:36 AM,576,255,255,255,54,191,216,382
09:37 AM,577,255,255,255,54,191,216,382
09:38 AM,578,255,255,255,54,191,216,382
09:39 AM,579,255,255,255,54,191,216,382
09:40 AM,580,255,255,255,55,191,216,382
09:41 AM,581,255,255,255,55,191,216,382
09:42 AM,582,255,255,255,55,191,216,382
09:43 AM,583,255,255,255,55,191,216,382
09:44 AM,584,255,255,255,56,191,216,382
09:45 AM,585,255,255,255,56,191,216,382
09:46 AM,586,255,255,255,56,191,216,382
09:47 AM,587,255,255,255,56,191,216,382
09:48 AM,588,255,255,255,57,191,216,382
09:49 AM,589,255,255,255,57,191,216,382
09:50 AM,590,255,255,255,57,191,216,382
09:51 AM,591,255,255,255,57,191,216,382
09:52 AM,592,255,255,255,58,191,216,382
09:53 AM,593,255,255,255,58,191,216,382
09:54 AM,594,255,255,255,58,191,216,382
09:55 AM,595,255,255,255,58,191,216,382
09:56 AM,596,255,255,255,59,191,216,382
09:57 AM,597,255,255,255,59,191,216,382
09:58 AM,598,255,255,255,59,191,216,382
09:59 AM,599,255,255,255,59,191,216,382
10:00 AM,600,255,255,255,60,191,216,382
10:01 AM,601,255,255,255,60,191,216,382
10:02 AM,602,255,255,255,60,191,216,382
10:03 AM,603,255,255,255,60,191,216,382
10:04 AM,604,255,255,255,61,191,216,382
10:05 AM,605,255,255,255,61,191,216,382
10:06 AM,606,255,255,255,61,191,216,382
10:07 AM,607,255,255,255,61,191,216,382
10:08 AM,608,255,255,255,62,191,216,382
10:09 AM,609,255,255,255,62,191,216,382
10:10 AM,610,255,255,255,62,191,216,382
10:11 AM,611,255,255,255,62,191,216,382
10:12 AM,612,255,255,255,63,191,216,382
10:13 AM,613,255,255,255,63,191,216,382
10:14 AM,614,255,255,255,63,191,216,382
10:15 AM,615,255,255,255,63,191,216,382
10:16 AM,616,255,255,255,64,191,216,382
10:17 AM,617,255,255,255,64,191,216,382
10:18 AM,618,255,255,255,64,191,216,382
10:19 AM,619,255,255,255,64,191,216,382
10:20 AM,620,255,255,255,65,191,216,382
10:21 AM,621,255,255,255,65,191,216,382
10:22 AM,622,255,255,255,65,191,216,382
10:23 AM,623,255,255,255,65,191,216,382
10:24 AM,624,255,255,255,66,191,216,382
10:25 AM,625,255,255,255,66,191,216,382
10:26 AM,626,255,255,255,66,191,216,382
10:27 AM,627,255,255,255,66,191,216,382
10:28 AM,628,255,255,255,67,191,216,382
10:29 AM,629,255,255,255,67,191,216,382
10:30 AM,630,255,255,255,67,191,216,382
10:31 AM,631,255,255,255,67,191,216,382
10:32 AM,632,255,255,255,68,191,216,382
10:33 AM,633,255,255,255,68,191,216,382
10:34 AM,634,255,255,255,68,191,216,382
10:35 AM,635,255,255,255,68,191,216,382
10:36 AM,636,255,255,255,69,191,216,382
10:37 AM,637,255,255,255,69,191,216,382
10:38 AM,638,255,255,255,69,191,216,382
10:39 AM,639,255,255,255,69,191,216,382
10:40 AM,640,255,255,255,70,191,216,382
10:41 AM,641,255,255,255,70,191,216,382
10:42 AM,642,255,255,255,70,191,216,382
10:43 AM,643,255,255,255,70,191,216,382
10:44 AM,644,255,255,255,71,191,216,382
10:45 AM,645,255,255,255,71,191,216,382
10:46 AM,646,255,255,255,71,191,216,382
10:47 AM,647,255,255,255,71,191,216,382
10:48 AM,648,255,255,255,72,191,216,382
10:49 AM,649,255,255,255,72,191,216,382
10:50 AM,650,255,255,255,72,191,216,382
10:51 AM,651,255,255,255,72,191,216,382
10:52 AM,652,255,255,255,73,191,216,382
10:53 AM,653,255,255,255,73,191,216,382
10:54 AM,654,255,255,255,73,191,216,382
10:55 AM,655,255,255,255,73,191,216,382
10:56 AM,656,255,255,255,74,191,216,382
10:57 AM,657,255,255,255,74,191,216,382
10:58 AM,658,255,255,255,74,191,216,382
10:59 AM,659,255,255,255,74,191,216,382
11:00 AM,660,255,255,255,75,191,216,382
11:01 AM,661,255,255,255,75,191,216,382
11:02 AM,662,255,255,255,75,191,216,382
11:03 AM,663,255,255,255,75,191,216,382
11:04 AM,664,255,255,255,76,191,216,382
11:05 AM,665,255,255,255,76,191,216,382
11:06 AM,666,255,255,255,76,191,216,382
11:07 AM,667,255,255,255,76,191,216,382
11:08 AM,668,255,255,255,77,191,216,382
11:09 AM,669,255,255,255,77,191,216,382
11:10 AM,670,255,255,255,77,191,216,382
11:11 AM,671,255,255,255,77,191,216,382
11:12 AM,672,255,255,255,78,191,216,382
11:13 AM,673,255,255,255,78,191,216,382
11:14 AM,674,255,255,255,78,191,216,382
11:15 AM,675,255,255,255,78,191,216,382
11:16 AM,676,255,255,255,79,191,216,382
11:17 AM,677,255,255,255,79,191,216,382
11:18 AM,678,255,255,255,79,191,216,382
11:19 AM,679,255,255,255,79,191,216,382
11:20 AM,680,255,255,255,80,191,216,382
11:21 AM,681,255,255,255,80,191,216,382
11:22 AM,682,255,255,255,80,191,216,382
11:23 AM,683,255,255,255,80,191,216,382
11:24 AM,684,255,255,255,81,191,216,382
11:25 AM,685,255,255,255,81,191,216,382
11:26 AM,686,255,255,255,81,191,216,382
11:27 AM,687,255,255,255,81,191,216,382
11:28 AM,688,255,255,255,82,191,216,382
11:29 AM,689,255,255,255,82,191,216,382
11:30 AM,690,255,255,255,82,191,216,382
11:31 AM,691,255,255,255,82,191,216,382
11:32 AM,692,255,255,255,83,191,216,382
11:33 AM,693,255,255,255,83,191,216,382
11:34 AM,694,255,255,255,83,191,216,382
11:35 AM,695,255,255,255,83,191,216,382
11:36 AM,696,255,255,255,84,191,216,382
11:37 AM,697,255,255,255,84,191,216,382
11:38 AM,698,255,255,255,84,191,216,382
11:39 AM,699,255,255,255,84,191,216,382
11:40 AM,700,255,255,255,85,191,216,382
11:41 AM,701,255,255,255,85,191,216,382
11:42 AM,702,255,255,255,85,191,216,382
11:43 AM,703,255,255,255,85,191,216,382
11:44 AM,704,255,255,255,86,191,216,382
11:45 AM,705,255,255,255,86,191,216,382
11:46 AM,706,255,255,255,86,191,216,382
11:47 AM,707,255,255,255,86,191,216,382
11:48 AM,708,255,255,255,87,191,216,382
11:49 AM,709,255,255,255,87,191,216,382
11:50 AM,710,255,255,255,87,191,216,382
11:51 AM,711,255,255,255,87,191,216,382
11:52 AM,712,255,255,255,88,191,216,382
11:53 AM,713,255,255,255,88,191,216,382
11:54 AM,714,255,255,255,88,191,216,382
11:55 AM,715,255,255,255,88,191,216,382
11:56 AM,716,255,255,255,89,191,216,382
11:57 AM,717,255,255,255,89,191,216,382
11:58 AM,718,255,255,255,89,191,216,382
11:59 AM,719,255,255,255,89,191,216,382
12:00 PM,720,255,255,255,90,191,216,382
12:01 PM,721,255,255,255,90,191,216,382
12:02 PM,722,255,255,255,90,191,216,382
12:03 PM,723,255,255,255,90,191,216,382
12:04 PM,724,255,255,255,91,191,216,382
12:05 PM,725,255,255,255,91,191,216,382
12:06 PM,726,255,255,255,91,191,216,382
12:07 PM,727,255,255,255,91,191,216,382
12:08 PM,728,255,255,255,92,191,216,382
12:09 PM,729,255,255,255,92,191,216,382
12:10 PM,730,255,255,255,92,191,216,382
12:11 PM,731,255,255,255,92,191,216,382
12:12 PM,732,255,255,255,93,191,216,382
12:13 PM,733,255,255,255,93,191,216,382
12:14 PM,734,255,255,255,93,191,216,382
12:15 PM,735,255,255,255,93,191,216,382
12:16 PM,736,255,255,255,94,191,216,382
12:17 PM,737,255,255,255,94,191,216,382
12:18 PM,738,255,255,255,94,191,216,382
12:19 PM,739,255,255,255,94,191,216,382
12:20 PM,740,255,255,255,95,191,216,382
12:21 PM,741,255,255,255,95,191,216,382
12:22 PM,742,255,255,255,95,191,216,382
12:23 PM,743,255,255,255,95,191,216,382
12:24 PM,744,255,255,255,96,191,216,382
12:25 PM,745,255,255,255,96,191,216,382
12:26 PM,746,255,255,255,96,191,216,382
12:27 PM,747,255,255,255,96,191,216,382
12:28 PM,748,255,255,255,97,191,216,382
12:29 PM,749,255,255,255,97,191,216,382
12:30 PM,750,255,255,255,97,191,216,382
12:31 PM,751,255,255,255,97,191,216,382
12:32 PM,752,255,255,255,98,191,216,382
12:33 PM,753,255,255,255,98,191,216,382
12:34 PM,754,255,255,255,98,191,216,382
12:35 PM,755,255,255,255,98,191,216,382
12:36 PM,756,255,255,255,99,191,216,382
12:37 PM,757,255,255,255,99,191,216,382
12:38 PM,758,255,255,255,99,191,216,382
12:39 PM,759,255,255,255,99,191,216,382
12:40 PM,760,255,255,255,100,191,216,382
12:41 PM,761,255,255,255,100,191,216,382
12:42 PM,762,255,255,255,100,191,216,382
12:43 PM,763,255,255,255,100,191,216,382
12:44 PM,764,255,255,255,101,191,216,382
12:45 PM,765,255,255,255,101,191,216,382
12:46 PM,766,255,255,255,101,191,216,382
12:47 PM,767,255,255,255,101,191,216,382
12:48 PM,768,255,255,255,102,191,216,382
12:49 PM,769,255,255,255,102,191,216,382
12:50 PM,770,255,255,255,102,191,216,382
12:51 PM,771,255,255,255,102,191,216,382
12:52 PM,772,255,255,255,103,191,216,382
12:53 PM,773,255,255,255,103,191,216,382
12:54 PM,774,255,255,255,103,191,216,382
12:55 PM,775,255,255,255,103,191,216,382
12:56 PM,776,255,255,255,104,191,216,382
12:57 PM,777,255,255,255,104,191,216,382
12:58 PM,778,255,255,255,104,191,216,382
12:59 PM,779,255,255,255,104,191,216,382
01:00 PM,780,255,255,255,105,191,216,382
01:01 PM,781,255,255,255,105,191,216,382
01:02 PM,782,255,255,255,105,191,216,382
01:03 PM,783,255,255,255,105,191,216,382
01:04 PM,784,255,255,255,106,191,216,382
01:05 PM,785,255,255,255,106,191,216,382
01:06 PM,786,255,255,255,106,191,216,382
01:07 PM,787,255,255,255,106,191,216,382
01:08 PM,788,255,255,255,107,191,216,382
01:09 PM,789,255,255,255,107,191,216,382
01:10 PM,790,255,255,255,107,191,216,382
01:11 PM,791,255,255,255,107,191,216,382
01:12 PM,792,255,255,255,108,191,216,382
01:13 PM,793,255,255,255,108,191,216,382
01:14 PM,794,255,255,255,108,191,216,382
01:15 PM,795,255,255,255,108,191,216,382
01:16 PM,796,255,255,255,109,191,216,382
01:17 PM,797,255,255,255,109,191,216,382
01:18 PM,798,255,255,255,109,191,216,382
01:19 PM,799,255,255,255,109,191,216,382
01:20 PM,800,255,255,255,110,191,216,382
01:21 PM,801,255,255,255,110,191,216,382
01:22 PM,802,255,255,255,110,191,216,382
01:23 PM,803,255,255,255,110,191,216,382
01:24 PM,804,255,255,255,111,191,216,382
01:25 PM,805,255,255,255,111,191,216,382
01:26 PM,806,255,255,255,111,191,216,382
01:27 PM,807,255,255,255,111,191,216,382
01:28 PM,808,255,255,255,112,191,216,382
01:29 PM,809,255,255,255,112,191,216,382
01:30 PM,810,255,255,255,112,191,216,382
01:31 PM,811,255,255,255,112,191,216,382
01:32 PM,812,255,255,255,113,191,216,382
01:33 PM,813,255,255,255,113,191,216,382
01:34 PM,814,255,255,255,113,191,216,382
01:35 PM,815,255,255,255,113,191,216,382
01:36 PM,816,255,255,255,114,191,216,382
01:37 PM,817,255,255,255,114,191,216,382
01:38 PM,818,255,255,255,114,191,216,382
01:39 PM,819,255,255,255,114,191,216,382
01:40 PM,820,255,255,255,115,191,216,382
01:41 PM,821,255,255,255,115,191,216,382
01:42 PM,822,255,255,255,115,191,216,382
01:43 PM,823,255,255,255,115,191,216,382
01:44 PM,824,255,255,255,116,191,216,382
01:45 PM,825,255,255,255,116,191,216,382
01:46 PM,826,255,255,255,116,191,216,382
01:47 PM,827,255,255,255,116,191,216,382
01:48 PM,828,255,255,255,117,191,216,382
01:49 PM,829,255,255,255,117,191,216,382
01:50 PM,830,255,255,255,117,191,216,382
01:51 PM,831,255,255,255,117,191,216,382
01:52 PM,832,255,255,255,118,191,216,382
01:53 PM,833,255,255,255,118,191,216,382
01:54 PM,834,255,255,255,118,191,216,382
01:55 PM,835,255,255,255,118,191,216,382
01:56 PM,836,255,255,255,119,191,216,382
01:57 PM,837,255,255,255,119,191,216,382
01:58 PM,838,255,255,255,119,191,216,382
01:59 PM,839,255,255,255,119,191,216,382
02:00 PM,840,255,255,255,120,191,216,382
02:01 PM,841,255,255,255,120,191,216,382
02:02 PM,842,255,255,255,120,191,216,382
02:03 PM,843,255,255,255,120,191,216,382
02:04 PM,844,255,255,255,121,191,216,382
02:05 PM,845,255,255,255,121,191,216,382
02:06 PM,846,255,255,255,121,191,216,382
02:07 PM,847,255,255,255,121,191,216,382
02:08 PM,848,255,255,255,122,191,216,382
02:09 PM,849,255,255,255,122,191,216,382
02:10 PM,850,255,255,255,122,191,216,382
02:11 PM,851,255,255,255,122,191,216,382
02:12 PM,852,255,255,255,123,191,216,382
02:13 PM,853,255,255,255,123,191,216,382
02:14 PM,854,255,255,255,123,191,216,382
02:15 PM,855,255,255,255,123,191,216,382
02:16 PM,856,255,255,255,124,191,216,382
02:17 PM,857,255,255,255,124,191,216,382
02:18 PM,858,255,255,255,124,191,216,382
02:19 PM,859,255,255,255,124,191,216,382
02:20 PM,860,255,255,255,125,191,216,382
02:21 PM,861,255,255,255,125,191,216,382
02:22 PM,862,255,255,255,125,191,216,382
02:23 PM,863,255,255,255,125,191,216,382
02:24 PM,864,255,255,255,126,191,216,382
02:25 PM,865,255,255,255,126,191,216,382
02:26 PM,866,255,255,255,126,191,216,382
02:27 PM,867,255,255,255,126,191,216,382
02:28 PM,868,255,255,255,127,191,216,382
02:29 PM,869,255,255,255,127,191,216,382
02:30 PM,870,255,255,255,127,191,216,382
02:31 PM,871,255,255,255,127,191,216,382
02:32 PM,872,255,255,255,128,191,216,382
02:33 PM,873,255,255,255,128,191,216,382
02:34 PM,874,255,255,255,128,191,216,382
02:35 PM,875,255,255,255,128,191,216,382
02:36 PM,876,255,255,255,129,191,216,382
02:37 PM,877,255,255,255,129,191,216,382
02:38 PM,878,255,255,255,129,191,216,382
02:39 PM,879,255,255,255,129,191,216,382
02:40 PM,880,255,255,255,130,191,216,382
02:41 PM,881,255,255,255,130,191,216,382
02:42 PM,882,255,255,255,130,191,216,382
02:43 PM,883,255,255,255,130,191,216,382
02:44 PM,884,255,255,255,131,191,216,382
02:45 PM,885,255,255,255,131,191,216,382
02:46 PM,886,255,255,255,131,191,216,382
02:47 PM,887,255,255,255,131,191,216,382
02:48 PM,888,255,255,255,132,191,216,382
02:49 PM,889,255,255,255,132,191,216,382
02:50 PM,890,255,255,255,132,191,216,382
02:51 PM,891,255,255,255,132,191,216,382
02:52 PM,892,255,255,255,133,191,216,382
02:53 PM,893,255,255,255,133,191,216,382
02:54 PM,894,255,255,255,133,191,216,382
02:55 PM,895,255,255,255,133,191,216,382
02:56 PM,896,255,255,255,134,191,216,382
02:57 PM,897,255,255,255,134,191,216,382
02:58 PM,898,255,255,255,134,191,216,382
02:59 PM,899,255,255,255,134,191,216,382
03:00 PM,900,255,255,255,135,191,216,382
03:01 PM,901,255,255,255,135,191,216,382
03:02 PM,902,255,255,255,135,191,216,382
03:03 PM,903,255,255,255,135,191,216,382
03:04 PM,904,255,255,255,136,191,216,382
03:05 PM,905,255,255,255,136,191,216,382
03:06 PM,906,255,255,255,136,191,216,382
03:07 PM,907,255,255,255,136,191,216,382
03:08 PM,908,255,255,255,137,191,216,382
03:09 PM,909,255,255,255,137,191,216,382
03:10 PM,910,255,255,255,137,191,216,382
03:11 PM,911,255,255,255,137,191,216,382
03:12 PM,912,255,255,255,138,191,216,382
03:13 PM,913,255,255,255,138,191,216,382
03:14 PM,914,255,255,255,138,191,216,382
03:15 PM,915,255,255,255,138,191,216,382
03:16 PM,916,255,255,255,139,191,216,382
03:17 PM,917,255,255,255,139,191,216,382
03:18 PM,918,255,255,255,139,191,216,382
03:19 PM,919,255,255,255,139,191,216,382
03:20 PM,920,255,255,255,140,191,216,382
03:21 PM,921,255,255,255,140,191,216,382
03:22 PM,922,255,255,255,140,191,216,382
03:23 PM,923,255,255,255,140,191,216,382
03:24 PM,924,255,255,255,141,191,216,382
03:25 PM,925,255,255,255,141,191,216,382
03:26 PM,926,255,255,255,141,191,216,382
03:27 PM,927,255,255,255,141,191,216,382
03:28 PM,928,255,255,255,142,191,216,382
03:29 PM,929,255,255,255,142,191,216,382
03:30 PM,930,255,255,255,142,191,216,382
03:31 PM,931,255,255,255,142,191,216,382
03:32 PM,932,255,255,255,143,191,216,382
03:33 PM,933,255,255,255,143,191,216,382
03:34 PM,934,255,255,255,143,191,216,382
03:35 PM,935,255,255,255,143,191,216,382
03:36 PM,936,255,255,255,144,191,216,382
03:37 PM,937,255,255,255,144,191,216,382
03:38 PM,938,255,255,255,144,191,216,382
03:39 PM,939,255,255,255,144,191,216,382
03:40 PM,940,255,255,255,145,191,216,382
03:41 PM,941,255,255,255,145,191,216,382
03:42 PM,942,255,255,255,145,191,216,382
03:43 PM,943,255,255,255,145,191,216,382
03:44 PM,944,255,255,255,146,191,216,382
03:45 PM,945,255,255,255,146,191,216,382
03:46 PM,946,255,255,255,146,191,216,382
03:47 PM,947,255,255,255,146,191,216,382
03:48 PM,948,255,255,255,147,191,216,382
03:49 PM,949,255,255,255,147,191,216,382
03:50 PM,950,255,255,255,147,191,216,382
03:51 PM,951,255,255,255,147,191,216,382
03:52 PM,952,255,255,255,148,191,216,382
03:53 PM,953,255,255,255,148,191,216,382
03:54 PM,954,255,255,255,148,191,216,382
03:55 PM,955,255,255,255,148,191,216,382
03:56 PM,956,255,255,255,149,191,216,382
03:57 PM,957,255,255,255,149,191,216,382
03:58 PM,958,255,255,255,149,191,216,382
03:59 PM,959,255,255,255,149,191,216,382
04:00 PM,960,255,255,255,150,191,216,382
04:01 PM,961,255,255,255,150,191,216,382
04:02 PM,962,255,255,255,150,191,216,382
04:03 PM,963,255,255,255,150,191,216,382
04:04 PM,964,255,255,255,151,191,216,382
04:05 PM,965,255,255,255,151,191,216,382
04:06 PM,966,255,255,255,151,191,216,382
04:07 PM,967,255,255,255,151,191,216,382
04:08 PM,968,255,255,255,152,191,216,382
04:09 PM,969,255,255,255,152,191,216,382
04:10 PM,970,255,255,255,152,191,216,382
04:11 PM,971,255,255,255,152,191,216,382
04:12 PM,972,255,255,255,153,191,216,382
04:13 PM,973,255,255,255,153,191,216,382
04:14 PM,974,255,255,255,153,191,216,382
04:15 PM,975,255,255,255,153,191,216,382
04:16 PM,976,255,255,255,154,191,216,382
04:17 PM,977,255,255,255,154,191,216,382
04:18 PM,978,255,255,255,154,191,216,382
04:19 PM,979,255,255,255,154,191,216,382
04:20 PM,980,255,255,255,155,191,216,382
04:21 PM,981,255,255,255,155,191,216,382
04:22 PM,982,255,255,255,155,191,216,382
04:23 PM,983,255,255,255,155,191,216,382
04:24 PM,984,255,255,255,156,191,216,382
04:25 PM,985,255,255,255,156,191,216,382
04:26 PM,986,255,255,255,156,191,216,382
04:27 PM,987,255,255,255,156,191,216,382
04:28 PM,988,255,255,255,157,191,216,382
04:29 PM,989,255,255,255,157,191,216,382
04:30 PM,990,255,255,255,157,191,216,382
04:31 PM,991,255,255,255,157,191,216,382
04:32 PM,992,255,255,255,158,191,216,382
04:33 PM,993,255,255,255,158,191,216,382
04:34 PM,994,255,255,255,158,191,216,382
04:35 PM,995,255,255,255,158,191,216,382
04:36 PM,996,255,255,255,159,191,216,382
04:37 PM,997,255,255,255,159,191,216,382
04:38 PM,998,255,255,255,159,191,216,382
04:39 PM,999,255,255,255,159,191,216,382
04:40 PM,1000,255,255,255,160,191,216,382
04:41 PM,1001,255,255,255,160,191,216,382
04:42 PM,1002,255,255,255,160,191,216,382
04:43 PM,1003,255,255,255,160,191,216,382
04:44 PM,1004,255,255,255,161,191,216,382
04:45 PM,1005,255,255,255,161,191,216,382
04:46 PM,1006,255,255,255,161,191,216,382
04:47 PM,1007,255,255,255,161,191,216,382
04:48 PM,1008,255,255,255,162,191,216,382
04:49 PM,1009,255,255,255,162,191,216,382
04:50 PM,1010,255,255,255,162,191,216,382
04:51 PM,1011,255,255,255,162,191,216,382
04:52 PM,1012,255,255,255,163,191,216,382
04:53 PM,1013,255,255,255,163,191,216,382
04:54 PM,1014,255,255,255,163,191,216,382
04:55 PM,1015,255,255,255,163,191,216,382
04:56 PM,1016,255,255,255,164,191,216,382
04:57 PM,1017,255,255,255,164,191,216,382
04:58 PM,1018,255,255,255,164,191,216,382
04:59 PM,1019,255,255,255,164,191,216,382
05:00 PM,1020,0,0,0,165,191,216,382
05:01 PM,1021,13,13,6,165,191,216,382
05:02 PM,1022,26,26,13,165,191,216,382
05:03 PM,1023,39,39,19,165,191,216,382
05:04 PM,1024,53,53,26,166,191,216,382
05:05 PM,1025,65,65,32,166,191,216,382
05:06 PM,1026,78,78,39,166,191,216,382
05:07 PM,1027,91,91,45,166,191,216,382
05:08 PM,1028,103,103,51,167,191,216,382
05:09 PM,1029,115,115,57,167,191,216,382
05:10 PM,1030,127,127,63,167,191,216,382
05:11 PM,1031,138,138,69,167,191,216,382
05:12 PM,1032,149,149,74,168,191,216,382
05:13 PM,1033,160,160,80,168,191,216,382
05:14 PM,1034,170,170,85,168,191,216,382
05:15 PM,1035,180,180,90,168,191,216,382
05:16 PM,1036,189,189,94,169,191,216,382
05:17 PM,1037,198,198,99,169,191,216,382
05:18 PM,1038,206,206,103,169,191,216,382
05:19 PM,1039,213,213,106,169,191,216,382
05:20 PM,1040,220,220,110,170,191,216,382
05:21 PM,1041,227,227,113,170,191,216,382
05:22 PM,1042,232,232,116,170,191,216,382
05:23 PM,1043,238,238,119,170,191,216,382
05:24 PM,1044,242,242,121,171,191,216,382
05:25 PM,1045,246,246,123,171,191,216,382
05:26 PM,1046,249,249,124,171,191,216,382
05:27 PM,1047,251,251,125,171,191,216,382
05:28 PM,1048,253,253,126,172,191,216,382
05:29 PM,1049,254,254,127,172,191,216,382
05:30 PM,1050,255,255,255,172,191,216,382
05:31 PM,1051,254,254,127,172,191,216,382
05:32 PM,1052,253,253,126,173,191,216,382
05:33 PM,1053,251,251,125,173,191,216,382
05:34 PM,1054,249,249,124,173,191,216,382
05:35 PM,1055,246,246,123,173,191,216,382
05:36 PM,1056,242,242,121,174,191,216,382
05:37 PM,1057,238,238,119,174,191,216,382
05:38 PM,1058,232,232,116,174,191,216,382
05:39 PM,1059,227,227,113,174,191,216,382
05:40 PM,1060,220,220,110,175,191,216,382
05:41 PM,1061,213,213,106,175,191,216,382
05:42 PM,1062,206,206,103,175,191,216,382
05:43 PM,1063,198,198,99,175,191,216,382
05:44 PM,1064,189,189,94,176,191,216,382
05:45 PM,1065,180,180,90,176,191,216,382
05:46 PM,1066,170,170,85,176,191,216,382
05:47 PM,1067,160,160,80,176,191,216,382
05:48 PM,1068,149,149,74,177,191,216,382
05:49 PM,1069,138,138,69,177,191,216,382
05:50 PM,1070,127,127,63,177,191,216,382
05:51 PM,1071,115,115,57,177,191,216,382
05:52 PM,1072,103,103,51,178,191,216,382
05:53 PM,1073,91,91,45,178,191,216,382
05:54 PM,1074,78,78,39,178,191,216,382
05:55 PM,1075,65,65,32,178,191,216,382
05:56 PM,1076,53,53,26,179,191,216,382
05:57 PM,1077,39,39,19,179,191,216,382
05:58 PM,1078,26,26,13,179,191,216,382
05:59 PM,1079,13,13,6,179,191,216,382
06:00 PM,1080,0,0,0,180,191,216,382
06:01 PM,1081,0,0,0,180,185,210,371
06:02 PM,1082,0,0,0,180,180,204,361
06:03 PM,1083,0,0,0,180,175,198,350
06:04 PM,1084,0,0,0,180,170,192,340
06:05 PM,1085,0,0,0,180,164,185,329
06:06 PM,1086,0,0,0,180,159,179,318
06:07 PM,1087,0,0,0,180,154,173,308
06:08 PM,1088,0,0,0,180,148,167,297
06:09 PM,1089,0,0,0,180,143,161,286
06:10 PM,1090,0,0,0,180,138,155,276
06:11 PM,1091,0,0,0,180,132,149,265
06:12 PM,1092,0,0,0,180,127,142,255
06:13 PM,1093,0,0,0,180,122,136,244
06:14 PM,1094,0,0,0,180,116,130,233
06:15 PM,1095,0,0,0,180,111,124,223
06:16 PM,1096,0,0,0,180,106,118,212
06:17 PM,1097,0,0,0,180,101,112,202
06:18 PM,1098,0,0,0,180,95,105,191
06:19 PM,1099,0,0,0,180,90,99,180
06:20 PM,1100,0,0,0,180,85,93,170
06:21 PM,1101,0,0,0,180,79,87,159
06:22 PM,1102,0,0,0,180,74,81,148
06:23 PM,1103,0,0,0,180,69,75,138
06:24 PM,1104,0,0,0,180,63,68,127
06:25 PM,1105,0,0,0,180,58,62,117
06:26 PM,1106,0,0,0,180,53,56,106
06:27 PM,1107,0,0,0,180,47,50,95
06:28 PM,1108,0,0,0,180,42,44,85
06:29 PM,1109,0,0,0,180,37,38,74
06:30 PM,1110,0,0,0,180,32,32,64
06:31 PM,1111,0,0,0,180,32,32,64
06:32 PM,1112,0,0,0,180,32,32,64
06:33 PM,1113,0,0,0,180,32,32,64
06:34 PM,1114,0,0,0,180,32,32,64
06:35 PM,1115,0,0,0,180,32,32,64
06:36 PM,1116,0,0,0,180,32,32,64
06:37 PM,1117,0,0,0,180,32,32,64
06:38 PM,1118,0,0,0,180,32,32,64
06:39 PM,1119,0,0,0,180,32,32,64
06:40 PM,1120,0,0,0,180,32,32,64
06:41 PM,1121,0,0,0,180,32,32,64
06:42 PM,1122,0,0,0,180,32,32,64
06:43 PM,1123,0,0,0,180,32,32,64
06:44 PM,1124,0,0,0,180,32,32,64
06:45 PM,1125,0,0,0,180,32,32,64
06:46 PM,1126,0,0,0,180,32,32,64
06:47 PM,1127,0,0,0,180,32,32,64
06:48 PM,1128,0,0,0,180,32,32,64
06:49 PM,1129,0,0,0,180,32,32,64
06:50 PM,1130,0,0,0,180,32,32,64
06:51 PM,1131,0,0,0,180,32,32,64
06:52 PM,1132,0,0,0,180,32,32,64
06:53 PM,1133,0,0,0,180,32,32,64
06:54 PM,1134,0,0,0,180,32,32,64
06:55 PM,1135,0,0,0,180,32,32,64
06:56 PM,1136,0,0,0,180,32,32,64
06:57 PM,1137,0,0,0,180,32,32,64
06:58 PM,1138,0,0,0,180,32,32,64
06:59 PM,1139,0,0,0,180,32,32,64
07:00 PM,1140,0,0,0,180,32,32,64
07:01 PM,1141,0,0,0,180,32,32,64
07:02 PM,1142,0,0,0,180,32,32,64
07:03 PM,1143,0,0,0,180,32,32,64
07:04 PM,1144,0,0,0,180,32,32,64
07:05 PM,1145,0,0,0,180,32,32,64
07:06 PM,1146,0,0,0,180,32,32,64
07:07 PM,1147,0,0,0,180,32,32,64
07:08 PM,1148,0,0,0,180,32,32,64
07:09 PM,1149,0,0,0,180,32,32,64
07:10 PM,1150,0,0,0,180,32,32,64
07:11 PM,1151,0,0,0,180,32,32,64
07:12 PM,1152,0,0,0,180,32,32,64
07:13 PM,1153,0,0,0,180,32,32,64
07:14 PM,1154,0,0,0,180,32,32,64
07:15 PM,1155,0,0,0,180,32,32,64
07:16 PM,1156,0,0,0,180,32,32,64
07:17 PM,1157,0,0,0,180,32,32,64
07:18 PM,1158,0,0,0,180,32,32,64
07:19 PM,1159,0,0,0,180,32,32,64
07:20 PM,1160,0,0,0,180,32,32,64
07:21 PM,1161,0,0,0,180,32,32,64
07:22 PM,1162,0,0,0,180,32,32,64
07:23 PM,1163,0,0,0,180,32,32,64
07:24 PM,1164,0,0,0,180,32,32,64
07:25 PM,1165,0,0,0,180,32,32,64
07:26 PM,1166,0,0,0,180,32,32,64
07:27 PM,1167,0,0,0,180,32,32,64
07:28 PM,1168,0,0,0,180,32,32,64
07:29 PM,1169,0,0,0,180,32,32,64
07:30 PM,1170,0,0,0,180,32,32,64
07:31 PM,1171,0,0,0,180,32,32,64
07:32 PM,1172,0,0,0,180,32,32,64
07:33 PM,1173,0,0,0,180,32,32,64
07:34 PM,1174,0,0,0,180,32,32,64
07:35 PM,1175,0,0,0,180,32,32,64
07:36 PM,1176,0,0,0,180,32,32,64
07:37 PM,1177,0,0,0,180,32,32,64
07:38 PM,1178,0,0,0,180,32,32,64
07:39 PM,1179,0,0,0,180,32,32,64
07:40 PM,1180,0,0,0,180,32,32,64
07:41 PM,1181,0,0,0,180,32,32,64
07:42 PM,1182,0,0,0,180,32,32,64
07:43 PM,1183,0,0,0,180,32,32,64
07:44 PM,1184,0,0,0,180,32,32,64
07:45 PM,1185,0,0,0,180,32,32,64
07:46 PM,1186,0,0,0,180,32,32,64
07:47 PM,1187,0,0,0,180,32,32,64
07:48 PM,1188,0,0,0,180,32,32,64
07:49 PM,1189,0,0,0,180,32,32,64
07:50 PM,1190,0,0,0,180,32,32,64
07:51 PM,1191,0,0,0,180,32,32,64
07:52 PM,1192,0,0,0,180,32,32,64
07:53 PM,1193,0,0,0,180,32,32,64
07:54 PM,1194,0,0,0,180,32,32,64
07:55 PM,1195,0,0,0,180,32,32,64
07:56 PM,1196,0,0,0,180,32,32,64
07:57 PM,1197,0,0,0,180,32,32,64
07:58 PM,1198,0,0,0,180,32,32,64
07:59 PM,1199,0,0,0,180,32,32,64
08:00 PM,1200,0,0,0,180,32,32,64
08:01 PM,1201,0,0,0,180,32,32,64
08:02 PM,1202,0,0,0,180,32,32,64
08:03 PM,1203,0,0,0,180,32,32,64
08:04 PM,1204,0,0,0,180,32,32,64
08:05 PM,1205,0,0,0,180,32,32,64
08:06 PM,1206,0,0,0,180,32,32,64
08:07 PM,1207,0,0,0,180,32,32,64
08:08 PM,1208,0,0,0,180,32,32,64
08:09 PM,1209,0,0,0,180,32,32,64
08:10 PM,1210,0,0,0,180,32,32,64
08:11 PM,1211,0,0,0,180,32,32,64
08:12 PM,1212,0,0,0,180,32,32,64
08:13 PM,1213,0,0,0,180,32,32,64
08:14 PM,1214,0,0,0,180,32,32,64
08:15 PM,1215,0,0,0,180,32,32,64
08:16 PM,1216,0,0,0,180,32,32,64
08:17 PM,1217,0,0,0,180,32,32,64
08:18 PM,1218,0,0,0,180,32,32,64
08:19 PM,1219,0,0,0,180,32,32,64
08:20 PM,1220,0,0,0,180,32,32,64
08:21 PM,1221,0,0,0,180,32,32,64
08:22 PM,1222,0,0,0,180,32,32,64
08:23 PM,1223,0,0,0,180,32,32,64
08:24 PM,1224,0,0,0,180,32,32,64
08:25 PM,1225,0,0,0,180,32,32,64
08:26 PM,1226,0,0,0,180,32,32,64
08:27 PM,1227,0,0,0,180,32,32,64
08:28 PM,1228,0,0,0,180,32,32,64
08:29 PM,1229,0,0,0,180,32,32,64
08:30 PM,1230,0,0,0,180,32,32,64
08:31 PM,1231,0,0,0,180,32,32,64
08:32 PM,1232,0,0,0,180,32,32,64
08:33 PM,1233,0,0,0,180,32,32,64
08:34 PM,1234,0,0,0,180,32,32,64
08:35 PM,1235,0,0,0,180,32,32,64
08:36 PM,1236,0,0,0,180,32,32,64
08:37 PM,1237,0,0,0,180,32,32,64
08:38 PM,1238,0,0,0,180,32,32,64
08:39 PM,1239,0,0,0,180,32,32,64
08:40 PM,1240,0,0,0,180,32,32,64
08:41 PM,1241,0,0,0,180,32,32,64
08:42 PM,1242,0,0,0,180,32,32,64
08:43 PM,1243,0,0,0,180,32,32,64
08:44 PM,1244,0,0,0,180,32,32,64
08:45 PM,1245,0,0,0,180,32,32,64
08:46 PM,1246,0,0,0,180,32,32,64
08:47 PM,1247,0,0,0,180,32,32,64
08:48 PM,1248,0,0,0,180,32,32,64
08:49 PM,1249,0,0,0,180,32,32,64
08:50 PM,1250,0,0,0,180,32,32,64
08:51 PM,1251,0,0,0,180,32,32,64
08:52 PM,1252,0,0,0,180,32,32,64
08:53 PM,1253,0,0,0,180,32,32,64
08:54 PM,1254,0,0,0,180,32,32,64
08:55 PM,1255,0,0,0,180,32,32,64
08:56 PM,1256,0,0,0,180,32,32,64
08:57 PM,1257,0,0,0,180,32,32,64
08:58 PM,1258,0,0,0,180,32,32,64
08:59 PM,1259,0,0,0,180,32,32,64
09:00 PM,1260,0,0,0,180,32,32,64
09:01 PM,1261,0,0,0,180,32,32,64
09:02 PM,1262,0,0,0,180,32,32,64
09:03 PM,1263,0,0,0,180,32,32,64
09:04 PM,1264,0,0,0,180,32,32,64
09:05 PM,1265,0,0,0,180,32,32,64
09:06 PM,1266,0,0,0,180,32,32,64
09:07 PM,1267,0,0,0,180,32,32,64
09:08 PM,1268,0,0,0,180,32,32,64
09:09 PM,1269,0,0,0,180,32,32,64
09:10 PM,1270,0,0,0,180,32,32,64
09:11 PM,1271,0,0,0,180,32,32,64
09:12 PM,1272,0,0,0,180,32,32,64
09:13 PM,1273,0,0,0,180,32,32,64
09:14 PM,1274,0,0,0,180,32,32,64
09:15 PM,1275,0,0,0,180,32,32,64
09:16 PM,1276,0,0,0,180,32,32,64
09:17 PM,1277,0,0,0,180,32,32,64
09:18 PM,1278,0,0,0,180,32,32,64
09:19 PM,1279,0,0,0,180,32,32,64
09:20 PM,1280,0,0,0,180,32,32,64
09:21 PM,1281,0,0,0,180,32,32,64
09:22 PM,1282,0,0,0,180,32,32,64
09:23 PM,1283,0,0,0,180,32,32,64
09:24 PM,1284,0,0,0,180,32,32,64
09:25 PM,1285,0,0,0,180,32,32,64
09:26 PM,1286,0,0,0,180,32,32,64
09:27 PM,1287,0,0,0,180,32,32,64
09:28 PM,1288,0,0,0,180,32,32,64
09:29 PM,1289,0,0,0,180,32,32,64
09:30 PM,1290,0,0,0,180,32,32,64
09:31 PM,1291,0,0,0,180,32,32,64
09:32 PM,1292,0,0,0,180,32,32,64
09:33 PM,1293,0,0,0,180,32,32,64
09:34 PM,1294,0,0,0,180,32,32,64
09:35 PM,1295,0,0,0,180,32,32,64
09:36 PM,1296,0,0,0,180,32,32,64
09:37 PM,1297,0,0,0,180,32,32,64
09:38 PM,1298,0,0,0,180,32,32,64
09:39 PM,1299,0,0,0,180,32,32,64
09:40 PM,1300,0,0,0,180,32,32,64
09:41 PM,1301,0,0,0,180,32,32,64
09:42 PM,1302,0,0,0,180,32,32,64
09:43 PM,1303,0,0,0,180,32,32,64
09:44 PM,1304,0,0,0,180,32,32,64
09:45 PM,1305,0,0,0,180,32,32,64
09:46 PM,1306,0,0,0,180,32,32,64
09:47 PM,1307,0,0,0,180,32,32,64
09:48 PM,1308,0,0,0,180,32,32,64
09:49 PM,1309,0,0,0,180,32,32,64
09:50 PM,1310,0,0,0,180,32,32,64
09:51 PM,1311,0,0,0,180,32,32,64
09:52 PM,1312,0,0,0,180,32,32,64
09:53 PM,1313,0,0,0,180,32,32,64
09:54 PM,1314,0,0,0,180,32,32,64
09:55 PM,1315,0,0,0,180,32,32,64
09:56 PM,1316,0,0,0,180,32,32,64
09:57 PM,1317,0,0,0,180,32,32,64
09:58 PM,1318,0,0,0,180,32,32,64
09:59 PM,1319,0,0,0,180,32,32,64
10:00 PM,1320,0,0,0,180,32,32,64
10:01 PM,1321,0,0,0,180,32,32,64
10:02 PM,1322,0,0,0,180,32,32,64
10:03 PM,1323,0,0,0,180,32,32,64
10:04 PM,1324,0,0,0,180,32,32,64
10:05 PM,1325,0,0,0,180,32,32,64
10:06 PM,1326,0,0,0,180,32,32,64
10:07 PM,1327,0,0,0,180,32,32,64
10:08 PM,1328,0,0,0,180,32,32,64
10:09 PM,1329,0,0,0,180,32,32,64
10:10 PM,1330,0,0,0,180,32,32,64
10:11 PM,1331,0,0,0,180,32,32,64
10:12 PM,1332,0,0,0,180,32,32,64
10:13 PM,1333,0,0,0,180,32,32,64
10:14 PM,1334,0,0,0,180,32,32,64
10:15 PM,1335,0,0,0,180,32,32,64
10:16 PM,1336,0,0,0,180,32,32,64
10:17 PM,1337,0,0,0,180,32,32,64
10:18 PM,1338,0,0,0,180,32,32,64
10:19 PM,1339,0,0,0,180,32,32,64
10:20 PM,1340,0,0,0,180,32,32,64
10:21 PM,1341,0,0,0,180,32,32,64
10:22 PM,1342,0,0,0,180,32,32,64
10:23 PM,1343,0,0,0,180,32,32,64
10:24 PM,1344,0,0,0,180,32,32,64
10:25 PM,1345,0,0,0,180,32,32,64
10:26 PM,1346,0,0,0,180,32,32,64
10:27 PM,1347,0,0,0,180,32,32,64
10:28 PM,1348,0,0,0,180,32,32,64
10:29 PM,1349,0,0,0,180,32,32,64
10:30 PM,1350,0,0,0,180,32,32,64
10:31 PM,1351,0,0,0,180,32,32,64
10:32 PM,1352,0,0,0,180,32,32,64
10:33 PM,1353,0,0,0,180,32,32,64
10:34 PM,1354,0,0,0,180,32,32,64
10:35 PM,1355,0,0,0,180,32,32,64
10:36 PM,1356,0,0,0,180,32,32,64
10:37 PM,1357,0,0,0,180,32,32,64
10:38 PM,1358,0,0,0,180,32,32,64
10:39 PM,1359,0,0,0,180,32,32,64
10:40 PM,1360,0,0,0,180,32,32,64
10:41 PM,1361,0,0,0,180,32,32,64
10:42 PM,1362,0,0,0,180,32,32,64
10:43 PM,1363,0,0,0,180,32,32,64
10:44 PM,1364,0,0,0,180,32,32,64
10:45 PM,1365,0,0,0,180,32,32,64
10:46 PM,1366,0,0,0,180,32,32,64
10:47 PM,1367,0,0,0,180,32,32,64
10:48 PM,1368,0,0,0,180,32,32,64
10:49 PM,1369,0,0,0,180,32,32,64
10:50 PM,1370,0,0,0,180,32,32,64
10:51 PM,1371,0,0,0,180,32,32,64
10:52 PM,1372,0,0,0,180,32,32,64
10:53 PM,1373,0,0,0,180,32,32,64
10:54 PM,1374,0,0,0,180,32,32,64
10:55 PM,1375,0,0,0,180,32,32,64
10:56 PM,1376,0,0,0,180,32,32,64
10:57 PM,1377,0,0,0,180,32,32,64
10:58 PM,1378,0,0,0,180,32,32,64
10:59 PM,1379,0,0,0,180,32,32,64
11:00 PM,1380,0,0,0,180,32,32,64
11:01 PM,1381,0,0,0,180,32,32,64
11:02 PM,1382,0,0,0,180,32,32,64
11:03 PM,1383,0,0,0,180,32,32,64
11:04 PM,1384,0,0,0,180,32,32,64
11:05 PM,1385,0,0,0,180,32,32,64
11:06 PM,1386,0,0,0,180,32,32,64
11:07 PM,1387,0,0,0,180,32,32,64
11:08 PM,1388,0,0,0,180,32,32,64
11:09 PM,1389,0,0,0,180,32,32,64
11:10 PM,1390,0,0,0,180,32,32,64
11:11 PM,1391,0,0,0,180,32,32,64
11:12 PM,1392,0,0,0,180,32,32,64
11:13 PM,1393,0,0,0,180,32,32,64
11:14 PM,1394,0,0,0,180,32,32,64
11:15 PM,1395,0,0,0,180,32,32,64
11:16 PM,1396,0,0,0,180,32,32,64
11:17 PM,1397,0,0,0,180,32,32,64
11:18 PM,1398,0,0,0,180,32,32,64
11:19 PM,1399,0,0,0,180,32,32,64
11:20 PM,1400,0,0,0,180,32,32,64
11:21 PM,1401,0,0,0,180,32,32,64
11:22 PM,1402,0,0,0,180,32,32,64
11:23 PM,1403,0,0,0,180,32,32,64
11:24 PM,1404,0,0,0,180,32,32,64
11:25 PM,1405,0,0,0,180,32,32,64
11:26 PM,1406,0,0,0,180,32,32,64
11:27 PM,1407,0,0,0,180,32,32,64
11:28 PM,1408,0,0,0,180,32,32,64
11:29 PM,1409,0,0,0,180,32,32,64
11:30 PM,1410,0,0,0,180,32,32,64
11:31 PM,1411,0,0,0,180,32,32,64
11:32 PM,1412,0,0,0,180,32,32,64
11:33 PM,1413,0,0,0,180,32,32,64
11:34 PM,1414,0,0,0,180,32,32,64
11:35 PM,1415,0,0,0,180,32,32,64
11:36 PM,1416,0,0,0,180,32,32,64
11:37 PM,1417,0,0,0,180,32,32,64
11:38 PM,1418,0,0,0,180,32,32,64
11:39 PM,1419,0,0,0,180,32,32,64
11:40 PM,1420,0,0,0,180,32,32,64
11:41 PM,1421,0,0,0,180,32,32,64
11:42 PM,1422,0,0,0,180,32,32,64
11:43 PM,1423,0,0,0,180,32,32,64
11:44 PM,1424,0,0,0,180,32,32,64
11:45 PM,1425,0,0,0,180,32,32,64
11:46 PM,1426,0,0,0,180,32,32,64
11:47 PM,1427,0,0,0,180,32,32,64
11:48 PM,1428,0,0,0,180,32,32,64
11:49 PM,1429,0,0,0,180,32,32,64
11:50 PM,1430,0,0,0,180,32,32,64
11:51 PM,1431,0,0,0,180,32,32,64
11:52 PM,1432,0,0,0,180,32,32,64
11:53 PM,1433,0,0,0,180,32,32,64
11:54 PM,1434,0,0,0,180,32,32,64
11:55 PM,1435,0,0,0,180,32,32,64
11:56 PM,1436,0,0,0,180,32,32,64
11:57 PM,1437,0,0,0,180,32,32,64
11:58 PM,1438,0,0,0,180,32,32,64
11:59 PM,1439,0,0,0,180,32,32,64
