Minute,Temperature,SnowAmount
0.0,-4.0,1.0
1.0006949270326615,-4.021912349874783,1.0
2.001389854065323,-4.043815961688526,1.0
3.0020847810979845,-4.065702097380189,1.0
4.002779708130646,-4.087562018888736,1.0
5.0034746351633075,-4.109386988153126,1.0
6.004169562195969,-4.1311682671123195,1.0
7.0048644892286305,-4.152897117705276,1.0
8.005559416261292,-4.174564801870959,1.0
9.006254343293953,-4.196162581548327,1.0
10.006949270326615,-4.217681718676342,1.0
11.007644197359276,-4.239113475193963,1.0
12.008339124391938,-4.260449113040153,1.0
13.0090340514246,-4.281679894153871,1.0
14.009728978457261,-4.302797080474079,1.0
15.010423905489922,-4.323791933939737,1.0
16.011118832522584,-4.344655716489805,1.0
17.011813759555245,-4.365379690063245,1.0
18.012508686587907,-4.385955116599017,1.0
19.01320361362057,-4.406373258036083,1.0
20.01389854065323,-4.4266253763134005,1.0
21.01459346768589,-4.446702733369933,1.0
22.015288394718553,-4.466596591144642,1.0
23.015983321751214,-4.486298211576485,1.0
24.016678248783876,-4.505798856604425,1.0
25.017373175816537,-4.525089788167422,1.0
26.0180681028492,-4.544162268204438,1.0
27.01876302988186,-4.563007558654432,1.0
28.019457956914522,-4.581616921456366,1.0
29.020152883947183,-4.599981618549199,1.0
30.020847810979845,-4.618092911871893,1.0
31.021542738012506,-4.635942063363409,1.0
32.02223766504517,-4.653520334962707,1.0
33.02293259207783,-4.6708189886087474,1.0
34.02362751911049,-4.687829286240492,1.0
35.02432244614315,-4.704542489796902,1.0
36.025017373175814,-4.720949861216936,1.0
37.025712300208475,-4.7370426624395545,1.0
38.02640722724114,-4.7528121554037215,1.0
39.0271021542738,-4.768249602048395,1.0
40.02779708130646,-4.783346264312537,1.0
41.02849200833912,-4.798093404135107,1.0
42.02918693537178,-4.812482283455067,1.0
43.029881862404444,-4.826504164211377,1.0
44.030576789437106,-4.840150308342998,1.0
45.03127171646977,-4.85341197778889,1.0
46.03196664350243,-4.866280434488013,1.0
47.03266157053509,-4.878746940379331,1.0
48.03335649756775,-4.8908027574018025,1.0
49.03405142460041,-4.9024391474943885,1.0
50.034746351633075,-4.913647372596048,1.0
51.035441278665736,-4.9244186946457456,1.0
52.0361362056984,-4.934744375582438,1.0
53.03683113273106,-4.944615677345089,1.0
54.03752605976372,-4.954023861872658,1.0
55.03822098679638,-4.962960191104104,1.0
56.038915913829044,-4.971415926978391,1.0
57.039610840861705,-4.979382331434478,1.0
58.04030576789437,-4.986850666411325,1.0
59.04100069492703,-4.993812193847894,1.0
60.04169562195969,-5.000258175979643,1.0
61.04239054899235,-5.006184506619867,1.0
62.04308547602501,-5.011603432867547,1.0
63.043780403057674,-5.016530809299264,1.0
64.04447533009034,-5.020982490491598,1.0
65.045170257123,-5.024974331021126,1.0
66.04586518415566,-5.028522185464428,1.0
67.04656011118831,-5.031641908398089,1.0
68.04725503822098,-5.034349354398682,1.0
69.04794996525365,-5.036660378042789,1.0
70.0486448922863,-5.038590833906991,1.0
71.04933981931896,-5.040156576567865,1.0
72.05003474635163,-5.041373460601992,1.0
73.0507296733843,-5.042257340585953,1.0
74.05142460041695,-5.042824071096327,1.0
75.0521195274496,-5.043089506709691,1.0
76.05281445448227,-5.043069502002627,1.0
77.05350938151494,-5.0427799115517145,1.0
78.0542043085476,-5.042236589933533,1.0
79.05489923558025,-5.041455391724662,1.0
80.05559416261292,-5.040452171501681,1.0
81.05628908964559,-5.039242783841169,1.0
82.05698401667824,-5.037843083319707,1.0
83.0576789437109,-5.036268924513873,1.0
84.05837387074357,-5.034536162000249,1.0
85.05906879777623,-5.032660650355412,1.0
86.05976372480889,-5.030658244155944,1.0
87.06045865184154,-5.028544797978423,1.0
88.06115357887421,-5.026336166399429,1.0
89.06184850590688,-5.024048203995542,1.0
90.06254343293953,-5.021696765343341,1.0
91.06323835997219,-5.019297705019406,1.0
92.06393328700486,-5.016866877600316,1.0
93.06462821403753,-5.014420137662653,1.0
94.06532314107018,-5.011973339782993,1.0
95.06601806810284,-5.009542338537918,1.0
96.0667129951355,-5.007142988504008,1.0
97.06740792216817,-5.004791144257842,1.0
98.06810284920083,-5.002502660375998,1.0
99.06879777623348,-5.000293391435058,1.0
100.06949270326615,-4.9981791920116,1.0
101.07018763029882,-4.996175916682205,1.0
102.07088255733147,-4.994299420023451,1.0
103.07157748436413,-4.992565556611918,1.0
104.0722724113968,-4.990990181024189,1.0
105.07296733842946,-4.989589147836838,1.0
106.07366226546212,-4.988378311626448,1.0
107.07435719249477,-4.9873735269695985,1.0
108.07505211952744,-4.986590648442869,1.0
109.07574704656011,-4.986045530622837,1.0
110.07644197359276,-4.985754028086086,1.0
111.07713690062542,-4.985731995409193,1.0
112.07783182765809,-4.985995287168738,1.0
113.07852675469076,-4.9865597579413,1.0
114.07922168172341,-4.98744126230346,1.0
115.07991660875606,-4.988655654831797,1.0
116.08061153578873,-4.990218790102891,1.0
117.0813064628214,-4.9921465226933215,1.0
118.08200138985406,-4.994454707179668,1.0
119.08269631688671,-4.99715919813851,1.0
120.08339124391938,-5.000275848712845,1.0
121.08408617095205,-5.003817368203215,1.0
122.0847810979847,-5.007786655917476,1.0
123.08547602501736,-5.0121847030675815,1.0
124.08617095205003,-5.0170125008654844,1.0
125.0868658790827,-5.022271040523142,1.0
126.08756080611535,-5.027961313252509,1.0
127.088255733148,-5.034084310265535,1.0
128.08895066018067,-5.040641022774179,1.0
129.08964558721334,-5.047632441990394,1.0
130.090340514246,-5.055059559126134,1.0
131.09103544127865,-5.062923365393353,1.0
132.09173036831132,-5.071224852004006,1.0
133.092425295344,-5.079965010170047,1.0
134.09312022237663,-5.0891448311034315,1.0
135.0938151494093,-5.098765306016112,1.0
136.09451007644196,-5.108827426120044,1.0
137.09520500347463,-5.119332182627182,1.0
138.0958999305073,-5.130280566749479,1.0
139.09659485753994,-5.1416735696988916,1.0
140.0972897845726,-5.153512182687371,1.0
141.09798471160528,-5.165797396926874,1.0
142.09867963863792,-5.178530203629355,1.0
143.0993745656706,-5.191711594006767,1.0
144.10006949270326,-5.205342559271066,1.0
145.10076441973592,-5.219424090634204,1.0
146.1014593467686,-5.2339571793081365,1.0
147.10215427380123,-5.248942816504819,1.0
148.1028492008339,-5.264381993436204,1.0
149.10354412786657,-5.280275701314247,1.0
150.1042390548992,-5.296624931350903,1.0
151.10493398193188,-5.3134306747581235,1.0
152.10562890896455,-5.330693922747867,1.0
153.10632383599722,-5.348415666532083,1.0
154.10701876302988,-5.36659689732273,1.0
155.10771369006252,-5.385238606331761,1.0
156.1084086170952,-5.4043417847711295,1.0
157.10910354412786,-5.423907423852791,1.0
158.1097984711605,-5.443936514788698,1.0
159.11049339819317,-5.464430048790807,1.0
160.11118832522584,-5.485389017071072,1.0
161.1118832522585,-5.506814410841446,1.0
162.11257817929118,-5.528707221313884,1.0
163.11327310632382,-5.551068439700341,1.0
164.11396803335649,-5.573899057212771,1.0
165.11466296038915,-5.597200065063129,1.0
166.1153578874218,-5.620972454463366,1.0
167.11605281445446,-5.64521721662544,1.0
168.11674774148713,-5.669935342761306,1.0
169.1174426685198,-5.695127824082914,1.0
170.11813759555247,-5.720795651802223,1.0
171.1188325225851,-5.746939817131184,1.0
172.11952744961778,-5.773561311281753,1.0
173.12022237665045,-5.800661125465884,1.0
174.1209173036831,-5.828240250895531,1.0
175.12161223071575,-5.856299678782648,1.0
176.12230715774842,-5.884840400339192,1.0
177.1230020847811,-5.913863406777114,1.0
178.12369701181376,-5.943369689308371,1.0
179.1243919388464,-5.973360239144913,1.0
180.12508686587907,-6.003836040724404,1.0
181.12578179291174,-6.034793167120126,1.0
182.12647671994438,-6.066214122491104,1.0
183.12717164697705,-6.098079087412941,1.0
184.12786657400972,-6.13036824246124,1.0
185.12856150104238,-6.1630617682116045,1.0
186.12925642807505,-6.196139845239636,1.0
187.1299513551077,-6.229582654120937,1.0
188.13064628214036,-6.263370375431114,1.0
189.13134120917303,-6.297483189745766,1.0
190.13203613620567,-6.3319012776404975,1.0
191.13273106323834,-6.366604819690913,1.0
192.133425990271,-6.401573996472615,1.0
193.13412091730368,-6.436788988561204,1.0
194.13481584433634,-6.472229976532285,1.0
195.13551077136898,-6.507877140961462,1.0
196.13620569840165,-6.543710662424335,1.0
197.13690062543432,-6.579710721496509,1.0
198.13759555246696,-6.615857498753587,1.0
199.13829047949963,-6.652131174771172,1.0
200.1389854065323,-6.688511930124866,1.0
201.13968033356497,-6.724979945390273,1.0
202.14037526059764,-6.761515401142997,1.0
203.14107018763028,-6.7980984779586375,1.0
204.14176511466295,-6.834709356412802,1.0
205.1424600416956,-6.871328217081089,1.0
206.14315496872825,-6.907935240539105,1.0
207.14384989576092,-6.944510607362451,1.0
208.1445448227936,-6.981034498126731,1.0
209.14523974982626,-7.0174870934075475,1.0
210.14593467685893,-7.053848573780505,1.0
211.14662960389157,-7.090099119821203,1.0
212.14732453092424,-7.126218912105247,1.0
213.1480194579569,-7.162188131208241,1.0
214.14871438498955,-7.197986957705785,1.0
215.14940931202221,-7.233595572173485,1.0
216.15010423905488,-7.268994155186942,1.0
217.15079916608755,-7.30416288732176,1.0
218.15149409312022,-7.339081949153542,1.0
219.15218902015286,-7.3737315212578896,1.0
220.15288394718553,-7.408091784210407,1.0
221.1535788742182,-7.442142918586697,1.0
222.15427380125084,-7.475865104962362,1.0
223.1549687282835,-7.509238523913007,1.0
224.15566365531618,-7.542243356014232,1.0
225.15635858234884,-7.574859781841644,1.0
226.1570535093815,-7.607067981970842,1.0
227.15774843641415,-7.63884813697743,1.0
228.15844336344682,-7.670180427437011,1.0
229.1591382904795,-7.701045033925192,1.0
230.15983321751213,-7.731422137017569,1.0
231.1605281445448,-7.761291917289752,1.0
232.16122307157747,-7.790634555317338,1.0
233.16191799861014,-7.819430231675932,1.0
234.1626129256428,-7.847659126941139,1.0
235.16330785267544,-7.875301421688561,1.0
236.1640027797081,-7.9023372964937995,1.0
237.16469770674078,-7.928746931932459,1.0
238.16539263377342,-7.954510508580141,1.0
239.1660875608061,-7.9796082070124505,1.0
240.16678248783876,-8.004020240547622,1.0
241.16747741487143,-8.027737922256595,1.0
242.1681723419041,-8.050779774338595,1.0
243.16886726893674,-8.073168411822031,1.0
244.1695621959694,-8.094926449735299,1.0
245.17025712300207,-8.116076503106799,1.0
246.1709520500347,-8.13664118696493,1.0
247.17164697706738,-8.156643116338095,1.0
248.17234190410005,-8.176104906254693,1.0
249.17303683113272,-8.195049171743124,1.0
250.1737317581654,-8.213498527831787,1.0
251.17442668519803,-8.231475589549083,1.0
252.1751216122307,-8.249002971923414,1.0
253.17581653926337,-8.266103289983176,1.0
254.176511466296,-8.282799158756772,1.0
255.17720639332867,-8.2991131932726,1.0
256.17790132036134,-8.315068008559065,1.0
257.178596247394,-8.330686219644562,1.0
258.1792911744267,-8.345990441557493,1.0
259.17998610145935,-8.361003289326257,1.0
260.180681028492,-8.375747377979254,1.0
261.18137595552463,-8.390245322544887,1.0
262.1820708825573,-8.404519738051553,1.0
263.18276580958997,-8.418593239527654,1.0
264.18346073662264,-8.432488442001588,1.0
265.1841556636553,-8.446227960501759,1.0
266.184850590688,-8.459834410056564,1.0
267.18554551772064,-8.473330405694401,1.0
268.18624044475325,-8.486738562443675,1.0
269.1869353717859,-8.500081495332783,1.0
270.1876302988186,-8.513381819390125,1.0
271.18832522585126,-8.526662149644105,1.0
272.1890201528839,-8.539945101123116,1.0
273.1897150799166,-8.553253288855567,1.0
274.19041000694926,-8.56660932786985,1.0
275.19110493398193,-8.580035833194367,1.0
276.1917998610146,-8.593555419857523,1.0
277.1924947880472,-8.607190702887715,1.0
278.1931897150799,-8.620964297313341,1.0
279.19388464211255,-8.634898818162801,1.0
280.1945795691452,-8.6490168804645,1.0
281.1952744961779,-8.663341099246834,1.0
282.19596942321056,-8.677894089538205,1.0
283.1966643502432,-8.69269846636701,1.0
284.19735927727584,-8.707776844761653,1.0
285.1980542043085,-8.72315183975053,1.0
286.1987491313412,-8.738846066362049,1.0
287.19944405837384,-8.7548821396246,1.0
288.2001389854065,-8.77128267456659,1.0
289.2008339124392,-8.788070286216415,1.0
290.20152883947185,-8.805267589602478,1.0
291.2022237665045,-8.822897199753179,1.0
292.2029186935372,-8.840981731696916,1.0
293.2036136205698,-8.85954380046209,1.0
294.20430854760247,-8.8786060210771,1.0
295.20500347463513,-8.89819100857035,1.0
296.2056984016678,-8.918321377970235,1.0
297.20639332870047,-8.93901974430516,1.0
298.20708825573314,-8.960308722603521,1.0
299.2077831827658,-8.982210927893721,1.0
300.2084781097984,-9.00474887661356,1.0
301.2091730368311,-9.02792624335433,1.0
302.20986796386376,-9.051705633018779,1.0
303.2105628908964,-9.07604424064632,1.0
304.2112578179291,-9.100899261276368,1.0
305.21195274496176,-9.126227889948334,1.0
306.21264767199443,-9.151987321701633,1.0
307.2133425990271,-9.17813475157568,1.0
308.21403752605977,-9.204627374609885,1.0
309.2147324530924,-9.231422385843663,1.0
310.21542738012505,-9.258476980316427,1.0
311.2161223071577,-9.28574835306759,1.0
312.2168172341904,-9.31319369913657,1.0
313.21751216122306,-9.340770213562772,1.0
314.2182070882557,-9.368435091385615,1.0
315.2189020152884,-9.396145527644514,1.0
316.219596942321,-9.423858717378875,1.0
317.2202918693537,-9.451531855628119,1.0
318.22098679638634,-9.479122137431656,1.0
319.221681723419,-9.5065867578289,1.0
320.2223766504517,-9.533882911859266,1.0
321.22307157748435,-9.560967794562163,1.0
322.223766504517,-9.587798600977008,1.0
323.2244614315497,-9.614332526143214,1.0
324.22515635858235,-9.640526765100192,1.0
325.22585128561497,-9.666338512887357,1.0
326.22654621264763,-9.691724964544125,1.0
327.2272411396803,-9.716643315109904,1.0
328.22793606671297,-9.741050759624114,1.0
329.22863099374564,-9.764904493126162,1.0
330.2293259207783,-9.788161710655466,1.0
331.230020847811,-9.810779607251437,1.0
332.2307157748436,-9.832715377953487,1.0
333.23141070187626,-9.853926217801032,1.0
334.2321056289089,-9.874369321833486,1.0
335.2328005559416,-9.894001885090262,1.0
336.23349548297426,-9.912781102610772,1.0
337.23419041000693,-9.93066416943443,1.0
338.2348853370396,-9.947608280600647,1.0
339.23558026407227,-9.96357063114884,1.0
340.23627519110494,-9.978508416118421,1.0
341.23697011813755,-9.992378830548802,1.0
342.2376650451702,-10.0051390694794,1.0
343.2383599722029,-10.016746327949628,1.0
344.23905489923555,-10.027157800998895,1.0
345.2397498262682,-10.036330683666618,1.0
346.2404447533009,-10.044222170992207,1.0
347.24113968033356,-10.05078945801508,1.0
348.2418346073662,-10.055989739774647,1.0
349.24252953439884,-10.059780211310324,1.0
350.2432244614315,-10.062118067661523,1.0
351.2439193884642,-10.062960503867656,1.0
352.24461431549685,-10.062264714968137,1.0
353.2453092425295,-10.059987896002383,1.0
354.2460041695622,-10.056087242009804,1.0
355.24669909659485,-10.050519948029814,1.0
356.2473940236275,-10.043243209101824,1.0
357.24808895066013,-10.034214220265252,1.0
358.2487838776928,-10.02339017655951,1.0
359.24947880472547,-10.010728273024009,1.0
360.25017373175814,-9.99618591320561,1.0
361.2508686587908,-9.979745730052398,1.0
362.2515635858235,-9.961439355762748,1.0
363.25225851285614,-9.941304052236143,1.0
364.25295343988876,-9.919377081372065,1.0
365.2536483669214,-9.895695705069988,1.0
366.2543432939541,-9.87029718522939,1.0
367.25503822098676,-9.843218783749753,1.0
368.25573314801943,-9.814497762530559,1.0
369.2564280750521,-9.78417138347128,1.0
370.25712300208477,-9.752276908471401,1.0
371.25781792911744,-9.718851599430403,1.0
372.2585128561501,-9.683932718247759,1.0
373.2592077831827,-9.647557526822952,1.0
374.2599027102154,-9.60976328705546,1.0
375.26059763724805,-9.57058726084476,1.0
376.2612925642807,-9.530066710090336,1.0
377.2619874913134,-9.488238896691664,1.0
378.26268241834606,-9.445141082548226,1.0
379.26337734537873,-9.400810529559495,1.0
380.26407227241134,-9.355284499624961,1.0
381.264767199444,-9.308600254644091,1.0
382.2654621264767,-9.26079505651637,1.0
383.26615705350935,-9.211906167141278,1.0
384.266851980542,-9.16197084841829,1.0
385.2675469075747,-9.111026362246891,1.0
386.26824183460735,-9.059109970526556,1.0
387.26893676164,-9.006258935156765,1.0
388.2696316886727,-8.952510518037,1.0
389.2703266157053,-8.897901981066742,1.0
390.27102154273797,-8.842470586145462,1.0
391.27171646977064,-8.786253595172642,1.0
392.2724113968033,-8.729288270047762,1.0
393.273106323836,-8.671611872670304,1.0
394.27380125086864,-8.613261664939744,1.0
395.2744961779013,-8.554274908755563,1.0
396.2751911049339,-8.49468886601724,1.0
397.2758860319666,-8.434540798624253,1.0
398.27658095899926,-8.37386796847608,1.0
399.27727588603193,-8.312707637472203,1.0
400.2779708130646,-8.251097067512099,1.0
401.27866574009727,-8.189073520495246,1.0
402.27936066712994,-8.126674258321128,1.0
403.2800555941626,-8.063936542889222,1.0
404.2807505211953,-8.000897636099005,1.0
405.2814454482279,-7.937594799849964,1.0
406.28214037526055,-7.874065296041566,1.0
407.2828353022932,-7.810346386573299,1.0
408.2835302293259,-7.746475333344638,1.0
409.28422515635856,-7.682489398255063,1.0
410.2849200833912,-7.618425843204057,1.0
411.2856150104239,-7.554321930091094,1.0
412.2863099374565,-7.490214920815657,1.0
413.2870048644892,-7.4261420772772215,1.0
414.28769979152185,-7.362140661375269,1.0
415.2883947185545,-7.29824793500928,1.0
416.2890896455872,-7.234501160078731,1.0
417.28978457261985,-7.1709375984831,1.0
418.2904794996525,-7.107594512121869,1.0
419.2911744266852,-7.044509162894518,1.0
420.29186935371786,-6.981718679701918,1.0
421.29256428075047,-6.91924917194811,1.0
422.29325920778314,-6.857107644931089,1.0
423.2939541348158,-6.795299198927997,1.0
424.2946490618485,-6.733828934215969,1.0
425.29534398888114,-6.672701951072143,1.0
426.2960389159138,-6.611923349773656,1.0
427.2967338429465,-6.5514982305976455,1.0
428.2974287699791,-6.49143169382125,1.0
429.29812369701176,-6.431728839721601,1.0
430.29881862404443,-6.372394768575841,1.0
431.2995135510771,-6.313434580661102,1.0
432.30020847810977,-6.254853376254527,1.0
433.30090340514244,-6.196656255633248,1.0
434.3015983321751,-6.138848319074404,1.0
435.3022932592078,-6.081434666855132,1.0
436.30298818624044,-6.024420399252569,1.0
437.30368311327305,-5.967810616543855,1.0
438.3043780403057,-5.911610419006122,1.0
439.3050729673384,-5.855824906916507,1.0
440.30576789437106,-5.80045918055215,1.0
441.3064628214037,-5.745518340190186,1.0
442.3071577484364,-5.691007486107755,1.0
443.30785267546906,-5.63693171858199,1.0
444.3085476025017,-5.583296137890033,1.0
445.30924252953434,-5.530105844309017,1.0
446.309937456567,-5.477365938116078,1.0
447.3106323835997,-5.425081519588356,1.0
448.31132731063235,-5.373257689002986,1.0
449.312022237665,-5.321899546637107,1.0
450.3127171646977,-5.271012192767856,1.0
451.31341209173036,-5.220600727672368,1.0
452.314107018763,-5.170670251627781,1.0
453.31480194579564,-5.121225864911234,1.0
454.3154968728283,-5.07227266779986,1.0
455.316191799861,-5.023815760570798,1.0
456.31688672689364,-4.975860243501186,1.0
457.3175816539263,-4.92841121686816,1.0
458.318276580959,-4.881473780948856,1.0
459.31897150799165,-4.835053036020412,1.0
460.31966643502426,-4.789154082359968,1.0
461.32036136205693,-4.743782020244656,1.0
462.3210562890896,-4.698941949951616,1.0
463.32175121612227,-4.654638971757983,1.0
464.32244614315493,-4.610878185940894,1.0
465.3231410701876,-4.567664692777488,1.0
466.32383599722027,-4.525003592544901,1.0
467.32453092425294,-4.4828999855202705,1.0
468.3252258512856,-4.441358971980733,1.0
469.3259207783182,-4.400385652203429,1.0
470.3266157053509,-4.359985126465489,1.0
471.32731063238356,-4.320162495044053,1.0
472.3280055594162,-4.280922858216259,1.0
473.3287004864489,-4.2422713162592425,1.0
474.32939541348156,-4.204212969450142,1.0
475.33009034051423,-4.166752918066092,1.0
476.33078526754684,-4.129896262384234,1.0
477.3314801945795,-4.0936481026817,1.0
478.3321751216122,-4.05801353923563,1.0
479.33287004864485,-4.02299767232316,1.0
480.3335649756775,-3.988605386619226,1.0
481.3342599027102,-3.954828630666711,1.0
482.33495482974286,-3.9216393020038094,1.0
483.3356497567755,-3.8890075733511122,1.0
484.3363446838082,-3.856903617429209,1.0
485.3370396108408,-3.8252976069586913,1.0
486.3377345378735,-3.7941597146601445,1.0
487.33842946490614,-3.7634601132541596,1.0
488.3391243919388,-3.7331689754613278,1.0
489.3398193189715,-3.703256474002237,1.0
490.34051424600415,-3.673692781597478,1.0
491.3412091730368,-3.6444480709676395,1.0
492.3419041000694,-3.6154925148333126,1.0
493.3425990271021,-3.5867962859150846,1.0
494.34329395413477,-3.558329556933546,1.0
495.34398888116743,-3.530062500609287,1.0
496.3446838082001,-3.501965289662896,1.0
497.34537873523277,-3.4740080968149636,1.0
498.34607366226544,-3.446161094786079,1.0
499.3467685892981,-3.418394456296831,1.0
500.3474635163308,-3.390678354067811,1.0
501.3481584433634,-3.3629829608196093,1.0
502.34885337039606,-3.335278449272811,1.0
503.3495482974287,-3.3075349921480095,1.0
504.3502432244614,-3.2797227621657927,1.0
505.35093815149406,-3.2518119320467505,1.0
506.35163307852673,-3.223772674511473,1.0
507.3523280055594,-3.1955751622805493,1.0
508.353022932592,-3.167189568074571,1.0
509.3537178596247,-3.138586064614125,1.0
510.35441278665735,-3.1097348246198004,1.0
511.35510771369,-3.0806060208121884,1.0
512.3558026407227,-3.0511698259118782,1.0
513.3564975677554,-3.0213964126394592,1.0
514.357192494788,-2.991255953715522,1.0
515.3578874218207,-2.960718621860655,1.0
516.3585823488534,-2.929754589795448,1.0
517.359277275886,-2.8983340302404903,1.0
518.3599722029187,-2.866427115916373,1.0
519.3606671299514,-2.8340040195436833,1.0
520.361362056984,-2.8010349138430124,1.0
521.3620569840166,-2.7674899715349532,1.0
522.3627519110493,-2.7333393653400884,1.0
523.3634468380819,-2.69855326797901,1.0
524.3641417651146,-2.6631018521723084,1.0
525.3648366921473,-2.6269552906405735,1.0
526.3655316191799,-2.5900837561043937,1.0
527.3662265462126,-2.5524574212843603,1.0
528.3669214732453,-2.5140464589010607,1.0
529.3676164002779,-2.474821041675087,1.0
530.3683113273106,-2.4347513423270266,1.0
531.3690062543433,-2.39380753357747,1.0
532.369701181376,-2.3519597881470062,1.0
533.3703961084086,-2.3091782787562263,1.0
534.3710910354413,-2.265433178125718,1.0
535.371785962474,-2.220694658976072,1.0
536.3724808895065,-2.174932894027883,1.0
537.3731758165392,-2.12811805600173,1.0
538.3738707435718,-2.080220317618207,1.0
539.3745656706045,-2.0312098515979047,1.0
540.3752605976372,-1.9810573626539967,1.0
541.3759555246698,-1.9297576527933944,1.0
542.3766504517025,-1.8773389607421207,1.0
543.3773453787352,-1.8238319881548293,1.0
544.3780403057679,-1.7692674366861743,1.0
545.3787352328005,-1.7136760079908104,1.0
546.3794301598332,-1.6570884037233924,1.0
547.3801250868659,-1.5995353255385734,1.0
548.3808200138985,-1.541047475091009,1.0
549.3815149409312,-1.481655554035353,1.0
550.3822098679639,-1.4213902640262597,1.0
551.3829047949965,-1.3602823067183838,1.0
552.3835997220292,-1.2983623837663794,1.0
553.3842946490618,-1.2356611968249078,1.0
554.3849895760944,-1.1722094475486093,1.0
555.3856845031271,-1.1080378375921454,1.0
556.3863794301598,-1.0431770686101702,1.0
557.3870743571924,-0.9776578422573383,1.0
558.3877692842251,-0.9115108601883041,1.0
559.3884642112578,-0.8447668240577217,1.0
560.3891591382904,-0.7774564355202455,1.0
561.3898540653231,-0.70961039623053,1.0
562.3905489923558,-0.6412594078432294,1.0
563.3912439193884,-0.572434172012998,1.0
564.3919388464211,-0.5031653903944904,1.0
565.3926337734538,-0.4334837646423605,1.0
566.3933287004864,-0.3634199964112631,1.0
567.3940236275191,-0.29300478735585245,1.0
568.3947185545517,-0.22226883913079065,1.0
569.3954134815843,-0.15124285339071641,1.0
570.396108408617,-0.07995753179029158,1.0
571.3968033356497,-0.008443575984170976,1.0
572.3974982626823,0.06326831237299108,0.9873463375254018
573.398193189715,0.1351474316265408,0.9729705136746918
574.3988881167477,0.2071630801218232,0.9585673839756353
575.3995830437804,0.2792845562041841,0.9441430887591632
576.400277970813,0.35148115821896947,0.9297037683562062
577.4009728978457,0.4237221845115246,0.9152555630976951
578.4016678248784,0.49597693342719557,0.9008046133145609
579.402362751911,0.5682147033113274,0.8863570593377346
580.4030576789437,0.6404047925092662,0.8719190414981468
581.4037526059764,0.7125164993663573,0.8574967001267285
582.404447533009,0.7845191222279468,0.8430961755544106
583.4051424600417,0.8563819594393801,0.828723608112124
584.4058373870744,0.9280743093460027,0.8143851381307995
585.4065323141069,0.9995654702931526,0.8000869059413696
586.4072272411396,1.0708247406261915,0.7858350518747617
587.4079221681723,1.1418214186904567,0.7716357162619086
588.4086170952049,1.2125248028312936,0.7574950394337413
589.4093120222376,1.2829041913940489,0.7434191617211903
590.4100069492703,1.3529288827240675,0.7294142234551865
591.4107018763029,1.4225681751666943,0.7154863649666612
592.4113968033356,1.4917913670672769,0.7016417265865447
593.4120917303683,1.5605677567711598,0.6878864486457681
594.4127866574009,1.628866642623688,0.6742266714752624
595.4134815844336,1.6966573229702084,0.6606685354059583
596.4141765114663,1.7639090961560666,0.6472181807687867
597.414871438499,1.8305912605266068,0.6338817478946787
598.4155663655316,1.896673114427176,0.6206653771145648
599.4162612925643,1.9621239562031196,0.6075752087593761
600.4169562195968,2.0269135685483484,0.5946172862903303
601.4176511466295,2.0910288335988056,0.5817942332802388
602.4183460736622,2.154477894455355,0.569104421108929
603.4190410006948,2.2172702232713553,0.5565459553457289
604.4197359277275,2.279415292200162,0.5441169415599676
605.4204308547602,2.3409225733951318,0.5318154853209737
606.4211257817929,2.4018015390096212,0.5196396921980757
607.4218207088255,2.4620616611969877,0.5075876677606025
608.4225156358582,2.5217124121105865,0.4956575175778827
609.4232105628909,2.5807632639037745,0.48384734721924505
610.4239054899235,2.6392236887299094,0.47215526225401816
611.4246004169562,2.6971031587423466,0.4605793682515307
612.4252953439889,2.754411146094443,0.44911777078111137
613.4259902710215,2.811157122939556,0.4377685754120888
614.4266851980542,2.867350561431041,0.42652988771379186
615.4273801250869,2.923000933722255,0.415399813255549
616.4280750521195,2.9781177119665547,0.40437645760668905
617.4287699791521,3.0327103683172907,0.39345792633654186
618.4294649061848,3.0867883749278318,0.3826423250144336
619.4301598332174,3.140361203951528,0.37192775920969434
620.4308547602501,3.1934383275417373,0.36131233449165256
621.4315496872828,3.246029217851814,0.3507941564296372
622.4322446143154,3.2981433470351162,0.34037133059297675
623.4329395413481,3.3497901872450004,0.33004196255099993
624.4336344683808,3.4009792106348224,0.3198041578730355
625.4343293954134,3.4517198893579404,0.3096560221284119
626.4350243224461,3.5020216955677093,0.29959566088645817
627.4357192494788,3.5518941014174867,0.2896211797165027
628.4364141765114,3.6013465790606287,0.2797306841878743
629.4371091035441,3.650388600650492,0.2699222798699016
630.4378040305768,3.699029638340433,0.2601940723319134
631.4384989576095,3.747279164283808,0.25054416714323835
632.439193884642,3.79514665063397,0.24097066987320592
633.4398888116747,3.842641569544284,0.23147168609114321
634.4405837387073,3.8897733931681033,0.22204532136637933
635.44127866574,3.936551593658783,0.2126896812682434
636.4419735927727,3.9829856431696804,0.20340287136606394
637.4426685198054,4.029085013854151,0.19418299722916976
638.443363446838,4.0748591778655525,0.18502816442688952
639.4440583738707,4.120317607357243,0.17593647852855143
640.4447533009034,4.165469774482575,0.16690604510348506
641.445448227936,4.210325151394908,0.1579349697210184
642.4461431549687,4.254893210247599,0.14902135795048022
643.4468380820014,4.299183423194002,0.14016331536119964
644.447533009034,4.3432052623874755,0.13135894752250488
645.4482279360667,4.386968199981377,0.1226063600037246
646.4489228630994,4.4304817081290615,0.1139036583741877
647.449617790132,4.473755258983884,0.10524894820322328
648.4503127171647,4.516798324699206,0.09664033506015879
649.4510076441973,4.559620377428374,0.08807592451432522
650.4517025712299,4.602230889324757,0.07955382213504847
651.4523974982626,4.644639332541707,0.07107213349165864
652.4530924252953,4.6868551792325785,0.06262896415348429
653.4537873523279,4.728887901550732,0.05422241968985353
654.4544822793606,4.770746971649519,0.045850605670096245
655.4551772063933,4.8124418616823,0.03751162766353988
656.4558721334259,4.8539820438024295,0.029203591239514104
657.4565670604586,4.895376990163266,0.0209246019673468
658.4572619874913,4.936636172918163,0.012672765416367304
659.457956914524,4.977769064220481,0.004446187155903836
660.4586518415566,5.018784868895277,0.0
661.4593467685893,5.059685249735403,0.0
662.460041695622,5.100463461044496,0.0
663.4607366226546,5.1411123158637855,0.0
664.4614315496872,5.181624627234495,0.0
665.4621264767198,5.22199320819786,0.0
666.4628214037525,5.262210871795106,0.0
667.4635163307852,5.302270431067458,0.0
668.4642112578179,5.342164699056147,0.0
669.4649061848505,5.3818864888024,0.0
670.4656011118832,5.421428613347444,0.0
671.4662960389159,5.460783885732509,0.0
672.4669909659485,5.49994511899882,0.0
673.4676858929812,5.538905126187608,0.0
674.4683808200139,5.5776567203401,0.0
675.4690757470465,5.616192714497522,0.0
676.4697706740792,5.654505921701105,0.0
677.4704656011119,5.692589154992077,0.0
678.4711605281445,5.730435227411663,0.0
679.4718554551772,5.768036952001093,0.0
680.4725503822099,5.805387141801595,0.0
681.4732453092424,5.842478609854393,0.0
682.4739402362751,5.879304169200721,0.0
683.4746351633078,5.915856632881806,0.0
684.4753300903404,5.952128813938875,0.0
685.4760250173731,5.988113525413155,0.0
686.4767199444058,6.023803580345875,0.0
687.4774148714384,6.059191791778263,0.0
688.4781097984711,6.094270972751546,0.0
689.4788047255038,6.129033936306953,0.0
690.4794996525364,6.16347349548571,0.0
691.4801945795691,6.197582463329049,0.0
692.4808895066018,6.231353652878193,0.0
693.4815844336345,6.264779877174374,0.0
694.4822793606671,6.297853949258819,0.0
695.4829742876998,6.330568682172754,0.0
696.4836692147323,6.362916888957407,0.0
697.484364141765,6.394891382654009,0.0
698.4850590687977,6.426484976303788,0.0
699.4857539958304,6.457690482947969,0.0
700.486448922863,6.488500715627783,0.0
701.4871438498957,6.518908487384456,0.0
702.4878387769284,6.548906611259215,0.0
703.488533703961,6.578487900293292,0.0
704.4892286309937,6.607645167527911,0.0
705.4899235580264,6.636371226004302,0.0
706.490618485059,6.664658888763691,0.0
707.4913134120917,6.692500968847309,0.0
708.4920083391244,6.719890279296382,0.0
709.492703266157,6.746819633152137,0.0
710.4933981931897,6.7732818434558055,0.0
711.4940931202224,6.799269723248613,0.0
712.494788047255,6.824776085571786,0.0
713.4954829742876,6.849793743466552,0.0
714.4961779013203,6.874315509974146,0.0
715.4968728283529,6.89833419813579,0.0
716.4975677553856,6.921842620992713,0.0
717.4982626824183,6.944833591586144,0.0
718.4989576094509,6.96729992295731,0.0
719.4996525364836,6.98923442814744,0.0
720.5003474635163,7.01063047150277,0.0
721.501042390549,7.031494097384782,0.0
722.5017373175816,7.051844030170197,0.0
723.5024322446143,7.071699545540746,0.0
724.503127171647,7.09107991917816,0.0
725.5038220986796,7.110004426764171,0.0
726.5045170257123,7.1284923439805095,0.0
727.505211952745,7.146562946508909,0.0
728.5059068797775,7.164235510031096,0.0
729.5066018068102,7.18152931022881,0.0
730.5072967338428,7.198463622783776,0.0
731.5079916608755,7.215057723377728,0.0
732.5086865879082,7.231330887692397,0.0
733.5093815149409,7.247302391409515,0.0
734.5100764419735,7.262991510210813,0.0
735.5107713690062,7.278417519778021,0.0
736.5114662960389,7.293599695792872,0.0
737.5121612230715,7.308557313937098,0.0
738.5128561501042,7.32330964989243,0.0
739.5135510771369,7.337875979340599,0.0
740.5142460041695,7.352275577963336,0.0
741.5149409312022,7.366527721442373,0.0
742.5156358582349,7.380651685459443,0.0
743.5163307852675,7.3946667456962745,0.0
744.5170257123002,7.408592177834601,0.0
745.5177206393328,7.4224472575561515,0.0
746.5184155663654,7.436251260542661,0.0
747.5191104933981,7.45002346247586,0.0
748.5198054204308,7.463783139037479,0.0
749.5205003474634,7.477549565909249,0.0
750.5211952744961,7.491342018772904,0.0
751.5218902015288,7.5051797733101715,0.0
752.5225851285614,7.519082105202785,0.0
753.5232800555941,7.533068290132478,0.0
754.5239749826268,7.547157603780979,0.0
755.5246699096595,7.561369321830021,0.0
756.5253648366921,7.575722719961334,0.0
757.5260597637248,7.59023707385665,0.0
758.5267546907575,7.604931659197702,0.0
759.5274496177901,7.61982575166622,0.0
760.5281445448227,7.634938626943934,0.0
761.5288394718553,7.6502895607125785,0.0
762.529534398888,7.6658978286538835,0.0
763.5302293259207,7.6817827064495825,0.0
764.5309242529534,7.697963469781403,0.0
765.531619179986,7.7144593943310795,0.0
766.5323141070187,7.731289755780342,0.0
767.5330090340514,7.748473829810922,0.0
768.533703961084,7.766030892104553,0.0
769.5343988881167,7.783980218342962,0.0
770.5350938151494,7.802341084207885,0.0
771.535788742182,7.821132765381053,0.0
772.5364836692147,7.840374537544196,0.0
773.5371785962474,7.860085676379043,0.0
774.53787352328,7.880285457567331,0.0
775.5385684503127,7.900993156790787,0.0
776.5392633773454,7.922228049731144,0.0
777.5399583043779,7.944009412070133,0.0
778.5406532314106,7.966356519489485,0.0
779.5413481584433,7.989288647670935,0.0
780.5420430854759,8.012824184427,0.0
781.5427380125086,8.03696459875157,0.0
782.5434329395413,8.061696184228094,0.0
783.544127866574,8.087004696545652,0.0
784.5448227936066,8.112875891393317,0.0
785.5455177206393,8.139295524460174,0.0
786.546212647672,8.166249351435301,0.0
787.5469075747046,8.193723128007779,0.0
788.5476025017373,8.22170260986669,0.0
789.54829742877,8.25017355270111,0.0
790.5489923558026,8.279121712200117,0.0
791.5496872828353,8.308532844052795,0.0
792.5503822098678,8.338392703948221,0.0
793.5510771369005,8.368687047575477,0.0
794.5517720639332,8.399401630623643,0.0
795.5524669909659,8.430522208781799,0.0
796.5531619179985,8.462034537739022,0.0
797.5538568450312,8.493924373184393,0.0
798.5545517720639,8.52617747080699,0.0
799.5552466990965,8.558779586295898,0.0
800.5559416261292,8.591716475340192,0.0
801.5566365531619,8.624973893628955,0.0
802.5573314801945,8.658537596851263,0.0
803.5580264072272,8.692393340696198,0.0
804.5587213342599,8.72652688085284,0.0
805.5594162612925,8.760923973010266,0.0
806.5601111883252,8.795570372857561,0.0
807.5608061153579,8.830451836083801,0.0
808.5615010423905,8.865554118378066,0.0
809.5621959694231,8.900862975429433,0.0
810.5628908964558,8.936364162926989,0.0
811.5635858234884,8.97204343655981,0.0
812.5642807505211,9.007886552016974,0.0
813.5649756775538,9.043879264987563,0.0
814.5656706045864,9.080007331160656,0.0
815.5663655316191,9.116256506225335,0.0
816.5670604586518,9.152612545870676,0.0
817.5677553856844,9.18906120578576,0.0
818.5684503127171,9.225588241659668,0.0
819.5691452397498,9.262179409181478,0.0
820.5698401667825,9.298820464040274,0.0
821.5705350938151,9.33549716192513,0.0
822.5712300208478,9.372195258525128,0.0
823.5719249478805,9.408900509529346,0.0
824.572619874913,9.445598670626865,0.0
825.5733148019457,9.48227549750677,0.0
826.5740097289784,9.518916745858133,0.0
827.574704656011,9.555508171370038,0.0
828.5753995830437,9.592035529731564,0.0
829.5760945100764,9.628484576631793,0.0
830.576789437109,9.6648410677598,0.0
831.5774843641417,9.701090758804666,0.0
832.5781792911744,9.737219405455475,0.0
833.578874218207,9.7732127634013,0.0
834.5795691452397,9.809056588331227,0.0
835.5802640722724,9.844736635934334,0.0
836.580958999305,9.880238661899698,0.0
837.5816539263377,9.9155484219164,0.0
838.5823488533704,9.950651671673523,0.0
839.583043780403,9.985534166860143,0.0
840.5837387074357,10.020181539913464,0.0
841.5844336344683,10.054577451600032,0.0
842.5851285615009,10.088703976941432,0.0
843.5858234885336,10.122543146042373,0.0
844.5865184155663,10.156076989007577,0.0
845.587213342599,10.189287535941755,0.0
846.5879082696316,10.222156816949626,0.0
847.5886031966643,10.254666862135906,0.0
848.589298123697,10.286799701605307,0.0
849.5899930507296,10.318537365462548,0.0
850.5906879777623,10.349861883812345,0.0
851.591382904795,10.380755286759412,0.0
852.5920778318276,10.411199604408468,0.0
853.5927727588603,10.441176866864229,0.0
854.593467685893,10.470669104231407,0.0
855.5941626129256,10.499658346614718,0.0
856.5948575399582,10.528126624118878,0.0
857.5955524669909,10.556055966848609,0.0
858.5962473940235,10.583428404908624,0.0
859.5969423210562,10.610225968403634,0.0
860.5976372480889,10.636430687438363,0.0
861.5983321751215,10.66202459211752,0.0
862.5990271021542,10.686989712545822,0.0
863.5997220291869,10.711308078827988,0.0
864.6004169562195,10.734961721068734,0.0
865.6011118832522,10.757932669372773,0.0
866.6018068102849,10.780202953844821,0.0
867.6025017373175,10.801754604589599,0.0
868.6031966643502,10.822569651711813,0.0
869.6038915913829,10.84263012531619,0.0
870.6045865184155,10.861918055507438,0.0
871.6052814454482,10.880415472390276,0.0
872.6059763724809,10.898104406069422,0.0
873.6066712995134,10.914966886649585,0.0
874.6073662265461,10.930984944235488,0.0
875.6080611535788,10.946140608931845,0.0
876.6087560806114,10.960415910843373,0.0
877.6094510076441,10.973792880074784,0.0
878.6101459346768,10.986253546730797,0.0
879.6108408617094,10.997779940916129,0.0
880.6115357887421,11.008354092735493,0.0
881.6122307157748,11.017958032293603,0.0
882.6129256428075,11.026573789695181,0.0
883.6136205698401,11.03418339504494,0.0
884.6143154968728,11.040768878447592,0.0
885.6150104239055,11.04631227000786,0.0
886.6157053509381,11.050795599830456,0.0
887.6164002779708,11.054200898020099,0.0
888.6170952050034,11.0565101946815,0.0
889.617790132036,11.057705519919375,0.0
890.6184850590687,11.057768903838447,0.0
891.6191799861014,11.056682376543424,0.0
892.619874913134,11.054427968139025,0.0
893.6205698401667,11.05098770872997,0.0
894.6212647671994,11.046343628420967,0.0
895.621959694232,11.040477757316738,0.0
896.6226546212647,11.033372125521996,0.0
897.6233495482974,11.025008763141457,0.0
898.62404447533,11.01536970027984,0.0
899.6247394023627,11.004436967041856,0.0
900.6254343293954,10.992194563841881,0.0
901.626129256428,10.978653240018174,0.0
902.6268241834607,10.963843022418677,0.0
903.6275191104934,10.94779436347821,0.0
904.628214037526,10.930537715631596,0.0
905.6289089645586,10.912103531313658,0.0
906.6296038915913,10.89252226295922,0.0
907.6302988186239,10.871824363003103,0.0
908.6309937456566,10.85004028388013,0.0
909.6316886726893,10.827200478025128,0.0
910.632383599722,10.803335397872916,0.0
911.6330785267546,10.77847549585832,0.0
912.6337734537873,10.752651224416157,0.0
913.63446838082,10.725893035981256,0.0
914.6351633078526,10.698231382988439,0.0
915.6358582348853,10.669696717872528,0.0
916.636553161918,10.640319493068343,0.0
917.6372480889506,10.610130161010712,0.0
918.6379430159833,10.579159174134457,0.0
919.638637943016,10.5474369848744,0.0
920.6393328700485,10.514994045665365,0.0
921.6400277970812,10.481860808942171,0.0
922.6407227241139,10.448067727139646,0.0
923.6414176511465,10.413645252692609,0.0
924.6421125781792,10.378623838035885,0.0
925.6428075052119,10.343033935604296,0.0
926.6435024322445,10.306905997832667,0.0
927.6441973592772,10.270270477155819,0.0
928.6448922863099,10.233157826008577,0.0
929.6455872133425,10.195598496825763,0.0
930.6462821403752,10.157622942042197,0.0
931.6469770674079,10.119261614092707,0.0
932.6476719944405,10.080544965412113,0.0
933.6483669214732,10.041503448435241,0.0
934.6490618485059,10.002167515596907,0.0
935.6497567755385,9.96256761933194,0.0
936.6504517025712,9.922734212075165,0.0
937.6511466296038,9.882697746261401,0.0
938.6518415566364,9.84248867432547,0.0
939.6525364836691,9.802137448702195,0.0
940.6532314107018,9.761674521826404,0.0
941.6539263377344,9.721130346132911,0.0
942.6546212647671,9.680535374056548,0.0
943.6553161917998,9.639920058032134,0.0
944.6560111188325,9.59931485049449,0.0
945.6567060458651,9.558750203878445,0.0
946.6574009728978,9.518256570618815,0.0
947.6580958999305,9.477864403150429,0.0
948.6587908269631,9.437604153908104,0.0
949.6594857539958,9.39750627532667,0.0
950.6601806810285,9.357601219840943,0.0
951.6608756080611,9.317919439885753,0.0
952.6615705350937,9.278491387895919,0.0
953.6622654621264,9.239347516306262,0.0
954.662960389159,9.200518277551607,0.0
955.6636553161917,9.162034124066777,0.0
956.6643502432244,9.123925508286595,0.0
957.665045170257,9.086222882645886,0.0
958.6657400972897,9.048956699579469,0.0
959.6664350243224,9.01215741152217,0.0
960.667129951355,8.975852963002984,0.0
961.6678248783877,8.940042144145679,0.0
962.6685198054204,8.904704935780325,0.0
963.669214732453,8.869821005248768,0.0
964.6699096594857,8.835370019892844,0.0
965.6706045865184,8.801331647054402,0.0
966.671299513551,8.767685554075284,0.0
967.6719944405837,8.734411408297326,0.0
968.6726893676164,8.70148887706238,0.0
969.6733842946489,8.668897627712283,0.0
970.6740792216816,8.636617327588876,0.0
971.6747741487143,8.604627644034005,0.0
972.675469075747,8.57290824438951,0.0
973.6761640027796,8.541438795997234,0.0
974.6768589298123,8.510198966199022,0.0
975.677553856845,8.479168422336713,0.0
976.6782487838776,8.448326831752151,0.0
977.6789437109103,8.417653861787182,0.0
978.679638637943,8.387129179783642,0.0
979.6803335649756,8.356732453083378,0.0
980.6810284920083,8.326443349028233,0.0
981.681723419041,8.296241534960044,0.0
982.6824183460736,8.266106678220662,0.0
983.6831132731063,8.236018446151922,0.0
984.6838082001389,8.205956506095674,0.0
985.6845031271715,8.175900525393752,0.0
986.6851980542042,8.145830171388003,0.0
987.6858929812369,8.115725111420272,0.0
988.6865879082695,8.085565012832395,0.0
989.6872828353022,8.05532954296622,0.0
990.6879777623349,8.024998369163587,0.0
991.6886726893675,7.994551158766339,0.0
992.6893676164002,7.963967579116319,0.0
993.6900625434329,7.93322729755537,0.0
994.6907574704655,7.902309981425334,0.0
995.6914523974982,7.87119529806805,0.0
996.6921473245309,7.839862914825368,0.0
997.6928422515635,7.8082924990391245,0.0
998.6935371785962,7.776463718051166,0.0
999.6942321056289,7.744356239203331,0.0
1000.6949270326616,7.711949729837466,0.0
1001.6956219596941,7.679223857295414,0.0
1002.6963168867268,7.64615828891901,0.0
1003.6970118137594,7.612732692050104,0.0
1004.6977067407921,7.578926734030535,0.0
1005.6984016678248,7.544720082202147,0.0
1006.6990965948575,7.510092403906782,0.0
1007.6997915218901,7.475023366486283,0.0
1008.7004864489228,7.439492637282493,0.0
1009.7011813759555,7.403479883637252,0.0
1010.7018763029881,7.366964772892406,0.0
1011.7025712300208,7.329926972389795,0.0
1012.7032661570535,7.292346149471263,0.0
1013.7039610840861,7.254201971478652,0.0
1014.7046560111188,7.215474105753803,0.0
1015.7053509381515,7.176142219638562,0.0
1016.706045865184,7.136185980474774,0.0
1017.7067407922167,7.095585055604271,0.0
1018.7074357192494,7.054319112368904,0.0
1019.708130646282,7.012367818110512,0.0
1020.7088255733147,6.969713409398376,0.0
1021.7095205003474,6.926363887765481,0.0
1022.71021542738,6.882342116310976,0.0
1023.7109103544127,6.837671137504048,0.0
1024.7116052814454,6.792373993813891,0.0
1025.712300208478,6.746473727709699,0.0
1026.7129951355107,6.699993381660645,0.0
1027.7136900625433,6.652955998135942,0.0
1028.714384989576,6.6053846196047585,0.0
1029.7150799166086,6.557302288536306,0.0
1030.7157748436414,6.508732047399753,0.0
1031.716469770674,6.45969693866431,0.0
1032.7171646977067,6.410220004799147,0.0
1033.7178596247393,6.360324288273475,0.0
1034.718554551772,6.310032831556462,0.0
1035.7192494788046,6.2593686771173225,0.0
1036.7199444058374,6.2083548674252205,0.0
1037.72063933287,6.157014444949371,0.0
1038.7213342599027,6.105370452158941,0.0
1039.7220291869353,6.053445931523144,0.0
1040.722724113968,6.001263925511147,0.0
1041.7234190410006,5.948847476592164,0.0
1042.7241139680332,5.896219627235371,0.0
1043.724808895066,5.843403419909947,0.0
1044.7255038220985,5.790421897085108,0.0
1045.7261987491313,5.737298101230018,0.0
1046.7268936761639,5.684055074813891,0.0
1047.7275886031966,5.630715860305895,0.0
1048.7282835302292,5.577303500175243,0.0
1049.728978457262,5.523841036891102,0.0
1050.7296733842945,5.470351512922685,0.0
1051.7303683113273,5.416857970739157,0.0
1052.7310632383599,5.363383452809734,0.0
1053.7317581653926,5.309951001603583,0.0
1054.7324530924252,5.256583659589916,0.0
1055.733148019458,5.203304469237899,0.0
1056.7338429464905,5.150136473016748,0.0
1057.734537873523,5.097102713395641,0.0
1058.7352328005559,5.044226232843753,0.0
1059.7359277275884,4.991530073830301,0.001693985233939821
1060.7366226546212,4.9390372788244505,0.012192544235109848
1061.7373175816538,4.886770890295416,0.02264582194091669
1062.7380125086866,4.834753950712363,0.03304920985752735
1063.738707435719,4.783009502544505,0.04339809949109896
1064.739402362752,4.731560588261011,0.053687882347797866
1065.7400972897844,4.680430250331091,0.06391394993378174
1066.7407922168172,4.629641531223914,0.07407169375521716
1067.7414871438498,4.579217473408693,0.08415650531826147
1068.7421820708826,4.529181119354594,0.09416377612908122
1069.7428769979151,4.47955551153083,0.10408889769383411
1070.743571924948,4.43036369240657,0.11392726151868593
1071.7442668519805,4.381628704451027,0.12367425910979457
1072.744961779013,4.333373590133378,0.1333252819733245
1073.7456567060458,4.285621391922803,0.1428757216154395
1074.7463516330783,4.238395152288513,0.15232096954229735
1075.7470465601111,4.191717913699678,0.1616564172600643
1076.7477414871437,4.145612718625508,0.17087745627489836
1077.7484364141765,4.100102609535174,0.17997947809296522
1078.749131341209,4.055210628897885,0.1889578742204231
1079.7498262682418,4.010959819182812,0.19780803616343756
1080.7505211952744,3.967370466030453,0.20652590679390936
1081.7512161223071,3.9244388604610037,0.21511222790779927
1082.7519110493397,3.8821489388178803,0.22357021223642393
1083.7526059763725,3.8404845353396952,0.2319030929320609
1084.753300903405,3.799429484265097,0.24011410314698067
1085.7539958304378,3.758967619832698,0.24820647603346047
1086.7546907574704,3.719082776281147,0.2561834447437705
1087.7553856845032,3.6797587878490567,0.26404824243018865
1088.7560806115357,3.640979488775076,0.27180410224498475
1089.7567755385683,3.6027287132978265,0.2794542573404347
1090.757470465601,3.564990295655929,0.28700194086881425
1091.7581653926336,3.5277480700880326,0.2944503859823935
1092.7588603196664,3.4909858708327506,0.30180282583344986
1093.759555246699,3.4546875321287294,0.3090624935742541
1094.7602501737317,3.4188368882145848,0.31623262235708305
1095.7609451007643,3.3834177733289623,0.32331644533420756
1096.761640027797,3.3484140217104774,0.3303171956579045
1097.7623349548296,3.313809467597775,0.33723810648044494
1098.7630298818624,3.279587945229472,0.34408241095410563
1099.763724808895,3.2457332888442134,0.3508533422311573
1100.7644197359277,3.212229332680615,0.357554133463877
1101.7651146629603,3.1790599109773217,0.3641880178045357
1102.765809589993,3.1462088579729497,0.37075822840541006
1103.7665045170256,3.1136600079061445,0.3772679984187711
1104.7671994440584,3.0813971950155215,0.38372056099689567
1105.767894371091,3.0494042535397266,0.3901191492920547
1106.7685892981235,3.0176650177173823,0.3964669964565235
1107.7692842251563,2.9861633217871137,0.4027673356425773
1108.7699791521889,2.954882999987563,0.4090234000024874
1109.7706740792216,2.9238078865573485,0.4152384226885303
1110.7713690062542,2.892921815735115,0.421415636852977
1111.772063933287,2.862208621759478,0.42755827564810445
1112.7727588603195,2.831652138869083,0.4336695722261834
1113.7734537873523,2.8012362013025456,0.4397527597394909
1114.7741487143849,2.770944643298512,0.4458110713402976
1115.7748436414176,2.740761299095597,0.4518477401808806
1116.7755385684502,2.7106700029324466,0.4578659994135107
1117.776233495483,2.6806545890476765,0.46386908219046474
1118.7769284225155,2.650698891679932,0.46986022166401364
1119.7776233495483,2.620786745067829,0.4758426509864342
1120.7783182765809,2.5909019834500127,0.4818196033099975
1121.7790132036134,2.5610284410651065,0.48779431178697874
1122.7797081306462,2.5311499521517327,0.49377000956965345
1123.7804030576788,2.5012503509485384,0.4997499298102923
1124.7810979847116,2.471313471694139,0.5057373056611721
1125.781792911744,2.4413231486271783,0.5117353702745644
1126.782487838777,2.4112632159862746,0.5177473568027451
1127.7831827658094,2.3811175080100706,0.5237764983979859
1128.7838776928422,2.350869858937184,0.5298260282125632
1129.7845726198748,2.3205041030062596,0.5358991793987481
1130.7852675469076,2.290004074455913,0.5419991851088174
1131.7859624739401,2.25935360752479,0.548129278495042
1132.786657400973,2.228536536451506,0.5542926927096988
1133.7873523280055,2.1975366954747066,0.5604926609050587
1134.7880472550382,2.1663379188330083,0.5667324162333983
1135.7887421820708,2.1349240407650543,0.5730151918469891
1136.7894371091033,2.1032788955094706,0.5793442208981059
1137.7901320361361,2.0713863173048788,0.5857227365390243
1138.7908269631687,2.0392301403899245,0.5921539719220151
1139.7915218902015,2.006794199003224,0.5986411601993552
1140.792216817234,1.9740648041295081,0.6051870391740983
1141.7929117442668,1.941047069296923,0.6117905861406154
1142.7936066712994,1.9077547342163619,0.6184490531567276
1143.7943015983321,1.8742015837354797,0.625159683252904
1144.7949965253647,1.8404014027019628,0.6319197194596075
1145.7956914523975,1.8063679759634665,0.6387264048073067
1146.79638637943,1.772115088367677,0.6455769823264645
1147.7970813064628,1.737656524762249,0.6524686950475502
1148.7977762334954,1.7030060699948697,0.6593987860010261
1149.7984711605282,1.6681775089131934,0.6663644982173613
1150.7991660875607,1.6331846263649068,0.6733630747270186
1151.7998610145935,1.5980412071976646,0.6803917585604671
1152.800555941626,1.5627610362591537,0.6874477927481693
1153.8012508686586,1.527357898397037,0.6945284203205926
1154.8019457956914,1.4918455784589768,0.7016308843082046
1155.802640722724,1.4562378612926599,0.7087524277414681
1156.8033356497567,1.4205485317457411,0.7158902936508518
1157.8040305767893,1.3847913746659073,0.7230417250668185
1158.804725503822,1.3489801749008123,0.7302039650198375
1159.8054204308546,1.313128717298144,0.7373742565403711
1160.8061153578874,1.2772507867055565,0.7445498426588887
1161.80681028492,1.2413601679707367,0.7517279664058527
1162.8075052119527,1.2054706459413396,0.7589058708117321
1163.8082001389853,1.169596005465051,0.7660807989069898
1164.808895066018,1.1337500313895263,0.7732499937220947
1165.8095899930506,1.097946508562452,0.7804106982875096
1166.8102849200834,1.0621992218314826,0.7875601556337035
1167.810979847116,1.0265219560443057,0.7946956087911389
1168.8116747741487,0.990928496048575,0.8018143007902849
1169.8123697011813,0.9554326266919778,0.8089134746616045
1170.8130646282139,0.9200481328221766,0.8159903734355647
1171.8137595552466,0.8847887992868342,0.8230422401426332
1172.8144544822792,0.8496684109336371,0.8300663178132726
1173.815149409312,0.8147007526102401,0.837059849477952
1174.8158443363445,0.77989960916433,0.844020078167134
1175.8165392633773,0.7452787654435616,0.8509442469112877
1176.8172341904099,0.7108520062956213,0.8578295987408757
1177.8179291174426,0.6766331165681642,0.8646733766863672
1178.8186240444752,0.6426358811088765,0.8714728237782248
1179.819318971508,0.6088740847654137,0.8782251830469172
1180.8200138985405,0.5753615123854615,0.8849276975229077
1181.8207088255733,0.5421119488166755,0.8915776102366649
1182.8214037526059,0.5091391789067417,0.8981721642186516
1183.8220986796387,0.47645698750331567,0.9047086024993368
1184.8227936066712,0.44407915945408305,0.9111841681091833
1185.8234885337038,0.41201947960670704,0.9175961040786585
1186.8241834607365,0.3802917328088513,0.9239416534382298
1187.824878387769,0.3489097039082006,0.9302180592183599
1188.8255733148019,0.31788717775241165,0.9364225644495177
1189.8262682418344,0.2872379391891693,0.9425524121621661
1190.8269631688672,0.25697577306613034,0.9486048453867739
1191.8276580958998,0.22711446423097909,0.9545771071538042
1192.8283530229326,0.19766779753137265,0.9604664404937254
1193.8290479499651,0.16864955781499535,0.9662700884370009
1194.829742876998,0.14007352992950461,0.971985294014099
1195.8304378040305,0.11195349872258409,0.9776093002554832
1196.8311327310632,0.08430324904189163,0.9831393501916217
1197.8318276580958,0.05713656573511072,0.9885726868529778
1198.8325225851286,0.030467233649899672,0.9939065532700201
1199.8332175121611,0.004309037633941248,0.9991381924732118
1200.8339124391937,-0.021326641279564528,1.0
1201.8346073662265,-0.046444402615976425,1.0
1202.835302293259,-0.07105536504546407,1.0
1203.8359972202918,-0.09517066646873532,1.0
1204.8366921473244,-0.11880144478647583,1.0
1205.8373870743571,-0.14195883789939304,1.0
1206.8380820013897,-0.16465398370817302,1.0
1207.8387769284225,-0.18689802011352277,1.0
1208.839471855455,-0.20870208501612886,1.0
1209.8401667824878,-0.23007731631669787,1.0
1210.8408617095204,-0.2510348519159166,1.0
1211.8415566365532,-0.2715858297144914,1.0
1212.8422515635857,-0.2917413876131096,1.0
1213.8429464906185,-0.31151266351247675,1.0
1214.843641417651,-0.3309107953132808,1.0
1215.8443363446838,-0.3499469209162272,1.0
1216.8450312717164,-0.3686321782220037,1.0
1217.845726198749,-0.3869777051313116,1.0
1218.8464211257817,-0.4049946395448515,1.0
1219.8471160528143,-0.42269411936331186,1.0
1220.847810979847,-0.44008728248739737,1.0
1221.8485059068796,-0.45718526681779675,1.0
1222.8492008339124,-0.47399921025521446,1.0
1223.849895760945,-0.4905402507003395,1.0
1224.8505906879777,-0.5068195260538761,1.0
1225.8512856150103,-0.5228481742165136,1.0
1226.851980542043,-0.5386373330889558,1.0
1227.8526754690756,-0.554198140571892,1.0
1228.8533703961084,-0.5695417345660263,1.0
1229.854065323141,-0.5846792529720481,1.0
1230.8547602501737,-0.599621833690661,1.0
1231.8554551772063,-0.614380614622555,1.0
1232.856150104239,-0.6289667336684335,1.0
1233.8568450312716,-0.6433913287289862,1.0
1234.8575399583042,-0.6576655377049133,1.0
1235.858234885337,-0.6718004984969145,1.0
1236.8589298123695,-0.6858073490056803,1.0
1237.8596247394023,-0.6996972271319135,1.0
1238.8603196664349,-0.7134812707763046,1.0
1239.8610145934676,-0.7271706178395565,1.0
1240.8617095205002,-0.7407764062223594,1.0
1241.862404447533,-0.7543097738254165,1.0
1242.8630993745655,-0.7677818585494179,1.0
1243.8637943015983,-0.7812037982950666,1.0
1244.8644892286309,-0.7945867309630531,1.0
1245.8651841556637,-0.8079417944540803,1.0
1246.8658790826962,-0.8212801266688385,1.0
1247.866574009729,-0.8346128655080309,1.0
1248.8672689367615,-0.8479511488723476,1.0
1249.867963863794,-0.8613061146624883,1.0
1250.8686587908269,-0.8746889007791528,1.0
1251.8693537178594,-0.888110645123032,1.0
1252.8700486448922,-0.9015824855948282,1.0
1253.8707435719248,-0.9151155600952321,1.0
1254.8714384989576,-0.9287210065249467,1.0
1255.8721334259901,-0.9424099627846622,1.0
1256.872828353023,-0.9561935667750814,1.0
1257.8735232800555,-0.9700829563968948,1.0
1258.8742182070882,-0.9840892695508057,1.0
1259.8749131341208,-0.9982236441375041,1.0
1260.8756080611536,-1.0124956472106785,1.0
1261.8763029881861,-1.0269056726270085,1.0
1262.876997915219,-1.0414507939397304,1.0
1263.8776928422515,-1.0561280801223383,1.0
1264.878387769284,-1.0709346001483369,1.0
1265.8790826963168,-1.08586742299123,1.0
1266.8797776233494,-1.1009236176245114,1.0
1267.8804725503821,-1.1161002530216895,1.0
1268.8811674774147,-1.1313943981562578,1.0
1269.8818624044475,-1.1468031220017247,1.0
1270.88255733148,-1.1623234935315836,1.0
1271.8832522585128,-1.1779525817193426,1.0
1272.8839471855454,-1.193687455538495,1.0
1273.8846421125781,-1.2095251839625498,1.0
1274.8853370396107,-1.225462835965,1.0
1275.8860319666435,-1.2414974805193537,1.0
1276.886726893676,-1.2576261865991047,1.0
1277.8874218207088,-1.2738460231777613,1.0
1278.8881167477414,-1.290154059228817,1.0
1279.8888116747742,-1.3065473637257798,1.0
1280.8895066018067,-1.3230230056421433,1.0
1281.8902015288393,-1.3395780539514117,1.0
1282.890896455872,-1.3562095776270904,1.0
1283.8915913829046,-1.3729146456426726,1.0
1284.8922863099374,-1.3896903269716665,1.0
1285.89298123697,-1.4065336905875652,1.0
1286.8936761640027,-1.4234418054638776,1.0
1287.8943710910353,-1.4404117405740964,1.0
1288.895066018068,-1.457440564891731,1.0
1289.8957609451006,-1.474525347390274,1.0
1290.8964558721334,-1.4916631570432342,1.0
1291.897150799166,-1.5088510628241043,1.0
1292.8978457261987,-1.5260861337063936,1.0
1293.8985406532313,-1.5433654386635944,1.0
1294.899235580264,-1.5606860466692165,1.0
1295.8999305072966,-1.5780450266967518,1.0
1296.9006254343294,-1.59543944771971,1.0
1297.901320361362,-1.6128663787115836,1.0
1298.9020152883945,-1.6303228886458772,1.0
1299.9027102154273,-1.647806046496096,1.0
1300.9034051424599,-1.665312921235733,1.0
1301.9041000694926,-1.6828405818382968,1.0
1302.9047949965252,-1.7003860972772804,1.0
1303.905489923558,-1.717946536526193,1.0
1304.9061848505905,-1.7355189685585266,1.0
1305.9068797776233,-1.7531004623477908,1.0
1306.9075747046559,-1.7706880868674786,1.0
1307.9082696316887,-1.7882789110910984,1.0
1308.9089645587212,-1.8058700039921434,1.0
1309.909659485754,-1.8234584345441225,1.0
1310.9103544127865,-1.841041271720528,1.0
1311.9110493398193,-1.8586155844948695,1.0
1312.9117442668519,-1.8761784418406395,1.0
1313.9124391938844,-1.8937269127313432,1.0
1314.9131341209172,-1.9112580661404854,1.0
1315.9138290479498,-1.9287689710415588,1.0
1316.9145239749826,-1.9462566964080716,1.0
1317.915218902015,-1.9637183112135184,1.0
1318.915913829048,-1.9811508844314063,1.0
1319.9166087560804,-1.9985514850352295,1.0
1320.9173036831132,-2.0159176335258424,1.0
1321.9179986101458,-2.0332491718177796,1.0
1322.9186935371786,-2.0505466857771104,1.0
1323.9193884642111,-2.0678107616091266,1.0
1324.920083391244,-2.0850419855191356,1.0
1325.9207783182765,-2.1022409437124296,1.0
1326.9214732453092,-2.1194082223943167,1.0
1327.9221681723418,-2.1365444077700877,1.0
1328.9228630993744,-2.1536500860450474,1.0
1329.9235580264071,-2.1707258434244987,1.0
1330.9242529534397,-2.1877722661137344,1.0
1331.9249478804725,-2.204789940318062,1.0
1332.925642807505,-2.221779452242773,1.0
1333.9263377345378,-2.2387413880931755,1.0
1334.9270326615704,-2.2556763340745616,1.0
1335.9277275886031,-2.2725848763922385,1.0
1336.9284225156357,-2.2894676012514985,1.0
1337.9291174426685,-2.306325094857648,1.0
1338.929812369701,-2.3231579434159824,1.0
1339.9305072967338,-2.3399667331318055,1.0
1340.9312022237664,-2.356752050210411,1.0
1341.9318971507992,-2.373514480857107,1.0
1342.9325920778317,-2.3902546112771845,1.0
1343.9332870048645,-2.406973027675952,1.0
1344.933981931897,-2.4236703162587006,1.0
1345.9346768589296,-2.440347063230735,1.0
1346.9353717859624,-2.457003854797358,1.0
1347.936066712995,-2.4736412771638627,1.0
1348.9367616400277,-2.490259916535556,1.0
1349.9374565670603,-2.50686035911773,1.0
1350.938151494093,-2.523443191115692,1.0
1351.9388464211256,-2.5400089987347343,1.0
1352.9395413481584,-2.556558368180165,1.0
1353.940236275191,-2.5730918856572753,1.0
1354.9409312022237,-2.589610137371374,1.0
1355.9416261292563,-2.606113709527752,1.0
1356.942321056289,-2.6226031883317167,1.0
1357.9430159833216,-2.6390791599885617,1.0
1358.9437109103544,-2.655542210703593,1.0
1359.944405837387,-2.6719929266821034,1.0
1360.9451007644197,-2.6884318941294003,1.0
1361.9457956914523,-2.7048596992507763,1.0
1362.9464906184849,-2.7212769282515343,1.0
1363.9471855455176,-2.7376841673369787,1.0
1364.9478804725502,-2.754082002712401,1.0
1365.948575399583,-2.7704710205831087,1.0
1366.9492703266155,-2.786851807154395,1.0
1367.9499652536483,-2.8032249486315655,1.0
1368.9506601806809,-2.8195910312199137,1.0
1369.9513551077137,-2.8359506411247475,1.0
1370.9520500347462,-2.8523043645513573,1.0
1371.952744961779,-2.8686527877050527,1.0
1372.9534398888115,-2.884996496791125,1.0
1373.9541348158443,-2.9013360780148805,1.0
1374.9548297428769,-2.917672117581613,1.0
1375.9555246699097,-2.934005201696629,1.0
1376.9562195969422,-2.950335916565222,1.0
1377.9569145239748,-2.9666648483926936,1.0
1378.9576094510076,-2.982992583384349,1.0
1379.95830437804,-2.9993197077454803,1.0
1380.958999305073,-3.015646807681394,1.0
1381.9596942321054,-3.031974469397383,1.0
1382.9603891591382,-3.048303279098755,1.0
1383.9610840861708,-3.0646338229908014,1.0
1384.9617790132036,-3.0809666872788304,1.0
1385.9624739402361,-3.0973024581681337,1.0
1386.963168867269,-3.1136417218640196,1.0
1387.9638637943015,-3.129985064571779,1.0
1388.9645587213342,-3.146333072496719,1.0
1389.9652536483668,-3.1626863318441343,1.0
1390.9659485753996,-3.1790454288193306,1.0
1391.9666435024321,-3.1954109496276,1.0
1392.9673384294647,-3.2117834804742467,1.0
1393.9680333564975,-3.228163607564573,1.0
1394.96872828353,-3.2445519171038733,1.0
1395.9694232105628,-3.2609489952974546,1.0
1396.9701181375954,-3.277355428350607,1.0
1397.9708130646281,-3.29377180246864,1.0
1398.9715079916607,-3.3101987038568454,1.0
1399.9722029186935,-3.3266367187205304,1.0
1400.972897845726,-3.3430864332649866,1.0
1401.9735927727588,-3.359548433695523,1.0
1402.9742876997914,-3.37602330621743,1.0
1403.9749826268242,-3.392511637036016,1.0
1404.9756775538567,-3.409014012356574,1.0
1405.9763724808895,-3.42553101838441,1.0
1406.977067407922,-3.4420632413248167,1.0
1407.9777623349548,-3.4586112673831018,1.0
1408.9784572619874,-3.4751756827645575,1.0
1409.97915218902,-3.4917570736744867,1.0
1410.9798471160527,-3.5083560263181943,1.0
1411.9805420430853,-3.5249731269009716,1.0
1412.981236970118,-3.5416089616281257,1.0
1413.9819318971506,-3.55826411670495,1.0
1414.9826268241834,-3.5749391783367517,1.0
1415.983321751216,-3.5916347327288216,1.0
1416.9840166782487,-3.608351366086468,1.0
1417.9847116052813,-3.625089664614984,1.0
1418.985406532314,-3.6418502145196765,1.0
1419.9861014593466,-3.6586336020058368,1.0
1420.9867963863794,-3.6754404132787735,1.0
1421.987491313412,-3.6922712345437776,1.0
1422.9881862404447,-3.7091266520061588,1.0
1423.9888811674773,-3.726007251871206,1.0
1424.98957609451,-3.7429136203442295,1.0
1425.9902710215426,-3.75984634363052,1.0
1426.9909659485752,-3.776806007935382,1.0
1427.991660875608,-3.7937931994641185,1.0
1428.9923558026405,-3.810808504422022,1.0
1429.9930507296733,-3.8278525090143996,1.0
1430.9937456567059,-3.844925799446544,1.0
1431.9944405837387,-3.8620289619237624,1.0
1432.9951355107712,-3.8791625826513467,1.0
1433.995830437804,-3.896327247834605,1.0
1434.9965253648365,-3.913523543678829,1.0
1435.9972202918693,-3.930752056389326,1.0
1436.9979152189019,-3.9480133721713893,1.0
1437.9986101459347,-3.9653080772303255,1.0
1438.9993050729672,-3.9826367577714263,1.0
1440.0,-3.999999999999999,1.0
