Time_In_24_Hour,Minute_Count,Light_source_intensity_R,Light_source_intensity_G,Light_intensity_color_B,light_source_angle,background_color_R,background_color_G,background_color_B
00:00:00,0,0,0,0,0,32,32,64
00:01:00,1,0,0,0,0,32,32,64
00:02:00,2,0,0,0,0,32,32,64
00:03:00,3,0,0,0,0,32,32,64
00:04:00,4,0,0,0,0,32,32,64
00:05:00,5,0,0,0,0,32,32,64
00:06:00,6,0,0,0,0,32,32,64
00:07:00,7,0,0,0,0,32,32,64
00:08:00,8,0,0,0,0,32,32,64
00:09:00,9,0,0,0,0,32,32,64
00:10:00,10,0,0,0,0,32,32,64
00:11:00,11,0,0,0,0,32,32,64
00:12:00,12,0,0,0,0,32,32,64
00:13:00,13,0,0,0,0,32,32,64
00:14:00,14,0,0,0,0,32,32,64
00:15:00,15,0,0,0,0,32,32,64
00:16:00,16,0,0,0,0,32,32,64
00:17:00,17,0,0,0,0,32,32,64
00:18:00,18,0,0,0,0,32,32,64
00:19:00,19,0,0,0,0,32,32,64
00:20:00,20,0,0,0,0,32,32,64
00:21:00,21,0,0,0,0,32,32,64
00:22:00,22,0,0,0,0,32,32,64
00:23:00,23,0,0,0,0,32,32,64
00:24:00,24,0,0,0,0,32,32,64
00:25:00,25,0,0,0,0,32,32,64
00:26:00,26,0,0,0,0,32,32,64
00:27:00,27,0,0,0,0,32,32,64
00:28:00,28,0,0,0,0,32,32,64
00:29:00,29,0,0,0,0,32,32,64
00:30:00,30,0,0,0,0,32,32,64
00:31:00,31,0,0,0,0,32,32,64
00:32:00,32,0,0,0,0,32,32,64
00:33:00,33,0,0,0,0,32,32,64
00:34:00,34,0,0,0,0,32,32,64
00:35:00,35,0,0,0,0,32,32,64
00:36:00,36,0,0,0,0,32,32,64
00:37:00,37,0,0,0,0,32,32,64
00:38:00,38,0,0,0,0,32,32,64
00:39:00,39,0,0,0,0,32,32,64
00:40:00,40,0,0,0,0,32,32,64
00:41:00,41,0,0,0,0,32,32,64
00:42:00,42,0,0,0,0,32,32,64
00:43:00,43,0,0,0,0,32,32,64
00:44:00,44,0,0,0,0,32,32,64
00:45:00,45,0,0,0,0,32,32,64
00:46:00,46,0,0,0,0,32,32,64
00:47:00,47,0,0,0,0,32,32,64
00:48:00,48,0,0,0,0,32,32,64
00:49:00,49,0,0,0,0,32,32,64
00:50:00,50,0,0,0,0,32,32,64
00:51:00,51,0,0,0,0,32,32,64
00:52:00,52,0,0,0,0,32,32,64
00:53:00,53,0,0,0,0,32,32,64
00:54:00,54,0,0,0,0,32,32,64
00:55:00,55,0,0,0,0,32,32,64
00:56:00,56,0,0,0,0,32,32,64
00:57:00,57,0,0,0,0,32,32,64
00:58:00,58,0,0,0,0,32,32,64
00:59:00,59,0,0,0,0,32,32,64
01:00:00,60,0,0,0,0,32,32,64
01:01:00,61,0,0,0,0,32,32,64
01:02:00,62,0,0,0,0,32,32,64
01:03:00,63,0,0,0,0,32,32,64
01:04:00,64,0,0,0,0,32,32,64
01:05:00,65,0,0,0,0,32,32,64
01:06:00,66,0,0,0,0,32,32,64
01:07:00,67,0,0,0,0,32,32,64
01:08:00,68,0,0,0,0,32,32,64
01:09:00,69,0,0,0,0,32,32,64
01:10:00,70,0,0,0,0,32,32,64
01:11:00,71,0,0,0,0,32,32,64
01:12:00,72,0,0,0,0,32,32,64
01:13:00,73,0,0,0,0,32,32,64
01:14:00,74,0,0,0,0,32,32,64
01:15:00,75,0,0,0,0,32,32,64
01:16:00,76,0,0,0,0,32,32,64
01:17:00,77,0,0,0,0,32,32,64
01:18:00,78,0,0,0,0,32,32,64
01:19:00,79,0,0,0,0,32,32,64
01:20:00,80,0,0,0,0,32,32,64
01:21:00,81,0,0,0,0,32,32,64
01:22:00,82,0,0,0,0,32,32,64
01:23:00,83,0,0,0,0,32,32,64
01:24:00,84,0,0,0,0,32,32,64
01:25:00,85,0,0,0,0,32,32,64
01:26:00,86,0,0,0,0,32,32,64
01:27:00,87,0,0,0,0,32,32,64
01:28:00,88,0,0,0,0,32,32,64
01:29:00,89,0,0,0,0,32,32,64
01:30:00,90,0,0,0,0,32,32,64
01:31:00,91,0,0,0,0,32,32,64
01:32:00,92,0,0,0,0,32,32,64
01:33:00,93,0,0,0,0,32,32,64
01:34:00,94,0,0,0,0,32,32,64
01:35:00,95,0,0,0,0,32,32,64
01:36:00,96,0,0,0,0,32,32,64
01:37:00,97,0,0,0,0,32,32,64
01:38:00,98,0,0,0,0,32,32,64
01:39:00,99,0,0,0,0,32,32,64
01:40:00,100,0,0,0,0,32,32,64
01:41:00,101,0,0,0,0,32,32,64
01:42:00,102,0,0,0,0,32,32,64
01:43:00,103,0,0,0,0,32,32,64
01:44:00,104,0,0,0,0,32,32,64
01:45:00,105,0,0,0,0,32,32,64
01:46:00,106,0,0,0,0,32,32,64
01:47:00,107,0,0,0,0,32,32,64
01:48:00,108,0,0,0,0,32,32,64
01:49:00,109,0,0,0,0,32,32,64
01:50:00,110,0,0,0,0,32,32,64
01:51:00,111,0,0,0,0,32,32,64
01:52:00,112,0,0,0,0,32,32,64
01:53:00,113,0,0,0,0,32,32,64
01:54:00,114,0,0,0,0,32,32,64
01:55:00,115,0,0,0,0,32,32,64
01:56:00,116,0,0,0,0,32,32,64
01:57:00,117,0,0,0,0,32,32,64
01:58:00,118,0,0,0,0,32,32,64
01:59:00,119,0,0,0,0,32,32,64
02:00:00,120,0,0,0,0,32,32,64
02:01:00,121,0,0,0,0,32,32,64
02:02:00,122,0,0,0,0,32,32,64
02:03:00,123,0,0,0,0,32,32,64
02:04:00,124,0,0,0,0,32,32,64
02:05:00,125,0,0,0,0,32,32,64
02:06:00,126,0,0,0,0,32,32,64
02:07:00,127,0,0,0,0,32,32,64
02:08:00,128,0,0,0,0,32,32,64
02:09:00,129,0,0,0,0,32,32,64
02:10:00,130,0,0,0,0,32,32,64
02:11:00,131,0,0,0,0,32,32,64
02:12:00,132,0,0,0,0,32,32,64
02:13:00,133,0,0,0,0,32,32,64
02:14:00,134,0,0,0,0,32,32,64
02:15:00,135,0,0,0,0,32,32,64
02:16:00,136,0,0,0,0,32,32,64
02:17:00,137,0,0,0,0,32,32,64
02:18:00,138,0,0,0,0,32,32,64
02:19:00,139,0,0,0,0,32,32,64
02:20:00,140,0,0,0,0,32,32,64
02:21:00,141,0,0,0,0,32,32,64
02:22:00,142,0,0,0,0,32,32,64
02:23:00,143,0,0,0,0,32,32,64
02:24:00,144,0,0,0,0,32,32,64
02:25:00,145,0,0,0,0,32,32,64
02:26:00,146,0,0,0,0,32,32,64
02:27:00,147,0,0,0,0,32,32,64
02:28:00,148,0,0,0,0,32,32,64
02:29:00,149,0,0,0,0,32,32,64
02:30:00,150,0,0,0,0,32,32,64
02:31:00,151,0,0,0,0,32,32,64
02:32:00,152,0,0,0,0,32,32,64
02:33:00,153,0,0,0,0,32,32,64
02:34:00,154,0,0,0,0,32,32,64
02:35:00,155,0,0,0,0,32,32,64
02:36:00,156,0,0,0,0,32,32,64
02:37:00,157,0,0,0,0,32,32,64
02:38:00,158,0,0,0,0,32,32,64
02:39:00,159,0,0,0,0,32,32,64
02:40:00,160,0,0,0,0,32,32,64
02:41:00,161,0,0,0,0,32,32,64
02:42:00,162,0,0,0,0,32,32,64
02:43:00,163,0,0,0,0,32,32,64
02:44:00,164,0,0,0,0,32,32,64
02:45:00,165,0,0,0,0,32,32,64
02:46:00,166,0,0,0,0,32,32,64
02:47:00,167,0,0,0,0,32,32,64
02:48:00,168,0,0,0,0,32,32,64
02:49:00,169,0,0,0,0,32,32,64
02:50:00,170,0,0,0,0,32,32,64
02:51:00,171,0,0,0,0,32,32,64
02:52:00,172,0,0,0,0,32,32,64
02:53:00,173,0,0,0,0,32,32,64
02:54:00,174,0,0,0,0,32,32,64
02:55:00,175,0,0,0,0,32,32,64
02:56:00,176,0,0,0,0,32,32,64
02:57:00,177,0,0,0,0,32,32,64
02:58:00,178,0,0,0,0,32,32,64
02:59:00,179,0,0,0,0,32,32,64
03:00:00,180,0,0,0,0,32,32,64
03:01:00,181,0,0,0,0,32,32,64
03:02:00,182,0,0,0,0,32,32,64
03:03:00,183,0,0,0,0,32,32,64
03:04:00,184,0,0,0,0,32,32,64
03:05:00,185,0,0,0,0,32,32,64
03:06:00,186,0,0,0,0,32,32,64
03:07:00,187,0,0,0,0,32,32,64
03:08:00,188,0,0,0,0,32,32,64
03:09:00,189,0,0,0,0,32,32,64
03:10:00,190,0,0,0,0,32,32,64
03:11:00,191,0,0,0,0,32,32,64
03:12:00,192,0,0,0,0,32,32,64
03:13:00,193,0,0,0,0,32,32,64
03:14:00,194,0,0,0,0,32,32,64
03:15:00,195,0,0,0,0,32,32,64
03:16:00,196,0,0,0,0,32,32,64
03:17:00,197,0,0,0,0,32,32,64
03:18:00,198,0,0,0,0,32,32,64
03:19:00,199,0,0,0,0,32,32,64
03:20:00,200,0,0,0,0,32,32,64
03:21:00,201,0,0,0,0,32,32,64
03:22:00,202,0,0,0,0,32,32,64
03:23:00,203,0,0,0,0,32,32,64
03:24:00,204,0,0,0,0,32,32,64
03:25:00,205,0,0,0,0,32,32,64
03:26:00,206,0,0,0,0,32,32,64
03:27:00,207,0,0,0,0,32,32,64
03:28:00,208,0,0,0,0,32,32,64
03:29:00,209,0,0,0,0,32,32,64
03:30:00,210,0,0,0,0,32,32,64
03:31:00,211,0,0,0,0,32,32,64
03:32:00,212,0,0,0,0,32,32,64
03:33:00,213,0,0,0,0,32,32,64
03:34:00,214,0,0,0,0,32,32,64
03:35:00,215,0,0,0,0,32,32,64
03:36:00,216,0,0,0,0,32,32,64
03:37:00,217,0,0,0,0,32,32,64
03:38:00,218,0,0,0,0,32,32,64
03:39:00,219,0,0,0,0,32,32,64
03:40:00,220,0,0,0,0,32,32,64
03:41:00,221,0,0,0,0,32,32,64
03:42:00,222,0,0,0,0,32,32,64
03:43:00,223,0,0,0,0,32,32,64
03:44:00,224,0,0,0,0,32,32,64
03:45:00,225,0,0,0,0,32,32,64
03:46:00,226,0,0,0,0,32,32,64
03:47:00,227,0,0,0,0,32,32,64
03:48:00,228,0,0,0,0,32,32,64
03:49:00,229,0,0,0,0,32,32,64
03:50:00,230,0,0,0,0,32,32,64
03:51:00,231,0,0,0,0,32,32,64
03:52:00,232,0,0,0,0,32,32,64
03:53:00,233,0,0,0,0,32,32,64
03:54:00,234,0,0,0,0,32,32,64
03:55:00,235,0,0,0,0,32,32,64
03:56:00,236,0,0,0,0,32,32,64
03:57:00,237,0,0,0,0,32,32,64
03:58:00,238,0,0,0,0,32,32,64
03:59:00,239,0,0,0,0,32,32,64
04:00:00,240,0,0,0,0,32,32,64
04:01:00,241,0,0,0,0,32,32,64
04:02:00,242,0,0,0,0,32,32,64
04:03:00,243,0,0,0,0,32,32,64
04:04:00,244,0,0,0,0,32,32,64
04:05:00,245,0,0,0,0,32,32,64
04:06:00,246,0,0,0,0,32,32,64
04:07:00,247,0,0,0,0,32,32,64
04:08:00,248,0,0,0,0,32,32,64
04:09:00,249,0,0,0,0,32,32,64
04:10:00,250,0,0,0,0,32,32,64
04:11:00,251,0,0,0,0,32,32,64
04:12:00,252,0,0,0,0,32,32,64
04:13:00,253,0,0,0,0,32,32,64
04:14:00,254,0,0,0,0,32,32,64
04:15:00,255,0,0,0,0,32,32,64
04:16:00,256,0,0,0,0,32,32,64
04:17:00,257,0,0,0,0,32,32,64
04:18:00,258,0,0,0,0,32,32,64
04:19:00,259,0,0,0,0,32,32,64
04:20:00,260,0,0,0,0,32,32,64
04:21:00,261,0,0,0,0,32,32,64
04:22:00,262,0,0,0,0,32,32,64
04:23:00,263,0,0,0,0,32,32,64
04:24:00,264,0,0,0,0,32,32,64
04:25:00,265,0,0,0,0,32,32,64
04:26:00,266,0,0,0,0,32,32,64
04:27:00,267,0,0,0,0,32,32,64
04:28:00,268,0,0,0,0,32,32,64
04:29:00,269,0,0,0,0,32,32,64
04:30:00,270,0,0,0,0,32,32,64
04:31:00,271,0,0,0,0,32,32,64
04:32:00,272,0,0,0,0,32,32,64
04:33:00,273,0,0,0,0,32,32,64
04:34:00,274,0,0,0,0,32,32,64
04:35:00,275,0,0,0,0,32,32,64
04:36:00,276,0,0,0,0,32,32,64
04:37:00,277,0,0,0,0,32,32,64
04:38:00,278,0,0,0,0,32,32,64
04:39:00,279,0,0,0,0,32,32,64
04:40:00,280,0,0,0,0,32,32,64
04:41:00,281,0,0,0,0,32,32,64
04:42:00,282,0,0,0,0,32,32,64
04:43:00,283,0,0,0,0,32,32,64
04:44:00,284,0,0,0,0,32,32,64
04:45:00,285,0,0,0,0,32,32,64
04:46:00,286,0,0,0,0,32,32,64
04:47:00,287,0,0,0,0,32,32,64
04:48:00,288,0,0,0,0,32,32,64
04:49:00,289,0,0,0,0,32,32,64
04:50:00,290,0,0,0,0,32,32,64
04:51:00,291,0,0,0,0,32,32,64
04:52:00,292,0,0,0,0,32,32,64
04:53:00,293,0,0,0,0,32,32,64
04:54:00,294,0,0,0,0,32,32,64
04:55:00,295,0,0,0,0,32,32,64
04:56:00,296,0,0,0,0,32,32,64
04:57:00,297,0,0,0,0,32,32,64
04:58:00,298,0,0,0,0,32,32,64
04:59:00,299,0,0,0,0,32,32,64
05:00:00,300,0,0,0,0,32,32,64
05:01:00,301,0,0,0,0,32,32,64
05:02:00,302,0,0,0,0,32,32,64
05:03:00,303,0,0,0,0,32,32,64
05:04:00,304,0,0,0,0,32,32,64
05:05:00,305,0,0,0,0,32,32,64
05:06:00,306,0,0,0,0,32,32,64
05:07:00,307,0,0,0,0,32,32,64
05:08:00,308,0,0,0,0,32,32,64
05:09:00,309,0,0,0,0,32,32,64
05:10:00,310,0,0,0,0,32,32,64
05:11:00,311,0,0,0,0,32,32,64
05:12:00,312,0,0,0,0,32,32,64
05:13:00,313,0,0,0,0,32,32,64
05:14:00,314,0,0,0,0,32,32,64
05:15:00,315,0,0,0,0,32,32,64
05:16:00,316,0,0,0,0,32,32,64
05:17:00,317,0,0,0,0,32,32,64
05:18:00,318,0,0,0,0,32,32,64
05:19:00,319,0,0,0,0,32,32,64
05:20:00,320,0,0,0,0,32,32,64
05:21:00,321,0,0,0,0,32,32,64
05:22:00,322,0,0,0,0,32,32,64
05:23:00,323,0,0,0,0,32,32,64
05:24:00,324,0,0,0,0,32,32,64
05:25:00,325,0,0,0,0,32,32,64
05:26:00,326,0,0,0,0,32,32,64
05:27:00,327,0,0,0,0,32,32,64
05:28:00,328,0,0,0,0,32,32,64
05:29:00,329,0,0,0,0,32,32,64
05:30:00,330,0,0,0,0,32,32,64
05:31:00,331,0,0,0,0,37,38,74
05:32:00,332,0,0,0,0,42,44,85
05:33:00,333,0,0,0,0,47,50,95
05:34:00,334,0,0,0,0,53,56,106
05:35:00,335,0,0,0,0,58,62,117
05:36:00,336,0,0,0,0,63,68,127
05:37:00,337,0,0,0,0,69,75,138
05:38:00,338,0,0,0,0,74,81,148
05:39:00,339,0,0,0,0,79,87,159
05:40:00,340,0,0,0,0,85,93,170
05:41:00,341,0,0,0,0,90,99,180
05:42:00,342,0,0,0,0,95,105,191
05:43:00,343,0,0,0,0,101,112,202
05:44:00,344,0,0,0,0,106,118,212
05:45:00,345,0,0,0,0,111,124,223
05:46:00,346,0,0,0,0,116,130,233
05:47:00,347,0,0,0,0,122,136,244
05:48:00,348,0,0,0,0,127,142,255
05:49:00,349,0,0,0,0,132,149,265
05:50:00,350,0,0,0,0,138,155,276
05:51:00,351,0,0,0,0,143,161,286
05:52:00,352,0,0,0,0,148,167,297
05:53:00,353,0,0,0,0,154,173,308
05:54:00,354,0,0,0,0,159,179,318
05:55:00,355,0,0,0,0,164,185,329
05:56:00,356,0,0,0,0,170,192,340
05:57:00,357,0,0,0,0,175,198,350
05:58:00,358,0,0,0,0,180,204,361
05:59:00,359,0,0,0,0,185,210,371
06:00:00,360,0,0,0,0,191,216,382
06:01:00,361,13,13,6,0,191,216,382
06:02:00,362,26,26,13,0,191,216,382
06:03:00,363,39,39,19,0,191,216,382
06:04:00,364,53,53,26,1,191,216,382
06:05:00,365,65,65,32,1,191,216,382
06:06:00,366,78,78,39,1,191,216,382
06:07:00,367,91,91,45,1,191,216,382
06:08:00,368,103,103,51,2,191,216,382
06:09:00,369,115,115,57,2,191,216,382
06:10:00,370,127,127,63,2,191,216,382
06:11:00,371,138,138,69,2,191,216,382
06:12:00,372,149,149,74,3,191,216,382
06:13:00,373,160,160,80,3,191,216,382
06:14:00,374,170,170,85,3,191,216,382
06:15:00,375,180,180,90,3,191,216,382
06:16:00,376,189,189,94,4,191,216,382
06:17:00,377,198,198,99,4,191,216,382
06:18:00,378,206,206,103,4,191,216,382
06:19:00,379,213,213,106,4,191,216,382
06:20:00,380,220,220,110,5,191,216,382
06:21:00,381,227,227,113,5,191,216,382
06:22:00,382,232,232,116,5,191,216,382
06:23:00,383,238,238,119,5,191,216,382
06:24:00,384,242,242,121,6,191,216,382
06:25:00,385,246,246,123,6,191,216,382
06:26:00,386,249,249,124,6,191,216,382
06:27:00,387,251,251,125,6,191,216,382
06:28:00,388,253,253,126,7,191,216,382
06:29:00,389,254,254,127,7,191,216,382
06:30:00,390,255,255,255,7,191,216,382
06:31:00,391,254,254,127,7,191,216,382
06:32:00,392,253,253,126,8,191,216,382
06:33:00,393,251,251,125,8,191,216,382
06:34:00,394,249,249,124,8,191,216,382
06:35:00,395,246,246,123,8,191,216,382
06:36:00,396,242,242,121,9,191,216,382
06:37:00,397,238,238,119,9,191,216,382
06:38:00,398,232,232,116,9,191,216,382
06:39:00,399,227,227,113,9,191,216,382
06:40:00,400,220,220,110,10,191,216,382
06:41:00,401,213,213,106,10,191,216,382
06:42:00,402,206,206,103,10,191,216,382
06:43:00,403,198,198,99,10,191,216,382
06:44:00,404,189,189,94,11,191,216,382
06:45:00,405,180,180,90,11,191,216,382
06:46:00,406,170,170,85,11,191,216,382
06:47:00,407,160,160,80,11,191,216,382
06:48:00,408,149,149,74,12,191,216,382
06:49:00,409,138,138,69,12,191,216,382
06:50:00,410,127,127,63,12,191,216,382
06:51:00,411,115,115,57,12,191,216,382
06:52:00,412,103,103,51,13,191,216,382
06:53:00,413,91,91,45,13,191,216,382
06:54:00,414,78,78,39,13,191,216,382
06:55:00,415,65,65,32,13,191,216,382
06:56:00,416,53,53,26,14,191,216,382
06:57:00,417,39,39,19,14,191,216,382
06:58:00,418,26,26,13,14,191,216,382
06:59:00,419,13,13,6,14,191,216,382
07:00:00,420,0,0,0,15,191,216,382
07:01:00,421,255,255,255,15,191,216,382
07:02:00,422,255,255,255,15,191,216,382
07:03:00,423,255,255,255,15,191,216,382
07:04:00,424,255,255,255,16,191,216,382
07:05:00,425,255,255,255,16,191,216,382
07:06:00,426,255,255,255,16,191,216,382
07:07:00,427,255,255,255,16,191,216,382
07:08:00,428,255,255,255,17,191,216,382
07:09:00,429,255,255,255,17,191,216,382
07:10:00,430,255,255,255,17,191,216,382
07:11:00,431,255,255,255,17,191,216,382
07:12:00,432,255,255,255,18,191,216,382
07:13:00,433,255,255,255,18,191,216,382
07:14:00,434,255,255,255,18,191,216,382
07:15:00,435,255,255,255,18,191,216,382
07:16:00,436,255,255,255,19,191,216,382
07:17:00,437,255,255,255,19,191,216,382
07:18:00,438,255,255,255,19,191,216,382
07:19:00,439,255,255,255,19,191,216,382
07:20:00,440,255,255,255,20,191,216,382
07:21:00,441,255,255,255,20,191,216,382
07:22:00,442,255,255,255,20,191,216,382
07:23:00,443,255,255,255,20,191,216,382
07:24:00,444,255,255,255,21,191,216,382
07:25:00,445,255,255,255,21,191,216,382
07:26:00,446,255,255,255,21,191,216,382
07:27:00,447,255,255,255,21,191,216,382
07:28:00,448,255,255,255,22,191,216,382
07:29:00,449,255,255,255,22,191,216,382
07:30:00,450,255,255,255,22,191,216,382
07:31:00,451,255,255,255,22,191,216,382
07:32:00,452,255,255,255,23,191,216,382
07:33:00,453,255,255,255,23,191,216,382
07:34:00,454,255,255,255,23,191,216,382
07:35:00,455,255,255,255,23,191,216,382
07:36:00,456,255,255,255,24,191,216,382
07:37:00,457,255,255,255,24,191,216,382
07:38:00,458,255,255,255,24,191,216,382
07:39:00,459,255,255,255,24,191,216,382
07:40:00,460,255,255,255,25,191,216,382
07:41:00,461,255,255,255,25,191,216,382
07:42:00,462,255,255,255,25,191,216,382
07:43:00,463,255,255,255,25,191,216,382
07:44:00,464,255,255,255,26,191,216,382
07:45:00,465,255,255,255,26,191,216,382
07:46:00,466,255,255,255,26,191,216,382
07:47:00,467,255,255,255,26,191,216,382
07:48:00,468,255,255,255,27,191,216,382
07:49:00,469,255,255,255,27,191,216,382
07:50:00,470,255,255,255,27,191,216,382
07:51:00,471,255,255,255,27,191,216,382
07:52:00,472,255,255,255,28,191,216,382
07:53:00,473,255,255,255,28,191,216,382
07:54:00,474,255,255,255,28,191,216,382
07:55:00,475,255,255,255,28,191,216,382
07:56:00,476,255,255,255,29,191,216,382
07:57:00,477,255,255,255,29,191,216,382
07:58:00,478,255,255,255,29,191,216,382
07:59:00,479,255,255,255,29,191,216,382
08:00:00,480,255,255,255,30,191,216,382
08:01:00,481,255,255,255,30,191,216,382
08:02:00,482,255,255,255,30,191,216,382
08:03:00,483,255,255,255,30,191,216,382
08:04:00,484,255,255,255,31,191,216,382
08:05:00,485,255,255,255,31,191,216,382
08:06:00,486,255,255,255,31,191,216,382
08:07:00,487,255,255,255,31,191,216,382
08:08:00,488,255,255,255,32,191,216,382
08:09:00,489,255,255,255,32,191,216,382
08:10:00,490,255,255,255,32,191,216,382
08:11:00,491,255,255,255,32,191,216,382
08:12:00,492,255,255,255,33,191,216,382
08:13:00,493,255,255,255,33,191,216,382
08:14:00,494,255,255,255,33,191,216,382
08:15:00,495,255,255,255,33,191,216,382
08:16:00,496,255,255,255,34,191,216,382
08:17:00,497,255,255,255,34,191,216,382
08:18:00,498,255,255,255,34,191,216,382
08:19:00,499,255,255,255,34,191,216,382
08:20:00,500,255,255,255,35,191,216,382
08:21:00,501,255,255,255,35,191,216,382
08:22:00,502,255,255,255,35,191,216,382
08:23:00,503,255,255,255,35,191,216,382
08:24:00,504,255,255,255,36,191,216,382
08:25:00,505,255,255,255,36,191,216,382
08:26:00,506,255,255,255,36,191,216,382
08:27:00,507,255,255,255,36,191,216,382
08:28:00,508,255,255,255,37,191,216,382
08:29:00,509,255,255,255,37,191,216,382
08:30:00,510,255,255,255,37,191,216,382
08:31:00,511,255,255,255,37,191,216,382
08:32:00,512,255,255,255,38,191,216,382
08:33:00,513,255,255,255,38,191,216,382
08:34:00,514,255,255,255,38,191,216,382
08:35:00,515,255,255,255,38,191,216,382
08:36:00,516,255,255,255,39,191,216,382
08:37:00,517,255,255,255,39,191,216,382
08:38:00,518,255,255,255,39,191,216,382
08:39:00,519,255,255,255,39,191,216,382
08:40:00,520,255,255,255,40,191,216,382
08:41:00,521,255,255,255,40,191,216,382
08:42:00,522,255,255,255,40,191,216,382
08:43:00,523,255,255,255,40,191,216,382
08:44:00,524,255,255,255,41,191,216,382
08:45:00,525,255,255,255,41,191,216,382
08:46:00,526,255,255,255,41,191,216,382
08:47:00,527,255,255,255,41,191,216,382
08:48:00,528,255,255,255,42,191,216,382
08:49:00,529,255,255,255,42,191,216,382
08:50:00,530,255,255,255,42,191,216,382
08:51:00,531,255,255,255,42,191,216,382
08:52:00,532,255,255,255,43,191,216,382
08:53:00,533,255,255,255,43,191,216,382
08:54:00,534,255,255,255,43,191,216,382
08:55:00,535,255,255,255,43,191,216,382
08:56:00,536,255,255,255,44,191,216,382
08:57:00,537,255,255,255,44,191,216,382
08:58:00,538,255,255,255,44,191,216,382
08:59:00,539,255,255,255,44,191,216,382
09:00:00,540,255,255,255,45,191,216,382
09:01:00,541,255,255,255,45,191,216,382
09:02:00,542,255,255,255,45,191,216,382
09:03:00,543,255,255,255,45,191,216,382
09:04:00,544,255,255,255,46,191,216,382
09:05:00,545,255,255,255,46,191,216,382
09:06:00,546,255,255,255,46,191,216,382
09:07:00,547,255,255,255,46,191,216,382
09:08:00,548,255,255,255,47,191,216,382
09:09:00,549,255,255,255,47,191,216,382
09:10:00,550,255,255,255,47,191,216,382
09:11:00,551,255,255,255,47,191,216,382
09:12:00,552,255,255,255,48,191,216,382
09:13:00,553,255,255,255,48,191,216,382
09:14:00,554,255,255,255,48,191,216,382
09:15:00,555,255,255,255,48,191,216,382
09:16:00,556,255,255,255,49,191,216,382
09:17:00,557,255,255,255,49,191,216,382
09:18:00,558,255,255,255,49,191,216,382
09:19:00,559,255,255,255,49,191,216,382
09:20:00,560,255,255,255,50,191,216,382
09:21:00,561,255,255,255,50,191,216,382
09:22:00,562,255,255,255,50,191,216,382
09:23:00,563,255,255,255,50,191,216,382
09:24:00,564,255,255,255,51,191,216,382
09:25:00,565,255,255,255,51,191,216,382
09:26:00,566,255,255,255,51,191,216,382
09:27:00,567,255,255,255,51,191,216,382
09:28:00,568,255,255,255,52,191,216,382
09:29:00,569,255,255,255,52,191,216,382
09:30:00,570,255,255,255,52,191,216,382
09:31:00,571,255,255,255,52,191,216,382
09:32:00,572,255,255,255,53,191,216,382
09:33:00,573,255,255,255,53,191,216,382
09:34:00,574,255,255,255,53,191,216,382
09:35:00,575,255,255,255,53,191,216,382
09:36:00,576,255,255,255,54,191,216,382
09:37:00,577,255,255,255,54,191,216,382
09:38:00,578,255,255,255,54,191,216,382
09:39:00,579,255,255,255,54,191,216,382
09:40:00,580,255,255,255,55,191,216,382
09:41:00,581,255,255,255,55,191,216,382
09:42:00,582,255,255,255,55,191,216,382
09:43:00,583,255,255,255,55,191,216,382
09:44:00,584,255,255,255,56,191,216,382
09:45:00,585,255,255,255,56,191,216,382
09:46:00,586,255,255,255,56,191,216,382
09:47:00,587,255,255,255,56,191,216,382
09:48:00,588,255,255,255,57,191,216,382
09:49:00,589,255,255,255,57,191,216,382
09:50:00,590,255,255,255,57,191,216,382
09:51:00,591,255,255,255,57,191,216,382
09:52:00,592,255,255,255,58,191,216,382
09:53:00,593,255,255,255,58,191,216,382
09:54:00,594,255,255,255,58,191,216,382
09:55:00,595,255,255,255,58,191,216,382
09:56:00,596,255,255,255,59,191,216,382
09:57:00,597,255,255,255,59,191,216,382
09:58:00,598,255,255,255,59,191,216,382
09:59:00,599,255,255,255,59,191,216,382
10:00:00,600,255,255,255,60,191,216,382
10:01:00,601,255,255,255,60,191,216,382
10:02:00,602,255,255,255,60,191,216,382
10:03:00,603,255,255,255,60,191,216,382
10:04:00,604,255,255,255,61,191,216,382
10:05:00,605,255,255,255,61,191,216,382
10:06:00,606,255,255,255,61,191,216,382
10:07:00,607,255,255,255,61,191,216,382
10:08:00,608,255,255,255,62,191,216,382
10:09:00,609,255,255,255,62,191,216,382
10:10:00,610,255,255,255,62,191,216,382
10:11:00,611,255,255,255,62,191,216,382
10:12:00,612,255,255,255,63,191,216,382
10:13:00,613,255,255,255,63,191,216,382
10:14:00,614,255,255,255,63,191,216,382
10:15:00,615,255,255,255,63,191,216,382
10:16:00,616,255,255,255,64,191,216,382
10:17:00,617,255,255,255,64,191,216,382
10:18:00,618,255,255,255,64,191,216,382
10:19:00,619,255,255,255,64,191,216,382
10:20:00,620,255,255,255,65,191,216,382
10:21:00,621,255,255,255,65,191,216,382
10:22:00,622,255,255,255,65,191,216,382
10:23:00,623,255,255,255,65,191,216,382
10:24:00,624,255,255,255,66,191,216,382
10:25:00,625,255,255,255,66,191,216,382
10:26:00,626,255,255,255,66,191,216,382
10:27:00,627,255,255,255,66,191,216,382
10:28:00,628,255,255,255,67,191,216,382
10:29:00,629,255,255,255,67,191,216,382
10:30:00,630,255,255,255,67,191,216,382
10:31:00,631,255,255,255,67,191,216,382
10:32:00,632,255,255,255,68,191,216,382
10:33:00,633,255,255,255,68,191,216,382
10:34:00,634,255,255,255,68,191,216,382
10:35:00,635,255,255,255,68,191,216,382
10:36:00,636,255,255,255,69,191,216,382
10:37:00,637,255,255,255,69,191,216,382
10:38:00,638,255,255,255,69,191,216,382
10:39:00,639,255,255,255,69,191,216,382
10:40:00,640,255,255,255,70,191,216,382
10:41:00,641,255,255,255,70,191,216,382
10:42:00,642,255,255,255,70,191,216,382
10:43:00,643,255,255,255,70,191,216,382
10:44:00,644,255,255,255,71,191,216,382
10:45:00,645,255,255,255,71,191,216,382
10:46:00,646,255,255,255,71,191,216,382
10:47:00,647,255,255,255,71,191,216,382
10:48:00,648,255,255,255,72,191,216,382
10:49:00,649,255,255,255,72,191,216,382
10:50:00,650,255,255,255,72,191,216,382
10:51:00,651,255,255,255,72,191,216,382
10:52:00,652,255,255,255,73,191,216,382
10:53:00,653,255,255,255,73,191,216,382
10:54:00,654,255,255,255,73,191,216,382
10:55:00,655,255,255,255,73,191,216,382
10:56:00,656,255,255,255,74,191,216,382
10:57:00,657,255,255,255,74,191,216,382
10:58:00,658,255,255,255,74,191,216,382
10:59:00,659,255,255,255,74,191,216,382
11:00:00,660,255,255,255,75,191,216,382
11:01:00,661,255,255,255,75,191,216,382
11:02:00,662,255,255,255,75,191,216,382
11:03:00,663,255,255,255,75,191,216,382
11:04:00,664,255,255,255,76,191,216,382
11:05:00,665,255,255,255,76,191,216,382
11:06:00,666,255,255,255,76,191,216,382
11:07:00,667,255,255,255,76,191,216,382
11:08:00,668,255,255,255,77,191,216,382
11:09:00,669,255,255,255,77,191,216,382
11:10:00,670,255,255,255,77,191,216,382
11:11:00,671,255,255,255,77,191,216,382
11:12:00,672,255,255,255,78,191,216,382
11:13:00,673,255,255,255,78,191,216,382
11:14:00,674,255,255,255,78,191,216,382
11:15:00,675,255,255,255,78,191,216,382
11:16:00,676,255,255,255,79,191,216,382
11:17:00,677,255,255,255,79,191,216,382
11:18:00,678,255,255,255,79,191,216,382
11:19:00,679,255,255,255,79,191,216,382
11:20:00,680,255,255,255,80,191,216,382
11:21:00,681,255,255,255,80,191,216,382
11:22:00,682,255,255,255,80,191,216,382
11:23:00,683,255,255,255,80,191,216,382
11:24:00,684,255,255,255,81,191,216,382
11:25:00,685,255,255,255,81,191,216,382
11:26:00,686,255,255,255,81,191,216,382
11:27:00,687,255,255,255,81,191,216,382
11:28:00,688,255,255,255,82,191,216,382
11:29:00,689,255,255,255,82,191,216,382
11:30:00,690,255,255,255,82,191,216,382
11:31:00,691,255,255,255,82,191,216,382
11:32:00,692,255,255,255,83,191,216,382
11:33:00,693,255,255,255,83,191,216,382
11:34:00,694,255,255,255,83,191,216,382
11:35:00,695,255,255,255,83,191,216,382
11:36:00,696,255,255,255,84,191,216,382
11:37:00,697,255,255,255,84,191,216,382
11:38:00,698,255,255,255,84,191,216,382
11:39:00,699,255,255,255,84,191,216,382
11:40:00,700,255,255,255,85,191,216,382
11:41:00,701,255,255,255,85,191,216,382
11:42:00,702,255,255,255,85,191,216,382
11:43:00,703,255,255,255,85,191,216,382
11:44:00,704,255,255,255,86,191,216,382
11:45:00,705,255,255,255,86,191,216,382
11:46:00,706,255,255,255,86,191,216,382
11:47:00,707,255,255,255,86,191,216,382
11:48:00,708,255,255,255,87,191,216,382
11:49:00,709,255,255,255,87,191,216,382
11:50:00,710,255,255,255,87,191,216,382
11:51:00,711,255,255,255,87,191,216,382
11:52:00,712,255,255,255,88,191,216,382
11:53:00,713,255,255,255,88,191,216,382
11:54:00,714,255,255,255,88,191,216,382
11:55:00,715,255,255,255,88,191,216,382
11:56:00,716,255,255,255,89,191,216,382
11:57:00,717,255,255,255,89,191,216,382
11:58:00,718,255,255,255,89,191,216,382
11:59:00,719,255,255,255,89,191,216,382
12:00:00,720,255,255,255,90,191,216,382
12:01:00,721,255,255,255,90,191,216,382
12:02:00,722,255,255,255,90,191,216,382
12:03:00,723,255,255,255,90,191,216,382
12:04:00,724,255,255,255,91,191,216,382
12:05:00,725,255,255,255,91,191,216,382
12:06:00,726,255,255,255,91,191,216,382
12:07:00,727,255,255,255,91,191,216,382
12:08:00,728,255,255,255,92,191,216,382
12:09:00,729,255,255,255,92,191,216,382
12:10:00,730,255,255,255,92,191,216,382
12:11:00,731,255,255,255,92,191,216,382
12:12:00,732,255,255,255,93,191,216,382
12:13:00,733,255,255,255,93,191,216,382
12:14:00,734,255,255,255,93,191,216,382
12:15:00,735,255,255,255,93,191,216,382
12:16:00,736,255,255,255,94,191,216,382
12:17:00,737,255,255,255,94,191,216,382
12:18:00,738,255,255,255,94,191,216,382
12:19:00,739,255,255,255,94,191,216,382
12:20:00,740,255,255,255,95,191,216,382
12:21:00,741,255,255,255,95,191,216,382
12:22:00,742,255,255,255,95,191,216,382
12:23:00,743,255,255,255,95,191,216,382
12:24:00,744,255,255,255,96,191,216,382
12:25:00,745,255,255,255,96,191,216,382
12:26:00,746,255,255,255,96,191,216,382
12:27:00,747,255,255,255,96,191,216,382
12:28:00,748,255,255,255,97,191,216,382
12:29:00,749,255,255,255,97,191,216,382
12:30:00,750,255,255,255,97,191,216,382
12:31:00,751,255,255,255,97,191,216,382
12:32:00,752,255,255,255,98,191,216,382
12:33:00,753,255,255,255,98,191,216,382
12:34:00,754,255,255,255,98,191,216,382
12:35:00,755,255,255,255,98,191,216,382
12:36:00,756,255,255,255,99,191,216,382
12:37:00,757,255,255,255,99,191,216,382
12:38:00,758,255,255,255,99,191,216,382
12:39:00,759,255,255,255,99,191,216,382
12:40:00,760,255,255,255,100,191,216,382
12:41:00,761,255,255,255,100,191,216,382
12:42:00,762,255,255,255,100,191,216,382
12:43:00,763,255,255,255,100,191,216,382
12:44:00,764,255,255,255,101,191,216,382
12:45:00,765,255,255,255,101,191,216,382
12:46:00,766,255,255,255,101,191,216,382
12:47:00,767,255,255,255,101,191,216,382
12:48:00,768,255,255,255,102,191,216,382
12:49:00,769,255,255,255,102,191,216,382
12:50:00,770,255,255,255,102,191,216,382
12:51:00,771,255,255,255,102,191,216,382
12:52:00,772,255,255,255,103,191,216,382
12:53:00,773,255,255,255,103,191,216,382
12:54:00,774,255,255,255,103,191,216,382
12:55:00,775,255,255,255,103,191,216,382
12:56:00,776,255,255,255,104,191,216,382
12:57:00,777,255,255,255,104,191,216,382
12:58:00,778,255,255,255,104,191,216,382
12:59:00,779,255,255,255,104,191,216,382
13:00:00,780,255,255,255,105,191,216,382
13:01:00,781,255,255,255,105,191,216,382
13:02:00,782,255,255,255,105,191,216,382
13:03:00,783,255,255,255,105,191,216,382
13:04:00,784,255,255,255,106,191,216,382
13:05:00,785,255,255,255,106,191,216,382
13:06:00,786,255,255,255,106,191,216,382
13:07:00,787,255,255,255,106,191,216,382
13:08:00,788,255,255,255,107,191,216,382
13:09:00,789,255,255,255,107,191,216,382
13:10:00,790,255,255,255,107,191,216,382
13:11:00,791,255,255,255,107,191,216,382
13:12:00,792,255,255,255,108,191,216,382
13:13:00,793,255,255,255,108,191,216,382
13:14:00,794,255,255,255,108,191,216,382
13:15:00,795,255,255,255,108,191,216,382
13:16:00,796,255,255,255,109,191,216,382
13:17:00,797,255,255,255,109,191,216,382
13:18:00,798,255,255,255,109,191,216,382
13:19:00,799,255,255,255,109,191,216,382
13:20:00,800,255,255,255,110,191,216,382
13:21:00,801,255,255,255,110,191,216,382
13:22:00,802,255,255,255,110,191,216,382
13:23:00,803,255,255,255,110,191,216,382
13:24:00,804,255,255,255,111,191,216,382
13:25:00,805,255,255,255,111,191,216,382
13:26:00,806,255,255,255,111,191,216,382
13:27:00,807,255,255,255,111,191,216,382
13:28:00,808,255,255,255,112,191,216,382
13:29:00,809,255,255,255,112,191,216,382
13:30:00,810,255,255,255,112,191,216,382
13:31:00,811,255,255,255,112,191,216,382
13:32:00,812,255,255,255,113,191,216,382
13:33:00,813,255,255,255,113,191,216,382
13:34:00,814,255,255,255,113,191,216,382
13:35:00,815,255,255,255,113,191,216,382
13:36:00,816,255,255,255,114,191,216,382
13:37:00,817,255,255,255,114,191,216,382
13:38:00,818,255,255,255,114,191,216,382
13:39:00,819,255,255,255,114,191,216,382
13:40:00,820,255,255,255,115,191,216,382
13:41:00,821,255,255,255,115,191,216,382
13:42:00,822,255,255,255,115,191,216,382
13:43:00,823,255,255,255,115,191,216,382
13:44:00,824,255,255,255,116,191,216,382
13:45:00,825,255,255,255,116,191,216,382
13:46:00,826,255,255,255,116,191,216,382
13:47:00,827,255,255,255,116,191,216,382
13:48:00,828,255,255,255,117,191,216,382
13:49:00,829,255,255,255,117,191,216,382
13:50:00,830,255,255,255,117,191,216,382
13:51:00,831,255,255,255,117,191,216,382
13:52:00,832,255,255,255,118,191,216,382
13:53:00,833,255,255,255,118,191,216,382
13:54:00,834,255,255,255,118,191,216,382
13:55:00,835,255,255,255,118,191,216,382
13:56:00,836,255,255,255,119,191,216,382
13:57:00,837,255,255,255,119,191,216,382
13:58:00,838,255,255,255,119,191,216,382
13:59:00,839,255,255,255,119,191,216,382
14:00:00,840,255,255,255,120,191,216,382
14:01:00,841,255,255,255,120,191,216,382
14:02:00,842,255,255,255,120,191,216,382
14:03:00,843,255,255,255,120,191,216,382
14:04:00,844,255,255,255,121,191,216,382
14:05:00,845,255,255,255,121,191,216,382
14:06:00,846,255,255,255,121,191,216,382
14:07:00,847,255,255,255,121,191,216,382
14:08:00,848,255,255,255,122,191,216,382
14:09:00,849,255,255,255,122,191,216,382
14:10:00,850,255,255,255,122,191,216,382
14:11:00,851,255,255,255,122,191,216,382
14:12:00,852,255,255,255,123,191,216,382
14:13:00,853,255,255,255,123,191,216,382
14:14:00,854,255,255,255,123,191,216,382
14:15:00,855,255,255,255,123,191,216,382
14:16:00,856,255,255,255,124,191,216,382
14:17:00,857,255,255,255,124,191,216,382
14:18:00,858,255,255,255,124,191,216,382
14:19:00,859,255,255,255,124,191,216,382
14:20:00,860,255,255,255,125,191,216,382
14:21:00,861,255,255,255,125,191,216,382
14:22:00,862,255,255,255,125,191,216,382
14:23:00,863,255,255,255,125,191,216,382
14:24:00,864,255,255,255,126,191,216,382
14:25:00,865,255,255,255,126,191,216,382
14:26:00,866,255,255,255,126,191,216,382
14:27:00,867,255,255,255,126,191,216,382
14:28:00,868,255,255,255,127,191,216,382
14:29:00,869,255,255,255,127,191,216,382
14:30:00,870,255,255,255,127,191,216,382
14:31:00,871,255,255,255,127,191,216,382
14:32:00,872,255,255,255,128,191,216,382
14:33:00,873,255,255,255,128,191,216,382
14:34:00,874,255,255,255,128,191,216,382
14:35:00,875,255,255,255,128,191,216,382
14:36:00,876,255,255,255,129,191,216,382
14:37:00,877,255,255,255,129,191,216,382
14:38:00,878,255,255,255,129,191,216,382
14:39:00,879,255,255,255,129,191,216,382
14:40:00,880,255,255,255,130,191,216,382
14:41:00,881,255,255,255,130,191,216,382
14:42:00,882,255,255,255,130,191,216,382
14:43:00,883,255,255,255,130,191,216,382
14:44:00,884,255,255,255,131,191,216,382
14:45:00,885,255,255,255,131,191,216,382
14:46:00,886,255,255,255,131,191,216,382
14:47:00,887,255,255,255,131,191,216,382
14:48:00,888,255,255,255,132,191,216,382
14:49:00,889,255,255,255,132,191,216,382
14:50:00,890,255,255,255,132,191,216,382
14:51:00,891,255,255,255,132,191,216,382
14:52:00,892,255,255,255,133,191,216,382
14:53:00,893,255,255,255,133,191,216,382
14:54:00,894,255,255,255,133,191,216,382
14:55:00,895,255,255,255,133,191,216,382
14:56:00,896,255,255,255,134,191,216,382
14:57:00,897,255,255,255,134,191,216,382
14:58:00,898,255,255,255,134,191,216,382
14:59:00,899,255,255,255,134,191,216,382
15:00:00,900,255,255,255,135,191,216,382
15:01:00,901,255,255,255,135,191,216,382
15:02:00,902,255,255,255,135,191,216,382
15:03:00,903,255,255,255,135,191,216,382
15:04:00,904,255,255,255,136,191,216,382
15:05:00,905,255,255,255,136,191,216,382
15:06:00,906,255,255,255,136,191,216,382
15:07:00,907,255,255,255,136,191,216,382
15:08:00,908,255,255,255,137,191,216,382
15:09:00,909,255,255,255,137,191,216,382
15:10:00,910,255,255,255,137,191,216,382
15:11:00,911,255,255,255,137,191,216,382
15:12:00,912,255,255,255,138,191,216,382
15:13:00,913,255,255,255,138,191,216,382
15:14:00,914,255,255,255,138,191,216,382
15:15:00,915,255,255,255,138,191,216,382
15:16:00,916,255,255,255,139,191,216,382
15:17:00,917,255,255,255,139,191,216,382
15:18:00,918,255,255,255,139,191,216,382
15:19:00,919,255,255,255,139,191,216,382
15:20:00,920,255,255,255,140,191,216,382
15:21:00,921,255,255,255,140,191,216,382
15:22:00,922,255,255,255,140,191,216,382
15:23:00,923,255,255,255,140,191,216,382
15:24:00,924,255,255,255,141,191,216,382
15:25:00,925,255,255,255,141,191,216,382
15:26:00,926,255,255,255,141,191,216,382
15:27:00,927,255,255,255,141,191,216,382
15:28:00,928,255,255,255,142,191,216,382
15:29:00,929,255,255,255,142,191,216,382
15:30:00,930,255,255,255,142,191,216,382
15:31:00,931,255,255,255,142,191,216,382
15:32:00,932,255,255,255,143,191,216,382
15:33:00,933,255,255,255,143,191,216,382
15:34:00,934,255,255,255,143,191,216,382
15:35:00,935,255,255,255,143,191,216,382
15:36:00,936,255,255,255,144,191,216,382
15:37:00,937,255,255,255,144,191,216,382
15:38:00,938,255,255,255,144,191,216,382
15:39:00,939,255,255,255,144,191,216,382
15:40:00,940,255,255,255,145,191,216,382
15:41:00,941,255,255,255,145,191,216,382
15:42:00,942,255,255,255,145,191,216,382
15:43:00,943,255,255,255,145,191,216,382
15:44:00,944,255,255,255,146,191,216,382
15:45:00,945,255,255,255,146,191,216,382
15:46:00,946,255,255,255,146,191,216,382
15:47:00,947,255,255,255,146,191,216,382
15:48:00,948,255,255,255,147,191,216,382
15:49:00,949,255,255,255,147,191,216,382
15:50:00,950,255,255,255,147,191,216,382
15:51:00,951,255,255,255,147,191,216,382
15:52:00,952,255,255,255,148,191,216,382
15:53:00,953,255,255,255,148,191,216,382
15:54:00,954,255,255,255,148,191,216,382
15:55:00,955,255,255,255,148,191,216,382
15:56:00,956,255,255,255,149,191,216,382
15:57:00,957,255,255,255,149,191,216,382
15:58:00,958,255,255,255,149,191,216,382
15:59:00,959,255,255,255,149,191,216,382
16:00:00,960,255,255,255,150,191,216,382
16:01:00,961,255,255,255,150,191,216,382
16:02:00,962,255,255,255,150,191,216,382
16:03:00,963,255,255,255,150,191,216,382
16:04:00,964,255,255,255,151,191,216,382
16:05:00,965,255,255,255,151,191,216,382
16:06:00,966,255,255,255,151,191,216,382
16:07:00,967,255,255,255,151,191,216,382
16:08:00,968,255,255,255,152,191,216,382
16:09:00,969,255,255,255,152,191,216,382
16:10:00,970,255,255,255,152,191,216,382
16:11:00,971,255,255,255,152,191,216,382
16:12:00,972,255,255,255,153,191,216,382
16:13:00,973,255,255,255,153,191,216,382
16:14:00,974,255,255,255,153,191,216,382
16:15:00,975,255,255,255,153,191,216,382
16:16:00,976,255,255,255,154,191,216,382
16:17:00,977,255,255,255,154,191,216,382
16:18:00,978,255,255,255,154,191,216,382
16:19:00,979,255,255,255,154,191,216,382
16:20:00,980,255,255,255,155,191,216,382
16:21:00,981,255,255,255,155,191,216,382
16:22:00,982,255,255,255,155,191,216,382
16:23:00,983,255,255,255,155,191,216,382
16:24:00,984,255,255,255,156,191,216,382
16:25:00,985,255,255,255,156,191,216,382
16:26:00,986,255,255,255,156,191,216,382
16:27:00,987,255,255,255,156,191,216,382
16:28:00,988,255,255,255,157,191,216,382
16:29:00,989,255,255,255,157,191,216,382
16:30:00,990,255,255,255,157,191,216,382
16:31:00,991,255,255,255,157,191,216,382
16:32:00,992,255,255,255,158,191,216,382
16:33:00,993,255,255,255,158,191,216,382
16:34:00,994,255,255,255,158,191,216,382
16:35:00,995,255,255,255,158,191,216,382
16:36:00,996,255,255,255,159,191,216,382
16:37:00,997,255,255,255,159,191,216,382
16:38:00,998,255,255,255,159,191,216,382
16:39:00,999,255,255,255,159,191,216,382
16:40:00,1000,255,255,255,160,191,216,382
16:41:00,1001,255,255,255,160,191,216,382
16:42:00,1002,255,255,255,160,191,216,382
16:43:00,1003,255,255,255,160,191,216,382
16:44:00,1004,255,255,255,161,191,216,382
16:45:00,1005,255,255,255,161,191,216,382
16:46:00,1006,255,255,255,161,191,216,382
16:47:00,1007,255,255,255,161,191,216,382
16:48:00,1008,255,255,255,162,191,216,382
16:49:00,1009,255,255,255,162,191,216,382
16:50:00,1010,255,255,255,162,191,216,382
16:51:00,1011,255,255,255,162,191,216,382
16:52:00,1012,255,255,255,163,191,216,382
16:53:00,1013,255,255,255,163,191,216,382
16:54:00,1014,255,255,255,163,191,216,382
16:55:00,1015,255,255,255,163,191,216,382
16:56:00,1016,255,255,255,164,191,216,382
16:57:00,1017,255,255,255,164,191,216,382
16:58:00,1018,255,255,255,164,191,216,382
16:59:00,1019,255,255,255,164,191,216,382
17:00:00,1020,0,0,0,165,191,216,382
17:01:00,1021,13,13,6,165,191,216,382
17:02:00,1022,26,26,13,165,191,216,382
17:03:00,1023,39,39,19,165,191,216,382
17:04:00,1024,53,53,26,166,191,216,382
17:05:00,1025,65,65,32,166,191,216,382
17:06:00,1026,78,78,39,166,191,216,382
17:07:00,1027,91,91,45,166,191,216,382
17:08:00,1028,103,103,51,167,191,216,382
17:09:00,1029,115,115,57,167,191,216,382
17:10:00,1030,127,127,63,167,191,216,382
17:11:00,1031,138,138,69,167,191,216,382
17:12:00,1032,149,149,74,168,191,216,382
17:13:00,1033,160,160,80,168,191,216,382
17:14:00,1034,170,170,85,168,191,216,382
17:15:00,1035,180,180,90,168,191,216,382
17:16:00,1036,189,189,94,169,191,216,382
17:17:00,1037,198,198,99,169,191,216,382
17:18:00,1038,206,206,103,169,191,216,382
17:19:00,1039,213,213,106,169,191,216,382
17:20:00,1040,220,220,110,170,191,216,382
17:21:00,1041,227,227,113,170,191,216,382
17:22:00,1042,232,232,116,170,191,216,382
17:23:00,1043,238,238,119,170,191,216,382
17:24:00,1044,242,242,121,171,191,216,382
17:25:00,1045,246,246,123,171,191,216,382
17:26:00,1046,249,249,124,171,191,216,382
17:27:00,1047,251,251,125,171,191,216,382
17:28:00,1048,253,253,126,172,191,216,382
17:29:00,1049,254,254,127,172,191,216,382
17:30:00,1050,255,255,255,172,191,216,382
17:31:00,1051,254,254,127,172,191,216,382
17:32:00,1052,253,253,126,173,191,216,382
17:33:00,1053,251,251,125,173,191,216,382
17:34:00,1054,249,249,124,173,191,216,382
17:35:00,1055,246,246,123,173,191,216,382
17:36:00,1056,242,242,121,174,191,216,382
17:37:00,1057,238,238,119,174,191,216,382
17:38:00,1058,232,232,116,174,191,216,382
17:39:00,1059,227,227,113,174,191,216,382
17:40:00,1060,220,220,110,175,191,216,382
17:41:00,1061,213,213,106,175,191,216,382
17:42:00,1062,206,206,103,175,191,216,382
17:43:00,1063,198,198,99,175,191,216,382
17:44:00,1064,189,189,94,176,191,216,382
17:45:00,1065,180,180,90,176,191,216,382
17:46:00,1066,170,170,85,176,191,216,382
17:47:00,1067,160,160,80,176,191,216,382
17:48:00,1068,149,149,74,177,191,216,382
17:49:00,1069,138,138,69,177,191,216,382
17:50:00,1070,127,127,63,177,191,216,382
17:51:00,1071,115,115,57,177,191,216,382
17:52:00,1072,103,103,51,178,191,216,382
17:53:00,1073,91,91,45,178,191,216,382
17:54:00,1074,78,78,39,178,191,216,382
17:55:00,1075,65,65,32,178,191,216,382
17:56:00,1076,53,53,26,179,191,216,382
17:57:00,1077,39,39,19,179,191,216,382
17:58:00,1078,26,26,13,179,191,216,382
17:59:00,1079,13,13,6,179,191,216,382
18:00:00,1080,0,0,0,180,191,216,382
18:01:00,1081,0,0,0,180,185,210,371
18:02:00,1082,0,0,0,180,180,204,361
18:03:00,1083,0,0,0,180,175,198,350
18:04:00,1084,0,0,0,180,170,192,340
18:05:00,1085,0,0,0,180,164,185,329
18:06:00,1086,0,0,0,180,159,179,318
18:07:00,1087,0,0,0,180,154,173,308
18:08:00,1088,0,0,0,180,148,167,297
18:09:00,1089,0,0,0,180,143,161,286
18:10:00,1090,0,0,0,180,138,155,276
18:11:00,1091,0,0,0,180,132,149,265
18:12:00,1092,0,0,0,180,127,142,255
18:13:00,1093,0,0,0,180,122,136,244
18:14:00,1094,0,0,0,180,116,130,233
18:15:00,1095,0,0,0,180,111,124,223
18:16:00,1096,0,0,0,180,106,118,212
18:17:00,1097,0,0,0,180,101,112,202
18:18:00,1098,0,0,0,180,95,105,191
18:19:00,1099,0,0,0,180,90,99,180
18:20:00,1100,0,0,0,180,85,93,170
18:21:00,1101,0,0,0,180,79,87,159
18:22:00,1102,0,0,0,180,74,81,148
18:23:00,1103,0,0,0,180,69,75,138
18:24:00,1104,0,0,0,180,63,68,127
18:25:00,1105,0,0,0,180,58,62,117
18:26:00,1106,0,0,0,180,53,56,106
18:27:00,1107,0,0,0,180,47,50,95
18:28:00,1108,0,0,0,180,42,44,85
18:29:00,1109,0,0,0,180,37,38,74
18:30:00,1110,0,0,0,180,32,32,64
18:31:00,1111,0,0,0,180,32,32,64
18:32:00,1112,0,0,0,180,32,32,64
18:33:00,1113,0,0,0,180,32,32,64
18:34:00,1114,0,0,0,180,32,32,64
18:35:00,1115,0,0,0,180,32,32,64
18:36:00,1116,0,0,0,180,32,32,64
18:37:00,1117,0,0,0,180,32,32,64
18:38:00,1118,0,0,0,180,32,32,64
18:39:00,1119,0,0,0,180,32,32,64
18:40:00,1120,0,0,0,180,32,32,64
18:41:00,1121,0,0,0,180,32,32,64
18:42:00,1122,0,0,0,180,32,32,64
18:43:00,1123,0,0,0,180,32,32,64
18:44:00,1124,0,0,0,180,32,32,64
18:45:00,1125,0,0,0,180,32,32,64
18:46:00,1126,0,0,0,180,32,32,64
18:47:00,1127,0,0,0,180,32,32,64
18:48:00,1128,0,0,0,180,32,32,64
18:49:00,1129,0,0,0,180,32,32,64
18:50:00,1130,0,0,0,180,32,32,64
18:51:00,1131,0,0,0,180,32,32,64
18:52:00,1132,0,0,0,180,32,32,64
18:53:00,1133,0,0,0,180,32,32,64
18:54:00,1134,0,0,0,180,32,32,64
18:55:00,1135,0,0,0,180,32,32,64
18:56:00,1136,0,0,0,180,32,32,64
18:57:00,1137,0,0,0,180,32,32,64
18:58:00,1138,0,0,0,180,32,32,64
18:59:00,1139,0,0,0,180,32,32,64
19:00:00,1140,0,0,0,180,32,32,64
19:01:00,1141,0,0,0,180,32,32,64
19:02:00,1142,0,0,0,180,32,32,64
19:03:00,1143,0,0,0,180,32,32,64
19:04:00,1144,0,0,0,180,32,32,64
19:05:00,1145,0,0,0,180,32,32,64
19:06:00,1146,0,0,0,180,32,32,64
19:07:00,1147,0,0,0,180,32,32,64
19:08:00,1148,0,0,0,180,32,32,64
19:09:00,1149,0,0,0,180,32,32,64
19:10:00,1150,0,0,0,180,32,32,64
19:11:00,1151,0,0,0,180,32,32,64
19:12:00,1152,0,0,0,180,32,32,64
19:13:00,1153,0,0,0,180,32,32,64
19:14:00,1154,0,0,0,180,32,32,64
19:15:00,1155,0,0,0,180,32,32,64
19:16:00,1156,0,0,0,180,32,32,64
19:17:00,1157,0,0,0,180,32,32,64
19:18:00,1158,0,0,0,180,32,32,64
19:19:00,1159,0,0,0,180,32,32,64
19:20:00,1160,0,0,0,180,32,32,64
19:21:00,1161,0,0,0,180,32,32,64
19:22:00,1162,0,0,0,180,32,32,64
19:23:00,1163,0,0,0,180,32,32,64
19:24:00,1164,0,0,0,180,32,32,64
19:25:00,1165,0,0,0,180,32,32,64
19:26:00,1166,0,0,0,180,32,32,64
19:27:00,1167,0,0,0,180,32,32,64
19:28:00,1168,0,0,0,180,32,32,64
19:29:00,1169,0,0,0,180,32,32,64
19:30:00,1170,0,0,0,180,32,32,64
19:31:00,1171,0,0,0,180,32,32,64
19:32:00,1172,0,0,0,180,32,32,64
19:33:00,1173,0,0,0,180,32,32,64
19:34:00,1174,0,0,0,180,32,32,64
19:35:00,1175,0,0,0,180,32,32,64
19:36:00,1176,0,0,0,180,32,32,64
19:37:00,1177,0,0,0,180,32,32,64
19:38:00,1178,0,0,0,180,32,32,64
19:39:00,1179,0,0,0,180,32,32,64
19:40:00,1180,0,0,0,180,32,32,64
19:41:00,1181,0,0,0,180,32,32,64
19:42:00,1182,0,0,0,180,32,32,64
19:43:00,1183,0,0,0,180,32,32,64
19:44:00,1184,0,0,0,180,32,32,64
19:45:00,1185,0,0,0,180,32,32,64
19:46:00,1186,0,0,0,180,32,32,64
19:47:00,1187,0,0,0,180,32,32,64
19:48:00,1188,0,0,0,180,32,32,64
19:49:00,1189,0,0,0,180,32,32,64
19:50:00,1190,0,0,0,180,32,32,64
19:51:00,1191,0,0,0,180,32,32,64
19:52:00,1192,0,0,0,180,32,32,64
19:53:00,1193,0,0,0,180,32,32,64
19:54:00,1194,0,0,0,180,32,32,64
19:55:00,1195,0,0,0,180,32,32,64
19:56:00,1196,0,0,0,180,32,32,64
19:57:00,1197,0,0,0,180,32,32,64
19:58:00,1198,0,0,0,180,32,32,64
19:59:00,1199,0,0,0,180,32,32,64
20:00:00,1200,0,0,0,180,32,32,64
20:01:00,1201,0,0,0,180,32,32,64
20:02:00,1202,0,0,0,180,32,32,64
20:03:00,1203,0,0,0,180,32,32,64
20:04:00,1204,0,0,0,180,32,32,64
20:05:00,1205,0,0,0,180,32,32,64
20:06:00,1206,0,0,0,180,32,32,64
20:07:00,1207,0,0,0,180,32,32,64
20:08:00,1208,0,0,0,180,32,32,64
20:09:00,1209,0,0,0,180,32,32,64
20:10:00,1210,0,0,0,180,32,32,64
20:11:00,1211,0,0,0,180,32,32,64
20:12:00,1212,0,0,0,180,32,32,64
20:13:00,1213,0,0,0,180,32,32,64
20:14:00,1214,0,0,0,180,32,32,64
20:15:00,1215,0,0,0,180,32,32,64
20:16:00,1216,0,0,0,180,32,32,64
20:17:00,1217,0,0,0,180,32,32,64
20:18:00,1218,0,0,0,180,32,32,64
20:19:00,1219,0,0,0,180,32,32,64
20:20:00,1220,0,0,0,180,32,32,64
20:21:00,1221,0,0,0,180,32,32,64
20:22:00,1222,0,0,0,180,32,32,64
20:23:00,1223,0,0,0,180,32,32,64
20:24:00,1224,0,0,0,180,32,32,64
20:25:00,1225,0,0,0,180,32,32,64
20:26:00,1226,0,0,0,180,32,32,64
20:27:00,1227,0,0,0,180,32,32,64
20:28:00,1228,0,0,0,180,32,32,64
20:29:00,1229,0,0,0,180,32,32,64
20:30:00,1230,0,0,0,180,32,32,64
20:31:00,1231,0,0,0,180,32,32,64
20:32:00,1232,0,0,0,180,32,32,64
20:33:00,1233,0,0,0,180,32,32,64
20:34:00,1234,0,0,0,180,32,32,64
20:35:00,1235,0,0,0,180,32,32,64
20:36:00,1236,0,0,0,180,32,32,64
20:37:00,1237,0,0,0,180,32,32,64
20:38:00,1238,0,0,0,180,32,32,64
20:39:00,1239,0,0,0,180,32,32,64
20:40:00,1240,0,0,0,180,32,32,64
20:41:00,1241,0,0,0,180,32,32,64
20:42:00,1242,0,0,0,180,32,32,64
20:43:00,1243,0,0,0,180,32,32,64
20:44:00,1244,0,0,0,180,32,32,64
20:45:00,1245,0,0,0,180,32,32,64
20:46:00,1246,0,0,0,180,32,32,64
20:47:00,1247,0,0,0,180,32,32,64
20:48:00,1248,0,0,0,180,32,32,64
20:49:00,1249,0,0,0,180,32,32,64
20:50:00,1250,0,0,0,180,32,32,64
20:51:00,1251,0,0,0,180,32,32,64
20:52:00,1252,0,0,0,180,32,32,64
20:53:00,1253,0,0,0,180,32,32,64
20:54:00,1254,0,0,0,180,32,32,64
20:55:00,1255,0,0,0,180,32,32,64
20:56:00,1256,0,0,0,180,32,32,64
20:57:00,1257,0,0,0,180,32,32,64
20:58:00,1258,0,0,0,180,32,32,64
20:59:00,1259,0,0,0,180,32,32,64
21:00:00,1260,0,0,0,180,32,32,64
21:01:00,1261,0,0,0,180,32,32,64
21:02:00,1262,0,0,0,180,32,32,64
21:03:00,1263,0,0,0,180,32,32,64
21:04:00,1264,0,0,0,180,32,32,64
21:05:00,1265,0,0,0,180,32,32,64
21:06:00,1266,0,0,0,180,32,32,64
21:07:00,1267,0,0,0,180,32,32,64
21:08:00,1268,0,0,0,180,32,32,64
21:09:00,1269,0,0,0,180,32,32,64
21:10:00,1270,0,0,0,180,32,32,64
21:11:00,1271,0,0,0,180,32,32,64
21:12:00,1272,0,0,0,180,32,32,64
21:13:00,1273,0,0,0,180,32,32,64
21:14:00,1274,0,0,0,180,32,32,64
21:15:00,1275,0,0,0,180,32,32,64
21:16:00,1276,0,0,0,180,32,32,64
21:17:00,1277,0,0,0,180,32,32,64
21:18:00,1278,0,0,0,180,32,32,64
21:19:00,1279,0,0,0,180,32,32,64
21:20:00,1280,0,0,0,180,32,32,64
21:21:00,1281,0,0,0,180,32,32,64
21:22:00,1282,0,0,0,180,32,32,64
21:23:00,1283,0,0,0,180,32,32,64
21:24:00,1284,0,0,0,180,32,32,64
21:25:00,1285,0,0,0,180,32,32,64
21:26:00,1286,0,0,0,180,32,32,64
21:27:00,1287,0,0,0,180,32,32,64
21:28:00,1288,0,0,0,180,32,32,64
21:29:00,1289,0,0,0,180,32,32,64
21:30:00,1290,0,0,0,180,32,32,64
21:31:00,1291,0,0,0,180,32,32,64
21:32:00,1292,0,0,0,180,32,32,64
21:33:00,1293,0,0,0,180,32,32,64
21:34:00,1294,0,0,0,180,32,32,64
21:35:00,1295,0,0,0,180,32,32,64
21:36:00,1296,0,0,0,180,32,32,64
21:37:00,1297,0,0,0,180,32,32,64
21:38:00,1298,0,0,0,180,32,32,64
21:39:00,1299,0,0,0,180,32,32,64
21:40:00,1300,0,0,0,180,32,32,64
21:41:00,1301,0,0,0,180,32,32,64
21:42:00,1302,0,0,0,180,32,32,64
21:43:00,1303,0,0,0,180,32,32,64
21:44:00,1304,0,0,0,180,32,32,64
21:45:00,1305,0,0,0,180,32,32,64
21:46:00,1306,0,0,0,180,32,32,64
21:47:00,1307,0,0,0,180,32,32,64
21:48:00,1308,0,0,0,180,32,32,64
21:49:00,1309,0,0,0,180,32,32,64
21:50:00,1310,0,0,0,180,32,32,64
21:51:00,1311,0,0,0,180,32,32,64
21:52:00,1312,0,0,0,180,32,32,64
21:53:00,1313,0,0,0,180,32,32,64
21:54:00,1314,0,0,0,180,32,32,64
21:55:00,1315,0,0,0,180,32,32,64
21:56:00,1316,0,0,0,180,32,32,64
21:57:00,1317,0,0,0,180,32,32,64
21:58:00,1318,0,0,0,180,32,32,64
21:59:00,1319,0,0,0,180,32,32,64
22:00:00,1320,0,0,0,180,32,32,64
22:01:00,1321,0,0,0,180,32,32,64
22:02:00,1322,0,0,0,180,32,32,64
22:03:00,1323,0,0,0,180,32,32,64
22:04:00,1324,0,0,0,180,32,32,64
22:05:00,1325,0,0,0,180,32,32,64
22:06:00,1326,0,0,0,180,32,32,64
22:07:00,1327,0,0,0,180,32,32,64
22:08:00,1328,0,0,0,180,32,32,64
22:09:00,1329,0,0,0,180,32,32,64
22:10:00,1330,0,0,0,180,32,32,64
22:11:00,1331,0,0,0,180,32,32,64
22:12:00,1332,0,0,0,180,32,32,64
22:13:00,1333,0,0,0,180,32,32,64
22:14:00,1334,0,0,0,180,32,32,64
22:15:00,1335,0,0,0,180,32,32,64
22:16:00,1336,0,0,0,180,32,32,64
22:17:00,1337,0,0,0,180,32,32,64
22:18:00,1338,0,0,0,180,32,32,64
22:19:00,1339,0,0,0,180,32,32,64
22:20:00,1340,0,0,0,180,32,32,64
22:21:00,1341,0,0,0,180,32,32,64
22:22:00,1342,0,0,0,180,32,32,64
22:23:00,1343,0,0,0,180,32,32,64
22:24:00,1344,0,0,0,180,32,32,64
22:25:00,1345,0,0,0,180,32,32,64
22:26:00,1346,0,0,0,180,32,32,64
22:27:00,1347,0,0,0,180,32,32,64
22:28:00,1348,0,0,0,180,32,32,64
22:29:00,1349,0,0,0,180,32,32,64
22:30:00,1350,0,0,0,180,32,32,64
22:31:00,1351,0,0,0,180,32,32,64
22:32:00,1352,0,0,0,180,32,32,64
22:33:00,1353,0,0,0,180,32,32,64
22:34:00,1354,0,0,0,180,32,32,64
22:35:00,1355,0,0,0,180,32,32,64
22:36:00,1356,0,0,0,180,32,32,64
22:37:00,1357,0,0,0,180,32,32,64
22:38:00,1358,0,0,0,180,32,32,64
22:39:00,1359,0,0,0,180,32,32,64
22:40:00,1360,0,0,0,180,32,32,64
22:41:00,1361,0,0,0,180,32,32,64
22:42:00,1362,0,0,0,180,32,32,64
22:43:00,1363,0,0,0,180,32,32,64
22:44:00,1364,0,0,0,180,32,32,64
22:45:00,1365,0,0,0,180,32,32,64
22:46:00,1366,0,0,0,180,32,32,64
22:47:00,1367,0,0,0,180,32,32,64
22:48:00,1368,0,0,0,180,32,32,64
22:49:00,1369,0,0,0,180,32,32,64
22:50:00,1370,0,0,0,180,32,32,64
22:51:00,1371,0,0,0,180,32,32,64
22:52:00,1372,0,0,0,180,32,32,64
22:53:00,1373,0,0,0,180,32,32,64
22:54:00,1374,0,0,0,180,32,32,64
22:55:00,1375,0,0,0,180,32,32,64
22:56:00,1376,0,0,0,180,32,32,64
22:57:00,1377,0,0,0,180,32,32,64
22:58:00,1378,0,0,0,180,32,32,64
22:59:00,1379,0,0,0,180,32,32,64
23:00:00,1380,0,0,0,180,32,32,64
23:01:00,1381,0,0,0,180,32,32,64
23:02:00,1382,0,0,0,180,32,32,64
23:03:00,1383,0,0,0,180,32,32,64
23:04:00,1384,0,0,0,180,32,32,64
23:05:00,1385,0,0,0,180,32,32,64
23:06:00,1386,0,0,0,180,32,32,64
23:07:00,1387,0,0,0,180,32,32,64
23:08:00,1388,0,0,0,180,32,32,64
23:09:00,1389,0,0,0,180,32,32,64
23:10:00,1390,0,0,0,180,32,32,64
23:11:00,1391,0,0,0,180,32,32,64
23:12:00,1392,0,0,0,180,32,32,64
23:13:00,1393,0,0,0,180,32,32,64
23:14:00,1394,0,0,0,180,32,32,64
23:15:00,1395,0,0,0,180,32,32,64
23:16:00,1396,0,0,0,180,32,32,64
23:17:00,1397,0,0,0,180,32,32,64
23:18:00,1398,0,0,0,180,32,32,64
23:19:00,1399,0,0,0,180,32,32,64
23:20:00,1400,0,0,0,180,32,32,64
23:21:00,1401,0,0,0,180,32,32,64
23:22:00,1402,0,0,0,180,32,32,64
23:23:00,1403,0,0,0,180,32,32,64
23:24:00,1404,0,0,0,180,32,32,64
23:25:00,1405,0,0,0,180,32,32,64
23:26:00,1406,0,0,0,180,32,32,64
23:27:00,1407,0,0,0,180,32,32,64
23:28:00,1408,0,0,0,180,32,32,64
23:29:00,1409,0,0,0,180,32,32,64
23:30:00,1410,0,0,0,180,32,32,64
23:31:00,1411,0,0,0,180,32,32,64
23:32:00,1412,0,0,0,180,32,32,64
23:33:00,1413,0,0,0,180,32,32,64
23:34:00,1414,0,0,0,180,32,32,64
23:35:00,1415,0,0,0,180,32,32,64
23:36:00,1416,0,0,0,180,32,32,64
23:37:00,1417,0,0,0,180,32,32,64
23:38:00,1418,0,0,0,180,32,32,64
23:39:00,1419,0,0,0,180,32,32,64
23:40:00,1420,0,0,0,180,32,32,64
23:41:00,1421,0,0,0,180,32,32,64
23:42:00,1422,0,0,0,180,32,32,64
23:43:00,1423,0,0,0,180,32,32,64
23:44:00,1424,0,0,0,180,32,32,64
23:45:00,1425,0,0,0,180,32,32,64
23:46:00,1426,0,0,0,180,32,32,64
23:47:00,1427,0,0,0,180,32,32,64
23:48:00,1428,0,0,0,180,32,32,64
23:49:00,1429,0,0,0,180,32,32,64
23:50:00,1430,0,0,0,180,32,32,64
23:51:00,1431,0,0,0,180,32,32,64
23:52:00,1432,0,0,0,180,32,32,64
23:53:00,1433,0,0,0,180,32,32,64
23:54:00,1434,0,0,0,180,32,32,64
23:55:00,1435,0,0,0,180,32,32,64
23:56:00,1436,0,0,0,180,32,32,64
23:57:00,1437,0,0,0,180,32,32,64
23:58:00,1438,0,0,0,180,32,32,64
23:59:00,1439,0,0,0,180,32,32,64
