Minute,Light Intensity,Light Direction,Sky Color RGB,Sunlight Color RGB
0,0.0,0.0,"(25, 25, 112)","(255, 204, 153)"
1,0.0,0.0,"(27, 26, 112)","(255, 204, 153)"
2,0.0,0.0,"(29, 28, 112)","(255, 204, 153)"
3,0.0,0.0,"(31, 29, 113)","(255, 204, 153)"
4,0.0,0.0,"(33, 31, 113)","(255, 204, 153)"
5,0.0,0.0,"(35, 32, 113)","(255, 204, 153)"
6,0.0,0.0,"(37, 34, 114)","(255, 204, 153)"
7,0.0,0.0,"(39, 35, 114)","(255, 204, 153)"
8,0.0,0.0,"(41, 37, 114)","(255, 204, 153)"
9,0.0,0.0,"(43, 39, 115)","(255, 204, 153)"
10,0.0,0.0,"(45, 40, 115)","(255, 204, 153)"
11,0.0,0.0,"(47, 42, 115)","(255, 204, 153)"
12,0.0,0.0,"(49, 43, 116)","(255, 204, 153)"
13,0.0,0.0,"(51, 45, 116)","(255, 204, 153)"
14,0.0,0.0,"(53, 46, 116)","(255, 204, 153)"
15,0.0,0.0,"(55, 48, 117)","(255, 204, 153)"
16,0.0,0.0,"(57, 49, 117)","(255, 204, 153)"
17,0.0,0.0,"(58, 51, 118)","(255, 204, 153)"
18,0.0,0.0,"(60, 53, 118)","(255, 204, 153)"
19,0.0,0.0,"(62, 54, 118)","(255, 204, 153)"
20,0.0,0.0,"(64, 56, 119)","(255, 204, 153)"
21,0.0,0.0,"(66, 57, 119)","(255, 204, 153)"
22,0.0,0.0,"(68, 59, 119)","(255, 204, 153)"
23,0.0,0.0,"(70, 60, 120)","(255, 204, 153)"
24,0.0,0.0,"(72, 62, 120)","(255, 204, 153)"
25,0.0,0.0,"(74, 63, 120)","(255, 204, 153)"
26,0.0,0.0,"(76, 65, 121)","(255, 204, 153)"
27,0.0,0.0,"(78, 66, 121)","(255, 204, 153)"
28,0.0,0.0,"(80, 68, 121)","(255, 204, 153)"
29,0.0,0.0,"(82, 69, 122)","(255, 204, 153)"
30,0.0,0.0,"(84, 71, 122)","(255, 204, 153)"
31,0.0,0.0,"(86, 72, 122)","(255, 204, 153)"
32,0.0,0.0,"(88, 74, 123)","(255, 204, 153)"
33,0.0,0.0,"(90, 75, 123)","(255, 204, 153)"
34,0.0,0.0,"(92, 77, 123)","(255, 204, 153)"
35,0.0,0.0,"(94, 78, 124)","(255, 204, 153)"
36,0.0,0.0,"(96, 80, 124)","(255, 204, 153)"
37,0.0,0.0,"(97, 81, 125)","(255, 204, 153)"
38,0.0,0.0,"(99, 83, 125)","(255, 204, 153)"
39,0.0,0.0,"(101, 84, 125)","(255, 204, 153)"
40,0.0,0.0,"(103, 86, 126)","(255, 204, 153)"
41,0.0,0.0,"(105, 87, 126)","(255, 204, 153)"
42,0.0,0.0,"(107, 89, 126)","(255, 204, 153)"
43,0.0,0.0,"(109, 90, 127)","(255, 204, 153)"
44,0.0,0.0,"(111, 92, 127)","(255, 204, 153)"
45,0.0,0.0,"(113, 93, 127)","(255, 204, 153)"
46,0.0,0.0,"(114, 94, 128)","(255, 204, 153)"
47,0.0,0.0,"(116, 96, 128)","(255, 204, 153)"
48,0.0,0.0,"(118, 97, 128)","(255, 204, 153)"
49,0.0,0.0,"(120, 99, 129)","(255, 204, 153)"
50,0.0,0.0,"(122, 100, 129)","(255, 204, 153)"
51,0.0,0.0,"(124, 102, 129)","(255, 204, 153)"
52,0.0,0.0,"(125, 103, 129)","(255, 204, 153)"
53,0.0,0.0,"(127, 104, 130)","(255, 204, 153)"
54,0.0,0.0,"(129, 106, 130)","(255, 204, 153)"
55,0.0,0.0,"(131, 107, 130)","(255, 204, 153)"
56,0.0,0.0,"(132, 109, 131)","(255, 204, 153)"
57,0.0,0.0,"(134, 110, 131)","(255, 204, 153)"
58,0.0,0.0,"(136, 111, 131)","(255, 204, 153)"
59,0.0,0.0,"(138, 113, 132)","(255, 204, 153)"
60,0.0,0.0,"(140, 114, 132)","(255, 204, 153)"
61,0.0,0.0,"(141, 115, 132)","(255, 204, 153)"
62,0.0,0.0,"(143, 117, 133)","(255, 204, 153)"
63,0.0,0.0,"(145, 118, 133)","(255, 204, 153)"
64,0.0,0.0,"(146, 119, 133)","(255, 204, 153)"
65,0.0,0.0,"(148, 121, 134)","(255, 204, 153)"
66,0.0,0.0,"(150, 122, 134)","(255, 204, 153)"
67,0.0,0.0,"(151, 123, 134)","(255, 204, 153)"
68,0.0,0.0,"(153, 125, 134)","(255, 204, 153)"
69,0.0,0.0,"(155, 126, 135)","(255, 204, 153)"
70,0.0,0.0,"(156, 127, 135)","(255, 204, 153)"
71,0.0,0.0,"(158, 128, 135)","(255, 204, 153)"
72,0.0,0.0,"(160, 130, 136)","(255, 204, 153)"
73,0.0,0.0,"(161, 131, 136)","(255, 204, 153)"
74,0.0,0.0,"(163, 132, 136)","(255, 204, 153)"
75,0.0,0.0,"(165, 133, 136)","(255, 204, 153)"
76,0.0,0.0,"(166, 135, 137)","(255, 204, 153)"
77,0.0,0.0,"(168, 136, 137)","(255, 204, 153)"
78,0.0,0.0,"(169, 137, 137)","(255, 204, 153)"
79,0.0,0.0,"(171, 138, 138)","(255, 204, 153)"
80,0.0,0.0,"(172, 140, 138)","(255, 204, 153)"
81,0.0,0.0,"(174, 141, 138)","(255, 204, 153)"
82,0.0,0.0,"(175, 142, 138)","(255, 204, 153)"
83,0.0,0.0,"(177, 143, 139)","(255, 204, 153)"
84,0.0,0.0,"(178, 144, 139)","(255, 204, 153)"
85,0.0,0.0,"(180, 145, 139)","(255, 204, 153)"
86,0.0,0.0,"(181, 147, 139)","(255, 204, 153)"
87,0.0,0.0,"(183, 148, 140)","(255, 204, 153)"
88,0.0,0.0,"(184, 149, 140)","(255, 204, 153)"
89,0.0,0.0,"(186, 150, 140)","(255, 204, 153)"
90,0.0,0.0,"(187, 151, 140)","(255, 204, 153)"
91,0.0,0.0,"(189, 152, 141)","(255, 204, 153)"
92,0.0,0.0,"(190, 153, 141)","(255, 204, 153)"
93,0.0,0.0,"(191, 154, 141)","(255, 204, 153)"
94,0.0,0.0,"(193, 155, 141)","(255, 204, 153)"
95,0.0,0.0,"(194, 156, 142)","(255, 204, 153)"
96,0.0,0.0,"(195, 158, 142)","(255, 204, 153)"
97,0.0,0.0,"(197, 159, 142)","(255, 204, 153)"
98,0.0,0.0,"(198, 160, 142)","(255, 204, 153)"
99,0.0,0.0,"(199, 161, 143)","(255, 204, 153)"
100,0.0,0.0,"(201, 162, 143)","(255, 204, 153)"
101,0.0,0.0,"(202, 163, 143)","(255, 204, 153)"
102,0.0,0.0,"(203, 164, 143)","(255, 204, 153)"
103,0.0,0.0,"(204, 165, 144)","(255, 204, 153)"
104,0.0,0.0,"(206, 166, 144)","(255, 204, 153)"
105,0.0,0.0,"(207, 167, 144)","(255, 204, 153)"
106,0.0,0.0,"(208, 167, 144)","(255, 204, 153)"
107,0.0,0.0,"(209, 168, 144)","(255, 204, 153)"
108,0.0,0.0,"(211, 169, 145)","(255, 204, 153)"
109,0.0,0.0,"(212, 170, 145)","(255, 204, 153)"
110,0.0,0.0,"(213, 171, 145)","(255, 204, 153)"
111,0.0,0.0,"(214, 172, 145)","(255, 204, 153)"
112,0.0,0.0,"(215, 173, 145)","(255, 204, 153)"
113,0.0,0.0,"(216, 174, 146)","(255, 204, 153)"
114,0.0,0.0,"(217, 175, 146)","(255, 204, 153)"
115,0.0,0.0,"(218, 175, 146)","(255, 204, 153)"
116,0.0,0.0,"(220, 176, 146)","(255, 204, 153)"
117,0.0,0.0,"(221, 177, 146)","(255, 204, 153)"
118,0.0,0.0,"(222, 178, 147)","(255, 204, 153)"
119,0.0,0.0,"(223, 179, 147)","(255, 204, 153)"
120,0.0,0.0,"(224, 180, 147)","(255, 204, 153)"
121,0.0,0.0,"(225, 180, 147)","(255, 204, 153)"
122,0.0,0.0,"(226, 181, 147)","(255, 204, 153)"
123,0.0,0.0,"(227, 182, 148)","(255, 204, 153)"
124,0.0,0.0,"(228, 183, 148)","(255, 204, 153)"
125,0.0,0.0,"(229, 183, 148)","(255, 204, 153)"
126,0.0,0.0,"(229, 184, 148)","(255, 204, 153)"
127,0.0,0.0,"(230, 185, 148)","(255, 204, 153)"
128,0.0,0.0,"(231, 185, 148)","(255, 204, 153)"
129,0.0,0.0,"(232, 186, 149)","(255, 204, 153)"
130,0.0,0.0,"(233, 187, 149)","(255, 204, 153)"
131,0.0,0.0,"(234, 187, 149)","(255, 204, 153)"
132,0.0,0.0,"(235, 188, 149)","(255, 204, 153)"
133,0.0,0.0,"(235, 189, 149)","(255, 204, 153)"
134,0.0,0.0,"(236, 189, 149)","(255, 204, 153)"
135,0.0,0.0,"(237, 190, 149)","(255, 204, 153)"
136,0.0,0.0,"(238, 190, 150)","(255, 204, 153)"
137,0.0,0.0,"(238, 191, 150)","(255, 204, 153)"
138,0.0,0.0,"(239, 192, 150)","(255, 204, 153)"
139,0.0,0.0,"(240, 192, 150)","(255, 204, 153)"
140,0.0,0.0,"(241, 193, 150)","(255, 204, 153)"
141,0.0,0.0,"(241, 193, 150)","(255, 204, 153)"
142,0.0,0.0,"(242, 194, 150)","(255, 204, 153)"
143,0.0,0.0,"(243, 194, 150)","(255, 204, 153)"
144,0.0,0.0,"(243, 195, 150)","(255, 204, 153)"
145,0.0,0.0,"(244, 195, 151)","(255, 204, 153)"
146,0.0,0.0,"(244, 196, 151)","(255, 204, 153)"
147,0.0,0.0,"(245, 196, 151)","(255, 204, 153)"
148,0.0,0.0,"(246, 197, 151)","(255, 204, 153)"
149,0.0,0.0,"(246, 197, 151)","(255, 204, 153)"
150,0.0,0.0,"(247, 197, 151)","(255, 204, 153)"
151,0.0,0.0,"(247, 198, 151)","(255, 204, 153)"
152,0.0,0.0,"(248, 198, 151)","(255, 204, 153)"
153,0.0,0.0,"(248, 199, 151)","(255, 204, 153)"
154,0.0,0.0,"(249, 199, 151)","(255, 204, 153)"
155,0.0,0.0,"(249, 199, 152)","(255, 204, 153)"
156,0.0,0.0,"(249, 200, 152)","(255, 204, 153)"
157,0.0,0.0,"(250, 200, 152)","(255, 204, 153)"
158,0.0,0.0,"(250, 200, 152)","(255, 204, 153)"
159,0.0,0.0,"(251, 201, 152)","(255, 204, 153)"
160,0.0,0.0,"(251, 201, 152)","(255, 204, 153)"
161,0.0,0.0,"(251, 201, 152)","(255, 204, 153)"
162,0.0,0.0,"(252, 201, 152)","(255, 204, 153)"
163,0.0,0.0,"(252, 202, 152)","(255, 204, 153)"
164,0.0,0.0,"(252, 202, 152)","(255, 204, 153)"
165,0.0,0.0,"(253, 202, 152)","(255, 204, 153)"
166,0.0,0.0,"(253, 202, 152)","(255, 204, 153)"
167,0.0,0.0,"(253, 202, 152)","(255, 204, 153)"
168,0.0,0.0,"(253, 203, 152)","(255, 204, 153)"
169,0.0,0.0,"(253, 203, 152)","(255, 204, 153)"
170,0.0,0.0,"(254, 203, 152)","(255, 204, 153)"
171,0.0,0.0,"(254, 203, 152)","(255, 204, 153)"
172,0.0,0.0,"(254, 203, 152)","(255, 204, 153)"
173,0.0,0.0,"(254, 203, 152)","(255, 204, 153)"
174,0.0,0.0,"(254, 203, 152)","(255, 204, 153)"
175,0.0,0.0,"(254, 203, 152)","(255, 204, 153)"
176,0.0,0.0,"(254, 203, 152)","(255, 204, 153)"
177,0.0,0.0,"(254, 203, 152)","(255, 204, 153)"
178,0.0,0.0,"(254, 203, 152)","(255, 204, 153)"
179,0.0,0.0,"(254, 203, 152)","(255, 204, 153)"
180,0.0,0.0,"(255, 204, 153)","(255, 204, 153)"
181,0.0,0.0,"(254, 203, 152)","(255, 204, 153)"
182,0.0,0.0,"(254, 203, 152)","(255, 204, 153)"
183,0.0,0.0,"(254, 203, 152)","(255, 204, 153)"
184,0.0,0.0,"(254, 203, 152)","(255, 204, 153)"
185,0.0,0.0,"(254, 203, 152)","(255, 204, 153)"
186,0.0,0.0,"(254, 203, 152)","(255, 204, 153)"
187,0.0,0.0,"(254, 203, 152)","(255, 204, 153)"
188,0.0,0.0,"(254, 203, 152)","(255, 204, 153)"
189,0.0,0.0,"(254, 203, 152)","(255, 204, 153)"
190,0.0,0.0,"(254, 203, 152)","(255, 204, 153)"
191,0.0,0.0,"(253, 203, 152)","(255, 204, 153)"
192,0.0,0.0,"(253, 203, 152)","(255, 204, 153)"
193,0.0,0.0,"(253, 202, 152)","(255, 204, 153)"
194,0.0,0.0,"(253, 202, 152)","(255, 204, 153)"
195,0.0,0.0,"(253, 202, 152)","(255, 204, 153)"
196,0.0,0.0,"(252, 202, 152)","(255, 204, 153)"
197,0.0,0.0,"(252, 202, 152)","(255, 204, 153)"
198,0.0,0.0,"(252, 201, 152)","(255, 204, 153)"
199,0.0,0.0,"(251, 201, 152)","(255, 204, 153)"
200,0.0,0.0,"(251, 201, 152)","(255, 204, 153)"
201,0.0,0.0,"(251, 201, 152)","(255, 204, 153)"
202,0.0,0.0,"(250, 200, 152)","(255, 204, 153)"
203,0.0,0.0,"(250, 200, 152)","(255, 204, 153)"
204,0.0,0.0,"(249, 200, 152)","(255, 204, 153)"
205,0.0,0.0,"(249, 199, 152)","(255, 204, 153)"
206,0.0,0.0,"(249, 199, 151)","(255, 204, 153)"
207,0.0,0.0,"(248, 199, 151)","(255, 204, 153)"
208,0.0,0.0,"(248, 198, 151)","(255, 204, 153)"
209,0.0,0.0,"(247, 198, 151)","(255, 204, 153)"
210,0.0,0.0,"(247, 197, 151)","(255, 204, 153)"
211,0.0,0.0,"(246, 197, 151)","(255, 204, 153)"
212,0.0,0.0,"(246, 197, 151)","(255, 204, 153)"
213,0.0,0.0,"(245, 196, 151)","(255, 204, 153)"
214,0.0,0.0,"(244, 196, 151)","(255, 204, 153)"
215,0.0,0.0,"(244, 195, 151)","(255, 204, 153)"
216,0.0,0.0,"(243, 195, 150)","(255, 204, 153)"
217,0.0,0.0,"(243, 194, 150)","(255, 204, 153)"
218,0.0,0.0,"(242, 194, 150)","(255, 204, 153)"
219,0.0,0.0,"(241, 193, 150)","(255, 204, 153)"
220,0.0,0.0,"(241, 193, 150)","(255, 204, 153)"
221,0.0,0.0,"(240, 192, 150)","(255, 204, 153)"
222,0.0,0.0,"(239, 192, 150)","(255, 204, 153)"
223,0.0,0.0,"(238, 191, 150)","(255, 204, 153)"
224,0.0,0.0,"(238, 190, 150)","(255, 204, 153)"
225,0.0,0.0,"(237, 190, 149)","(255, 204, 153)"
226,0.0,0.0,"(236, 189, 149)","(255, 204, 153)"
227,0.0,0.0,"(235, 189, 149)","(255, 204, 153)"
228,0.0,0.0,"(235, 188, 149)","(255, 204, 153)"
229,0.0,0.0,"(234, 187, 149)","(255, 204, 153)"
230,0.0,0.0,"(233, 187, 149)","(255, 204, 153)"
231,0.0,0.0,"(232, 186, 149)","(255, 204, 153)"
232,0.0,0.0,"(231, 185, 148)","(255, 204, 153)"
233,0.0,0.0,"(230, 185, 148)","(255, 204, 153)"
234,0.0,0.0,"(229, 184, 148)","(255, 204, 153)"
235,0.0,0.0,"(229, 183, 148)","(255, 204, 153)"
236,0.0,0.0,"(228, 183, 148)","(255, 204, 153)"
237,0.0,0.0,"(227, 182, 148)","(255, 204, 153)"
238,0.0,0.0,"(226, 181, 147)","(255, 204, 153)"
239,0.0,0.0,"(225, 180, 147)","(255, 204, 153)"
240,0.0,0.0,"(224, 180, 147)","(255, 204, 153)"
241,0.0,0.0,"(223, 179, 147)","(255, 204, 153)"
242,0.0,0.0,"(222, 178, 147)","(255, 204, 153)"
243,0.0,0.0,"(221, 177, 146)","(255, 204, 153)"
244,0.0,0.0,"(220, 176, 146)","(255, 204, 153)"
245,0.0,0.0,"(218, 175, 146)","(255, 204, 153)"
246,0.0,0.0,"(217, 175, 146)","(255, 204, 153)"
247,0.0,0.0,"(216, 174, 146)","(255, 204, 153)"
248,0.0,0.0,"(215, 173, 145)","(255, 204, 153)"
249,0.0,0.0,"(214, 172, 145)","(255, 204, 153)"
250,0.0,0.0,"(213, 171, 145)","(255, 204, 153)"
251,0.0,0.0,"(212, 170, 145)","(255, 204, 153)"
252,0.0,0.0,"(211, 169, 145)","(255, 204, 153)"
253,0.0,0.0,"(209, 168, 144)","(255, 204, 153)"
254,0.0,0.0,"(208, 167, 144)","(255, 204, 153)"
255,0.0,0.0,"(207, 167, 144)","(255, 204, 153)"
256,0.0,0.0,"(206, 166, 144)","(255, 204, 153)"
257,0.0,0.0,"(204, 165, 144)","(255, 204, 153)"
258,0.0,0.0,"(203, 164, 143)","(255, 204, 153)"
259,0.0,0.0,"(202, 163, 143)","(255, 204, 153)"
260,0.0,0.0,"(201, 162, 143)","(255, 204, 153)"
261,0.0,0.0,"(199, 161, 143)","(255, 204, 153)"
262,0.0,0.0,"(198, 160, 142)","(255, 204, 153)"
263,0.0,0.0,"(197, 159, 142)","(255, 204, 153)"
264,0.0,0.0,"(195, 158, 142)","(255, 204, 153)"
265,0.0,0.0,"(194, 156, 142)","(255, 204, 153)"
266,0.0,0.0,"(193, 155, 141)","(255, 204, 153)"
267,0.0,0.0,"(191, 154, 141)","(255, 204, 153)"
268,0.0,0.0,"(190, 153, 141)","(255, 204, 153)"
269,0.0,0.0,"(189, 152, 141)","(255, 204, 153)"
270,0.0,0.0,"(187, 151, 140)","(255, 204, 153)"
271,0.0,0.0,"(186, 150, 140)","(255, 204, 153)"
272,0.0,0.0,"(184, 149, 140)","(255, 204, 153)"
273,0.0,0.0,"(183, 148, 140)","(255, 204, 153)"
274,0.0,0.0,"(181, 147, 139)","(255, 204, 153)"
275,0.0,0.0,"(180, 145, 139)","(255, 204, 153)"
276,0.0,0.0,"(178, 144, 139)","(255, 204, 153)"
277,0.0,0.0,"(177, 143, 139)","(255, 204, 153)"
278,0.0,0.0,"(175, 142, 138)","(255, 204, 153)"
279,0.0,0.0,"(174, 141, 138)","(255, 204, 153)"
280,0.0,0.0,"(172, 140, 138)","(255, 204, 153)"
281,0.0,0.0,"(171, 138, 138)","(255, 204, 153)"
282,0.0,0.0,"(169, 137, 137)","(255, 204, 153)"
283,0.0,0.0,"(168, 136, 137)","(255, 204, 153)"
284,0.0,0.0,"(166, 135, 137)","(255, 204, 153)"
285,0.0,0.0,"(165, 133, 136)","(255, 204, 153)"
286,0.0,0.0,"(163, 132, 136)","(255, 204, 153)"
287,0.0,0.0,"(161, 131, 136)","(255, 204, 153)"
288,0.0,0.0,"(160, 130, 136)","(255, 204, 153)"
289,0.0,0.0,"(158, 128, 135)","(255, 204, 153)"
290,0.0,0.0,"(156, 127, 135)","(255, 204, 153)"
291,0.0,0.0,"(155, 126, 135)","(255, 204, 153)"
292,0.0,0.0,"(153, 125, 134)","(255, 204, 153)"
293,0.0,0.0,"(151, 123, 134)","(255, 204, 153)"
294,0.0,0.0,"(150, 122, 134)","(255, 204, 153)"
295,0.0,0.0,"(148, 121, 134)","(255, 204, 153)"
296,0.0,0.0,"(146, 119, 133)","(255, 204, 153)"
297,0.0,0.0,"(145, 118, 133)","(255, 204, 153)"
298,0.0,0.0,"(143, 117, 133)","(255, 204, 153)"
299,0.0,0.0,"(141, 115, 132)","(255, 204, 153)"
300,0.0,0.0,"(140, 114, 132)","(255, 204, 153)"
301,0.0,0.0,"(138, 113, 132)","(255, 204, 153)"
302,0.0,0.0,"(136, 111, 131)","(255, 204, 153)"
303,0.0,0.0,"(134, 110, 131)","(255, 204, 153)"
304,0.0,0.0,"(132, 109, 131)","(255, 204, 153)"
305,0.0,0.0,"(131, 107, 130)","(255, 204, 153)"
306,0.0,0.0,"(129, 106, 130)","(255, 204, 153)"
307,0.0,0.0,"(127, 104, 130)","(255, 204, 153)"
308,0.0,0.0,"(125, 103, 129)","(255, 204, 153)"
309,0.0,0.0,"(124, 102, 129)","(255, 204, 153)"
310,0.0,0.0,"(122, 100, 129)","(255, 204, 153)"
311,0.0,0.0,"(120, 99, 129)","(255, 204, 153)"
312,0.0,0.0,"(118, 97, 128)","(255, 204, 153)"
313,0.0,0.0,"(116, 96, 128)","(255, 204, 153)"
314,0.0,0.0,"(114, 94, 128)","(255, 204, 153)"
315,0.0,0.0,"(113, 93, 127)","(255, 204, 153)"
316,0.0,0.0,"(111, 92, 127)","(255, 204, 153)"
317,0.0,0.0,"(109, 90, 127)","(255, 204, 153)"
318,0.0,0.0,"(107, 89, 126)","(255, 204, 153)"
319,0.0,0.0,"(105, 87, 126)","(255, 204, 153)"
320,0.0,0.0,"(103, 86, 126)","(255, 204, 153)"
321,0.0,0.0,"(101, 84, 125)","(255, 204, 153)"
322,0.0,0.0,"(99, 83, 125)","(255, 204, 153)"
323,0.0,0.0,"(97, 81, 125)","(255, 204, 153)"
324,0.0,0.0,"(96, 80, 124)","(255, 204, 153)"
325,0.0,0.0,"(94, 78, 124)","(255, 204, 153)"
326,0.0,0.0,"(92, 77, 123)","(255, 204, 153)"
327,0.0,0.0,"(90, 75, 123)","(255, 204, 153)"
328,0.0,0.0,"(88, 74, 123)","(255, 204, 153)"
329,0.0,0.0,"(86, 72, 122)","(255, 204, 153)"
330,0.0,0.0,"(84, 71, 122)","(255, 204, 153)"
331,0.0,0.0,"(82, 69, 122)","(255, 204, 153)"
332,0.0,0.0,"(80, 68, 121)","(255, 204, 153)"
333,0.0,0.0,"(78, 66, 121)","(255, 204, 153)"
334,0.0,0.0,"(76, 65, 121)","(255, 204, 153)"
335,0.0,0.0,"(74, 63, 120)","(255, 204, 153)"
336,0.0,0.0,"(72, 62, 120)","(255, 204, 153)"
337,0.0,0.0,"(70, 60, 120)","(255, 204, 153)"
338,0.0,0.0,"(68, 59, 119)","(255, 204, 153)"
339,0.0,0.0,"(66, 57, 119)","(255, 204, 153)"
340,0.0,0.0,"(64, 56, 119)","(255, 204, 153)"
341,0.0,0.0,"(62, 54, 118)","(255, 204, 153)"
342,0.0,0.0,"(60, 53, 118)","(255, 204, 153)"
343,0.0,0.0,"(58, 51, 118)","(255, 204, 153)"
344,0.0,0.0,"(57, 49, 117)","(255, 204, 153)"
345,0.0,0.0,"(55, 48, 117)","(255, 204, 153)"
346,0.0,0.0,"(53, 46, 116)","(255, 204, 153)"
347,0.0,0.0,"(51, 45, 116)","(255, 204, 153)"
348,0.0,0.0,"(49, 43, 116)","(255, 204, 153)"
349,0.0,0.0,"(47, 42, 115)","(255, 204, 153)"
350,0.0,0.0,"(45, 40, 115)","(255, 204, 153)"
351,0.0,0.0,"(43, 39, 115)","(255, 204, 153)"
352,0.0,0.0,"(41, 37, 114)","(255, 204, 153)"
353,0.0,0.0,"(39, 35, 114)","(255, 204, 153)"
354,0.0,0.0,"(37, 34, 114)","(255, 204, 153)"
355,0.0,0.0,"(35, 32, 113)","(255, 204, 153)"
356,0.0,0.0,"(33, 31, 113)","(255, 204, 153)"
357,0.0,0.0,"(31, 29, 113)","(255, 204, 153)"
358,0.0,0.0,"(29, 28, 112)","(255, 204, 153)"
359,0.0,0.0,"(27, 26, 112)","(255, 204, 153)"
360,0.0,0.0,"(25, 25, 112)","(255, 204, 153)"
361,0.0,0.0,"(253, 204, 153)","(255, 204, 153)"
362,0.0,0.0,"(252, 204, 154)","(255, 204, 153)"
363,0.0,0.0,"(251, 204, 155)","(255, 204, 153)"
364,0.0,0.0,"(250, 204, 155)","(255, 204, 154)"
365,0.0,0.0,"(249, 204, 156)","(255, 204, 154)"
366,0.0,0.0,"(248, 204, 157)","(255, 204, 154)"
367,0.0,0.0,"(247, 204, 158)","(255, 204, 154)"
368,0.0,0.0,"(246, 204, 158)","(254, 205, 155)"
369,0.0,0.0,"(245, 204, 159)","(255, 205, 155)"
370,0.0,0.0,"(244, 204, 160)","(255, 205, 155)"
371,0.0,0.0,"(243, 204, 160)","(255, 205, 156)"
372,0.0,0.0,"(242, 204, 161)","(255, 205, 156)"
373,0.0,0.0,"(241, 204, 162)","(255, 205, 156)"
374,0.0,0.0,"(240, 204, 162)","(255, 205, 156)"
375,0.0,0.0,"(239, 204, 163)","(255, 206, 157)"
376,0.0,0.0,"(238, 204, 164)","(255, 206, 157)"
377,0.0,0.0,"(237, 204, 165)","(254, 206, 157)"
378,0.0,0.0,"(236, 204, 165)","(255, 206, 158)"
379,0.0,0.0,"(235, 204, 166)","(255, 206, 158)"
380,0.0,0.0,"(234, 204, 167)","(254, 206, 158)"
381,0.0,0.0,"(233, 204, 167)","(255, 206, 158)"
382,0.0,0.0,"(232, 204, 168)","(255, 207, 159)"
383,0.0,0.0,"(231, 204, 169)","(255, 207, 159)"
384,0.0,0.0,"(230, 204, 170)","(255, 207, 159)"
385,0.0,0.0,"(229, 204, 170)","(255, 207, 160)"
386,0.0,0.0,"(228, 204, 171)","(255, 207, 160)"
387,0.0,0.0,"(226, 204, 172)","(255, 207, 160)"
388,0.0,0.0,"(225, 204, 172)","(255, 207, 160)"
389,0.0,0.0,"(224, 204, 173)","(254, 208, 161)"
390,0.0,0.0,"(223, 204, 174)","(255, 208, 161)"
391,0.0,0.0,"(222, 204, 174)","(255, 208, 161)"
392,0.0,0.0,"(221, 204, 175)","(255, 208, 162)"
393,0.0,0.0,"(220, 204, 176)","(255, 208, 162)"
394,0.0,0.0,"(219, 204, 176)","(255, 208, 162)"
395,0.0,0.0,"(218, 204, 177)","(255, 208, 162)"
396,0.0,0.0,"(217, 204, 178)","(255, 209, 163)"
397,0.0,0.0,"(216, 204, 179)","(255, 209, 163)"
398,0.0,0.0,"(215, 204, 179)","(255, 209, 163)"
399,0.0,0.0,"(214, 204, 180)","(254, 209, 164)"
400,0.0,0.0,"(213, 204, 181)","(255, 209, 164)"
401,0.0,0.0,"(212, 204, 181)","(254, 209, 164)"
402,0.0,0.0,"(211, 204, 182)","(255, 209, 164)"
403,0.0,0.0,"(211, 204, 183)","(255, 210, 165)"
404,0.0,0.0,"(210, 204, 183)","(255, 210, 165)"
405,0.0,0.0,"(209, 204, 184)","(255, 210, 165)"
406,0.0,0.0,"(208, 204, 185)","(255, 210, 166)"
407,0.0,0.0,"(207, 204, 185)","(255, 210, 166)"
408,0.0,0.0,"(206, 204, 186)","(255, 210, 166)"
409,0.0,0.0,"(205, 204, 187)","(255, 210, 166)"
410,0.0,0.0,"(204, 204, 187)","(255, 211, 167)"
411,0.0,0.0,"(203, 204, 188)","(255, 211, 167)"
412,0.0,0.0,"(202, 204, 188)","(255, 211, 167)"
413,0.0,0.0,"(201, 204, 189)","(254, 211, 168)"
414,0.0,0.0,"(200, 204, 190)","(255, 211, 168)"
415,0.0,0.0,"(199, 204, 190)","(255, 211, 168)"
416,0.0,0.0,"(198, 204, 191)","(255, 211, 168)"
417,0.0,0.0,"(197, 204, 192)","(255, 212, 169)"
418,0.0,0.0,"(196, 204, 192)","(255, 212, 169)"
419,0.0,0.0,"(195, 204, 193)","(255, 212, 169)"
420,0.0,0.0,"(195, 205, 194)","(255, 212, 170)"
421,0.0,0.0,"(194, 205, 194)","(255, 212, 170)"
422,0.0,0.0,"(193, 205, 195)","(254, 212, 170)"
423,0.0,0.0,"(192, 205, 195)","(255, 212, 170)"
424,0.0,0.0,"(191, 205, 196)","(255, 213, 171)"
425,0.0,0.0,"(190, 205, 197)","(254, 213, 171)"
426,0.0,0.0,"(189, 205, 197)","(255, 213, 171)"
427,0.0,0.0,"(188, 205, 198)","(255, 213, 171)"
428,0.0,0.0,"(187, 205, 198)","(255, 213, 172)"
429,0.0,0.0,"(187, 205, 199)","(255, 213, 172)"
430,0.0,0.0,"(186, 205, 200)","(255, 213, 172)"
431,0.0,0.0,"(185, 205, 200)","(255, 214, 173)"
432,0.0,0.0,"(184, 205, 201)","(255, 214, 173)"
433,0.0,0.0,"(183, 205, 201)","(255, 214, 173)"
434,0.0,0.0,"(182, 205, 202)","(255, 214, 173)"
435,0.0,0.0,"(181, 205, 202)","(255, 214, 174)"
436,0.0,0.0,"(181, 205, 203)","(255, 214, 174)"
437,0.0,0.0,"(180, 205, 204)","(255, 214, 174)"
438,0.0,0.0,"(179, 205, 204)","(255, 215, 175)"
439,0.0,0.0,"(178, 205, 205)","(255, 215, 175)"
440,0.0,0.0,"(177, 205, 205)","(255, 215, 175)"
441,0.0,0.0,"(177, 205, 206)","(255, 215, 175)"
442,0.0,0.0,"(176, 205, 206)","(255, 215, 176)"
443,0.0,0.0,"(175, 205, 207)","(255, 215, 176)"
444,0.0,0.0,"(174, 205, 207)","(254, 215, 176)"
445,0.0,0.0,"(173, 205, 208)","(255, 216, 177)"
446,0.0,0.0,"(173, 205, 208)","(255, 216, 177)"
447,0.0,0.0,"(172, 205, 209)","(255, 216, 177)"
448,0.0,0.0,"(171, 205, 209)","(255, 216, 177)"
449,0.0,0.0,"(170, 205, 210)","(255, 216, 178)"
450,0.0,0.0,"(170, 205, 210)","(255, 216, 178)"
451,0.0,0.0,"(169, 205, 211)","(255, 216, 178)"
452,0.0,0.0,"(168, 205, 211)","(255, 217, 179)"
453,0.0,0.0,"(167, 205, 212)","(255, 217, 179)"
454,0.0,0.0,"(167, 205, 212)","(255, 217, 179)"
455,0.0,0.0,"(166, 205, 213)","(255, 217, 179)"
456,0.0,0.0,"(165, 205, 213)","(255, 217, 180)"
457,0.0,0.0,"(165, 205, 214)","(255, 217, 180)"
458,0.0,0.0,"(164, 205, 214)","(255, 217, 180)"
459,0.0,0.0,"(163, 205, 215)","(255, 218, 181)"
460,0.0,0.0,"(163, 205, 215)","(255, 218, 181)"
461,0.0,0.0,"(162, 205, 216)","(255, 218, 181)"
462,0.0,0.0,"(161, 205, 216)","(255, 218, 181)"
463,0.0,0.0,"(161, 205, 217)","(255, 218, 182)"
464,0.0,0.0,"(160, 205, 217)","(255, 218, 182)"
465,0.0,0.0,"(159, 205, 218)","(254, 218, 182)"
466,0.0,0.0,"(159, 205, 218)","(255, 219, 183)"
467,0.0,0.0,"(158, 205, 218)","(255, 219, 183)"
468,0.0,0.0,"(157, 205, 219)","(255, 219, 183)"
469,0.0,0.0,"(157, 205, 219)","(255, 219, 183)"
470,0.0,0.0,"(156, 205, 220)","(255, 219, 184)"
471,0.0,0.0,"(156, 205, 220)","(255, 219, 184)"
472,0.0,0.0,"(155, 205, 220)","(255, 219, 184)"
473,0.0,0.0,"(154, 205, 221)","(255, 220, 185)"
474,0.0,0.0,"(154, 205, 221)","(255, 220, 185)"
475,0.0,0.0,"(153, 205, 222)","(255, 220, 185)"
476,0.0,0.0,"(153, 205, 222)","(255, 220, 185)"
477,0.0,0.0,"(152, 205, 222)","(255, 220, 186)"
478,0.0,0.0,"(152, 205, 223)","(255, 220, 186)"
479,0.0,0.0,"(151, 205, 223)","(255, 220, 186)"
480,0.0,0.0,"(151, 205, 224)","(255, 221, 187)"
481,0.0,0.0,"(150, 205, 224)","(255, 221, 187)"
482,0.0,0.0,"(150, 205, 224)","(255, 221, 187)"
483,0.0,0.0,"(149, 205, 225)","(255, 221, 187)"
484,0.0,0.0,"(149, 205, 225)","(255, 221, 188)"
485,0.0,0.0,"(148, 205, 225)","(255, 221, 188)"
486,0.0,0.0,"(148, 205, 226)","(255, 221, 188)"
487,0.0,0.0,"(147, 205, 226)","(255, 221, 188)"
488,0.0,0.0,"(147, 205, 226)","(255, 222, 189)"
489,0.0,0.0,"(146, 205, 227)","(254, 222, 189)"
490,0.0,0.0,"(146, 205, 227)","(255, 222, 189)"
491,0.0,0.0,"(145, 205, 227)","(254, 222, 190)"
492,0.0,0.0,"(145, 205, 227)","(255, 222, 190)"
493,0.0,0.0,"(144, 205, 228)","(255, 222, 190)"
494,0.0,0.0,"(144, 205, 228)","(255, 222, 190)"
495,0.0,0.0,"(144, 205, 228)","(255, 223, 191)"
496,0.0,0.0,"(143, 205, 229)","(255, 223, 191)"
497,0.0,0.0,"(143, 205, 229)","(255, 223, 191)"
498,0.0,0.0,"(142, 205, 229)","(255, 223, 192)"
499,0.0,0.0,"(142, 205, 229)","(255, 223, 192)"
500,0.0,0.0,"(142, 205, 230)","(255, 223, 192)"
501,0.0,0.0,"(141, 205, 230)","(255, 223, 192)"
502,0.0,0.0,"(141, 205, 230)","(255, 224, 193)"
503,0.0,0.0,"(141, 205, 230)","(255, 224, 193)"
504,0.0,0.0,"(140, 205, 230)","(255, 224, 193)"
505,0.0,0.0,"(140, 205, 231)","(255, 224, 194)"
506,0.0,0.0,"(140, 205, 231)","(255, 224, 194)"
507,0.0,0.0,"(139, 205, 231)","(255, 224, 194)"
508,0.0,0.0,"(139, 205, 231)","(255, 224, 194)"
509,0.0,0.0,"(139, 205, 232)","(255, 225, 195)"
510,0.0,0.0,"(139, 205, 232)","(254, 225, 195)"
511,0.0,0.0,"(138, 205, 232)","(255, 225, 195)"
512,0.0,0.0,"(138, 205, 232)","(255, 225, 196)"
513,0.0,0.0,"(138, 205, 232)","(255, 225, 196)"
514,0.0,0.0,"(138, 205, 232)","(255, 225, 196)"
515,0.0,0.0,"(137, 205, 233)","(255, 225, 196)"
516,0.0,0.0,"(137, 205, 233)","(255, 226, 197)"
517,0.0,0.0,"(137, 205, 233)","(255, 226, 197)"
518,0.0,0.0,"(137, 205, 233)","(255, 226, 197)"
519,0.0,0.0,"(137, 205, 233)","(255, 226, 198)"
520,0.0,0.0,"(136, 205, 233)","(255, 226, 198)"
521,0.0,0.0,"(136, 205, 233)","(255, 226, 198)"
522,0.0,0.0,"(136, 205, 233)","(255, 226, 198)"
523,0.0,0.0,"(136, 205, 234)","(255, 227, 199)"
524,0.0,0.0,"(136, 205, 234)","(255, 227, 199)"
525,0.0,0.0,"(136, 205, 234)","(255, 227, 199)"
526,0.0,0.0,"(135, 205, 234)","(255, 227, 200)"
527,0.0,0.0,"(135, 205, 234)","(255, 227, 200)"
528,0.0,0.0,"(135, 205, 234)","(255, 227, 200)"
529,0.0,0.0,"(135, 205, 234)","(255, 227, 200)"
530,0.0,0.0,"(135, 205, 234)","(255, 228, 201)"
531,0.0,0.0,"(135, 205, 234)","(255, 228, 201)"
532,0.0,0.0,"(135, 205, 234)","(255, 228, 201)"
533,0.0,0.0,"(135, 205, 234)","(255, 228, 202)"
534,0.0,0.0,"(135, 205, 234)","(254, 228, 202)"
535,0.0,0.0,"(135, 205, 234)","(255, 228, 202)"
536,0.0,0.0,"(135, 205, 234)","(254, 228, 202)"
537,0.0,0.0,"(135, 205, 234)","(255, 229, 203)"
538,0.0,0.0,"(135, 205, 234)","(255, 229, 203)"
539,0.0,0.0,"(135, 205, 234)","(255, 229, 203)"
540,0.0,0.0,"(135, 206, 235)","(255, 229, 204)"
541,0.0,0.0,"(135, 205, 234)","(255, 229, 204)"
542,0.0,0.0,"(135, 205, 234)","(255, 229, 204)"
543,0.0,0.0,"(135, 205, 234)","(255, 229, 204)"
544,0.0,0.0,"(135, 205, 234)","(255, 230, 205)"
545,0.0,0.0,"(135, 205, 234)","(255, 230, 205)"
546,0.0,0.0,"(135, 205, 234)","(255, 230, 205)"
547,0.0,0.0,"(135, 205, 234)","(255, 230, 205)"
548,0.0,0.0,"(135, 205, 234)","(255, 230, 206)"
549,0.0,0.0,"(135, 205, 234)","(255, 230, 206)"
550,0.0,0.0,"(135, 205, 234)","(255, 230, 206)"
551,0.0,0.0,"(135, 205, 234)","(255, 231, 207)"
552,0.0,0.0,"(135, 205, 234)","(255, 231, 207)"
553,0.0,0.0,"(135, 205, 234)","(255, 231, 207)"
554,0.0,0.0,"(135, 205, 234)","(255, 231, 207)"
555,0.0,0.0,"(136, 205, 234)","(255, 231, 208)"
556,0.0,0.0,"(136, 205, 234)","(255, 231, 208)"
557,0.0,0.0,"(136, 205, 234)","(255, 231, 208)"
558,0.0,0.0,"(136, 205, 233)","(255, 232, 209)"
559,0.0,0.0,"(136, 205, 233)","(255, 232, 209)"
560,0.0,0.0,"(136, 205, 233)","(255, 232, 209)"
561,0.0,0.0,"(137, 205, 233)","(255, 232, 209)"
562,0.0,0.0,"(137, 205, 233)","(255, 232, 210)"
563,0.0,0.0,"(137, 205, 233)","(255, 232, 210)"
564,0.0,0.0,"(137, 205, 233)","(255, 232, 210)"
565,0.0,0.0,"(137, 205, 233)","(255, 233, 211)"
566,0.0,0.0,"(138, 205, 232)","(255, 233, 211)"
567,0.0,0.0,"(138, 205, 232)","(255, 233, 211)"
568,0.0,0.0,"(138, 205, 232)","(255, 233, 211)"
569,0.0,0.0,"(138, 205, 232)","(255, 233, 212)"
570,0.0,0.0,"(139, 205, 232)","(255, 233, 212)"
571,0.0,0.0,"(139, 205, 232)","(255, 233, 212)"
572,0.0,0.0,"(139, 205, 231)","(255, 234, 213)"
573,0.0,0.0,"(139, 205, 231)","(255, 234, 213)"
574,0.0,0.0,"(140, 205, 231)","(255, 234, 213)"
575,0.0,0.0,"(140, 205, 231)","(255, 234, 213)"
576,0.0,0.0,"(140, 205, 230)","(255, 234, 214)"
577,0.0,0.0,"(141, 205, 230)","(255, 234, 214)"
578,0.0,0.0,"(141, 205, 230)","(255, 234, 214)"
579,0.0,0.0,"(141, 205, 230)","(255, 235, 215)"
580,0.0,0.0,"(142, 205, 230)","(255, 235, 215)"
581,0.0,0.0,"(142, 205, 229)","(255, 235, 215)"
582,0.0,0.0,"(142, 205, 229)","(255, 235, 215)"
583,0.0,0.0,"(143, 205, 229)","(255, 235, 216)"
584,0.0,0.0,"(143, 205, 229)","(255, 235, 216)"
585,0.0,0.0,"(144, 205, 228)","(255, 235, 216)"
586,0.0,0.0,"(144, 205, 228)","(255, 236, 217)"
587,0.0,0.0,"(144, 205, 228)","(255, 236, 217)"
588,0.0,0.0,"(145, 205, 227)","(255, 236, 217)"
589,0.0,0.0,"(145, 205, 227)","(255, 236, 217)"
590,0.0,0.0,"(146, 205, 227)","(255, 236, 218)"
591,0.0,0.0,"(146, 205, 227)","(255, 236, 218)"
592,0.0,0.0,"(147, 205, 226)","(255, 236, 218)"
593,0.0,0.0,"(147, 205, 226)","(255, 237, 219)"
594,0.0,0.0,"(148, 205, 226)","(255, 237, 219)"
595,0.0,0.0,"(148, 205, 225)","(255, 237, 219)"
596,0.0,0.0,"(149, 205, 225)","(255, 237, 219)"
597,0.0,0.0,"(149, 205, 225)","(255, 237, 220)"
598,0.0,0.0,"(150, 205, 224)","(255, 237, 220)"
599,0.0,0.0,"(150, 205, 224)","(255, 237, 220)"
600,0.0,0.0,"(151, 205, 224)","(255, 238, 221)"
601,0.0,0.0,"(151, 205, 223)","(255, 238, 221)"
602,0.0,0.0,"(152, 205, 223)","(255, 238, 221)"
603,0.0,0.0,"(152, 205, 222)","(255, 238, 221)"
604,0.0,0.0,"(153, 205, 222)","(255, 238, 222)"
605,0.0,0.0,"(153, 205, 222)","(255, 238, 222)"
606,0.0,0.0,"(154, 205, 221)","(255, 238, 222)"
607,0.0,0.0,"(154, 205, 221)","(255, 238, 222)"
608,0.0,0.0,"(155, 205, 220)","(255, 239, 223)"
609,0.0,0.0,"(156, 205, 220)","(255, 239, 223)"
610,0.0,0.0,"(156, 205, 220)","(255, 239, 223)"
611,0.0,0.0,"(157, 205, 219)","(255, 239, 224)"
612,0.0,0.0,"(157, 205, 219)","(255, 239, 224)"
613,0.0,0.0,"(158, 205, 218)","(255, 239, 224)"
614,0.0,0.0,"(159, 205, 218)","(255, 239, 224)"
615,0.0,0.0,"(159, 205, 218)","(255, 240, 225)"
616,0.0,0.0,"(160, 205, 217)","(255, 240, 225)"
617,0.0,0.0,"(161, 205, 217)","(255, 240, 225)"
618,0.0,0.0,"(161, 205, 216)","(255, 240, 226)"
619,0.0,0.0,"(162, 205, 216)","(255, 240, 226)"
620,0.0,0.0,"(163, 205, 215)","(255, 240, 226)"
621,0.0,0.0,"(163, 205, 215)","(255, 240, 226)"
622,0.0,0.0,"(164, 205, 214)","(255, 241, 227)"
623,0.0,0.0,"(165, 205, 214)","(255, 241, 227)"
624,0.0,0.0,"(165, 205, 213)","(255, 241, 227)"
625,0.0,0.0,"(166, 205, 213)","(255, 241, 228)"
626,0.0,0.0,"(167, 205, 212)","(255, 241, 228)"
627,0.0,0.0,"(167, 205, 212)","(255, 241, 228)"
628,0.0,0.0,"(168, 205, 211)","(255, 241, 228)"
629,0.0,0.0,"(169, 205, 211)","(255, 242, 229)"
630,0.0,0.0,"(170, 205, 210)","(255, 242, 229)"
631,0.0,0.0,"(170, 205, 210)","(255, 242, 229)"
632,0.0,0.0,"(171, 205, 209)","(255, 242, 230)"
633,0.0,0.0,"(172, 205, 209)","(255, 242, 230)"
634,0.0,0.0,"(173, 205, 208)","(255, 242, 230)"
635,0.0,0.0,"(173, 205, 208)","(255, 242, 230)"
636,0.0,0.0,"(174, 205, 207)","(255, 243, 231)"
637,0.0,0.0,"(175, 205, 207)","(255, 243, 231)"
638,0.0,0.0,"(176, 205, 206)","(255, 243, 231)"
639,0.0,0.0,"(177, 205, 206)","(255, 243, 232)"
640,0.0,0.0,"(177, 205, 205)","(255, 243, 232)"
641,0.0,0.0,"(178, 205, 205)","(255, 243, 232)"
642,0.0,0.0,"(179, 205, 204)","(255, 243, 232)"
643,0.0,0.0,"(180, 205, 204)","(255, 244, 233)"
644,0.0,0.0,"(181, 205, 203)","(255, 244, 233)"
645,0.0,0.0,"(181, 205, 202)","(255, 244, 233)"
646,0.0,0.0,"(182, 205, 202)","(255, 244, 234)"
647,0.0,0.0,"(183, 205, 201)","(255, 244, 234)"
648,0.0,0.0,"(184, 205, 201)","(255, 244, 234)"
649,0.0,0.0,"(185, 205, 200)","(255, 244, 234)"
650,0.0,0.0,"(186, 205, 200)","(255, 245, 235)"
651,0.0,0.0,"(187, 205, 199)","(255, 245, 235)"
652,0.0,0.0,"(187, 205, 198)","(255, 245, 235)"
653,0.0,0.0,"(188, 205, 198)","(255, 245, 236)"
654,0.0,0.0,"(189, 205, 197)","(255, 245, 236)"
655,0.0,0.0,"(190, 205, 197)","(255, 245, 236)"
656,0.0,0.0,"(191, 205, 196)","(255, 245, 236)"
657,0.0,0.0,"(192, 205, 195)","(255, 246, 237)"
658,0.0,0.0,"(193, 205, 195)","(255, 246, 237)"
659,0.0,0.0,"(194, 205, 194)","(255, 246, 237)"
660,0.0,0.0,"(195, 205, 194)","(255, 246, 238)"
661,0.0,0.0,"(195, 204, 193)","(255, 246, 238)"
662,0.0,0.0,"(196, 204, 192)","(255, 246, 238)"
663,0.0,0.0,"(197, 204, 192)","(255, 246, 238)"
664,0.0,0.0,"(198, 204, 191)","(255, 247, 239)"
665,0.0,0.0,"(199, 204, 190)","(255, 247, 239)"
666,0.0,0.0,"(200, 204, 190)","(255, 247, 239)"
667,0.0,0.0,"(201, 204, 189)","(255, 247, 239)"
668,0.0,0.0,"(202, 204, 188)","(255, 247, 240)"
669,0.0,0.0,"(203, 204, 188)","(255, 247, 240)"
670,0.0,0.0,"(204, 204, 187)","(255, 247, 240)"
671,0.0,0.0,"(205, 204, 187)","(255, 248, 241)"
672,0.0,0.0,"(206, 204, 186)","(255, 248, 241)"
673,0.0,0.0,"(207, 204, 185)","(255, 248, 241)"
674,0.0,0.0,"(208, 204, 185)","(255, 248, 241)"
675,0.0,0.0,"(209, 204, 184)","(255, 248, 242)"
676,0.0,0.0,"(210, 204, 183)","(255, 248, 242)"
677,0.0,0.0,"(211, 204, 183)","(255, 248, 242)"
678,0.0,0.0,"(211, 204, 182)","(255, 249, 243)"
679,0.0,0.0,"(212, 204, 181)","(255, 249, 243)"
680,0.0,0.0,"(213, 204, 181)","(255, 249, 243)"
681,0.0,0.0,"(214, 204, 180)","(255, 249, 243)"
682,0.0,0.0,"(215, 204, 179)","(255, 249, 244)"
683,0.0,0.0,"(216, 204, 179)","(255, 249, 244)"
684,0.0,0.0,"(217, 204, 178)","(255, 249, 244)"
685,0.0,0.0,"(218, 204, 177)","(255, 250, 245)"
686,0.0,0.0,"(219, 204, 176)","(255, 250, 245)"
687,0.0,0.0,"(220, 204, 176)","(255, 250, 245)"
688,0.0,0.0,"(221, 204, 175)","(255, 250, 245)"
689,0.0,0.0,"(222, 204, 174)","(255, 250, 246)"
690,0.0,0.0,"(223, 204, 174)","(255, 250, 246)"
691,0.0,0.0,"(224, 204, 173)","(255, 250, 246)"
692,0.0,0.0,"(225, 204, 172)","(255, 251, 247)"
693,0.0,0.0,"(226, 204, 172)","(255, 251, 247)"
694,0.0,0.0,"(228, 204, 171)","(255, 251, 247)"
695,0.0,0.0,"(229, 204, 170)","(255, 251, 247)"
696,0.0,0.0,"(230, 204, 170)","(255, 251, 248)"
697,0.0,0.0,"(231, 204, 169)","(255, 251, 248)"
698,0.0,0.0,"(232, 204, 168)","(255, 251, 248)"
699,0.0,0.0,"(233, 204, 167)","(255, 252, 249)"
700,0.0,0.0,"(234, 204, 167)","(255, 252, 249)"
701,0.0,0.0,"(235, 204, 166)","(255, 252, 249)"
702,0.0,0.0,"(236, 204, 165)","(255, 252, 249)"
703,0.0,0.0,"(237, 204, 165)","(255, 252, 250)"
704,0.0,0.0,"(238, 204, 164)","(255, 252, 250)"
705,0.0,0.0,"(239, 204, 163)","(255, 252, 250)"
706,0.0,0.0,"(240, 204, 162)","(255, 253, 251)"
707,0.0,0.0,"(241, 204, 162)","(255, 253, 251)"
708,0.0,0.0,"(242, 204, 161)","(255, 253, 251)"
709,0.0,0.0,"(243, 204, 160)","(255, 253, 251)"
710,0.0,0.0,"(244, 204, 160)","(255, 253, 252)"
711,0.0,0.0,"(245, 204, 159)","(255, 253, 252)"
712,0.0,0.0,"(246, 204, 158)","(255, 253, 252)"
713,0.0,0.0,"(247, 204, 158)","(255, 254, 253)"
714,0.0,0.0,"(248, 204, 157)","(255, 254, 253)"
715,0.0,0.0,"(249, 204, 156)","(255, 254, 253)"
716,0.0,0.0,"(250, 204, 155)","(255, 254, 253)"
717,0.0,0.0,"(251, 204, 155)","(255, 254, 254)"
718,0.0,0.0,"(252, 204, 154)","(255, 254, 254)"
719,0.0,0.0,"(253, 204, 153)","(255, 254, 254)"
720,0.0,0.0,"(135, 206, 235)","(255, 255, 255)"
721,0.0,0.0,"(136, 205, 234)","(255, 254, 254)"
722,0.0,0.0,"(137, 205, 233)","(255, 254, 254)"
723,0.0,0.0,"(138, 205, 232)","(255, 254, 254)"
724,0.0,0.0,"(139, 205, 232)","(255, 254, 253)"
725,0.0,0.0,"(140, 205, 231)","(255, 254, 253)"
726,0.0,0.0,"(141, 205, 230)","(255, 254, 253)"
727,0.0,0.0,"(142, 205, 229)","(255, 254, 253)"
728,0.0,0.0,"(143, 205, 229)","(254, 253, 252)"
729,0.0,0.0,"(144, 205, 228)","(255, 253, 252)"
730,0.0,0.0,"(145, 205, 227)","(255, 253, 252)"
731,0.0,0.0,"(146, 205, 227)","(255, 253, 251)"
732,0.0,0.0,"(147, 205, 226)","(255, 253, 251)"
733,0.0,0.0,"(148, 205, 225)","(255, 253, 251)"
734,0.0,0.0,"(149, 205, 225)","(255, 253, 251)"
735,0.0,0.0,"(150, 205, 224)","(255, 252, 250)"
736,0.0,0.0,"(151, 205, 223)","(255, 252, 250)"
737,0.0,0.0,"(152, 205, 222)","(254, 252, 250)"
738,0.0,0.0,"(153, 205, 222)","(255, 252, 249)"
739,0.0,0.0,"(154, 205, 221)","(255, 252, 249)"
740,0.0,0.0,"(155, 205, 220)","(254, 252, 249)"
741,0.0,0.0,"(156, 205, 220)","(255, 252, 249)"
742,0.0,0.0,"(157, 205, 219)","(255, 251, 248)"
743,0.0,0.0,"(158, 205, 218)","(255, 251, 248)"
744,0.0,0.0,"(159, 205, 217)","(255, 251, 248)"
745,0.0,0.0,"(160, 205, 217)","(255, 251, 247)"
746,0.0,0.0,"(161, 205, 216)","(255, 251, 247)"
747,0.0,0.0,"(163, 205, 215)","(255, 251, 247)"
748,0.0,0.0,"(164, 205, 215)","(255, 251, 247)"
749,0.0,0.0,"(165, 205, 214)","(254, 250, 246)"
750,0.0,0.0,"(166, 205, 213)","(255, 250, 246)"
751,0.0,0.0,"(167, 205, 213)","(255, 250, 246)"
752,0.0,0.0,"(168, 205, 212)","(255, 250, 245)"
753,0.0,0.0,"(169, 205, 211)","(255, 250, 245)"
754,0.0,0.0,"(170, 205, 211)","(255, 250, 245)"
755,0.0,0.0,"(171, 205, 210)","(255, 250, 245)"
756,0.0,0.0,"(172, 205, 209)","(255, 249, 244)"
757,0.0,0.0,"(173, 205, 208)","(255, 249, 244)"
758,0.0,0.0,"(174, 205, 208)","(255, 249, 244)"
759,0.0,0.0,"(175, 205, 207)","(254, 249, 243)"
760,0.0,0.0,"(176, 205, 206)","(255, 249, 243)"
761,0.0,0.0,"(177, 205, 206)","(254, 249, 243)"
762,0.0,0.0,"(178, 205, 205)","(255, 249, 243)"
763,0.0,0.0,"(178, 205, 204)","(255, 248, 242)"
764,0.0,0.0,"(179, 205, 204)","(255, 248, 242)"
765,0.0,0.0,"(180, 205, 203)","(255, 248, 242)"
766,0.0,0.0,"(181, 205, 202)","(255, 248, 241)"
767,0.0,0.0,"(182, 205, 202)","(255, 248, 241)"
768,0.0,0.0,"(183, 205, 201)","(255, 248, 241)"
769,0.0,0.0,"(184, 205, 200)","(255, 248, 241)"
770,0.0,0.0,"(185, 205, 200)","(255, 247, 240)"
771,0.0,0.0,"(186, 205, 199)","(255, 247, 240)"
772,0.0,0.0,"(187, 205, 199)","(255, 247, 240)"
773,0.0,0.0,"(188, 205, 198)","(254, 247, 239)"
774,0.0,0.0,"(189, 205, 197)","(255, 247, 239)"
775,0.0,0.0,"(190, 205, 197)","(255, 247, 239)"
776,0.0,0.0,"(191, 205, 196)","(255, 247, 239)"
777,0.0,0.0,"(192, 205, 195)","(255, 246, 238)"
778,0.0,0.0,"(193, 205, 195)","(255, 246, 238)"
779,0.0,0.0,"(194, 205, 194)","(255, 246, 238)"
780,0.0,0.0,"(195, 205, 194)","(255, 246, 238)"
781,0.0,0.0,"(195, 204, 193)","(255, 246, 237)"
782,0.0,0.0,"(196, 204, 192)","(254, 246, 237)"
783,0.0,0.0,"(197, 204, 192)","(255, 246, 237)"
784,0.0,0.0,"(198, 204, 191)","(255, 245, 236)"
785,0.0,0.0,"(199, 204, 190)","(254, 245, 236)"
786,0.0,0.0,"(200, 204, 190)","(255, 245, 236)"
787,0.0,0.0,"(201, 204, 189)","(255, 245, 236)"
788,0.0,0.0,"(202, 204, 189)","(255, 245, 235)"
789,0.0,0.0,"(202, 204, 188)","(255, 245, 235)"
790,0.0,0.0,"(203, 204, 187)","(255, 245, 235)"
791,0.0,0.0,"(204, 204, 187)","(255, 244, 234)"
792,0.0,0.0,"(205, 204, 186)","(255, 244, 234)"
793,0.0,0.0,"(206, 204, 186)","(255, 244, 234)"
794,0.0,0.0,"(207, 204, 185)","(255, 244, 234)"
795,0.0,0.0,"(208, 204, 185)","(255, 244, 233)"
796,0.0,0.0,"(208, 204, 184)","(255, 244, 233)"
797,0.0,0.0,"(209, 204, 183)","(255, 244, 233)"
798,0.0,0.0,"(210, 204, 183)","(255, 243, 232)"
799,0.0,0.0,"(211, 204, 182)","(255, 243, 232)"
800,0.0,0.0,"(212, 204, 182)","(255, 243, 232)"
801,0.0,0.0,"(212, 204, 181)","(255, 243, 232)"
802,0.0,0.0,"(213, 204, 181)","(255, 243, 231)"
803,0.0,0.0,"(214, 204, 180)","(255, 243, 231)"
804,0.0,0.0,"(215, 204, 180)","(254, 243, 231)"
805,0.0,0.0,"(216, 204, 179)","(255, 242, 230)"
806,0.0,0.0,"(216, 204, 179)","(255, 242, 230)"
807,0.0,0.0,"(217, 204, 178)","(255, 242, 230)"
808,0.0,0.0,"(218, 204, 178)","(255, 242, 230)"
809,0.0,0.0,"(219, 204, 177)","(255, 242, 229)"
810,0.0,0.0,"(219, 204, 177)","(255, 242, 229)"
811,0.0,0.0,"(220, 204, 176)","(255, 242, 229)"
812,0.0,0.0,"(221, 204, 176)","(255, 241, 228)"
813,0.0,0.0,"(222, 204, 175)","(255, 241, 228)"
814,0.0,0.0,"(222, 204, 175)","(255, 241, 228)"
815,0.0,0.0,"(223, 204, 174)","(255, 241, 228)"
816,0.0,0.0,"(224, 204, 174)","(255, 241, 227)"
817,0.0,0.0,"(224, 204, 173)","(255, 241, 227)"
818,0.0,0.0,"(225, 204, 173)","(255, 241, 227)"
819,0.0,0.0,"(226, 204, 172)","(255, 240, 226)"
820,0.0,0.0,"(226, 204, 172)","(255, 240, 226)"
821,0.0,0.0,"(227, 204, 171)","(255, 240, 226)"
822,0.0,0.0,"(228, 204, 171)","(255, 240, 226)"
823,0.0,0.0,"(228, 204, 170)","(255, 240, 225)"
824,0.0,0.0,"(229, 204, 170)","(255, 240, 225)"
825,0.0,0.0,"(230, 204, 169)","(254, 240, 225)"
826,0.0,0.0,"(230, 204, 169)","(255, 239, 224)"
827,0.0,0.0,"(231, 204, 169)","(255, 239, 224)"
828,0.0,0.0,"(232, 204, 168)","(255, 239, 224)"
829,0.0,0.0,"(232, 204, 168)","(255, 239, 224)"
830,0.0,0.0,"(233, 204, 167)","(255, 239, 223)"
831,0.0,0.0,"(233, 204, 167)","(255, 239, 223)"
832,0.0,0.0,"(234, 204, 167)","(255, 239, 223)"
833,0.0,0.0,"(235, 204, 166)","(255, 238, 222)"
834,0.0,0.0,"(235, 204, 166)","(255, 238, 222)"
835,0.0,0.0,"(236, 204, 165)","(255, 238, 222)"
836,0.0,0.0,"(236, 204, 165)","(255, 238, 222)"
837,0.0,0.0,"(237, 204, 165)","(255, 238, 221)"
838,0.0,0.0,"(237, 204, 164)","(255, 238, 221)"
839,0.0,0.0,"(238, 204, 164)","(255, 238, 221)"
840,0.0,0.0,"(238, 204, 163)","(255, 238, 221)"
841,0.0,0.0,"(239, 204, 163)","(255, 237, 220)"
842,0.0,0.0,"(239, 204, 163)","(255, 237, 220)"
843,0.0,0.0,"(240, 204, 162)","(255, 237, 220)"
844,0.0,0.0,"(240, 204, 162)","(255, 237, 219)"
845,0.0,0.0,"(241, 204, 162)","(255, 237, 219)"
846,0.0,0.0,"(241, 204, 161)","(255, 237, 219)"
847,0.0,0.0,"(242, 204, 161)","(255, 237, 219)"
848,0.0,0.0,"(242, 204, 161)","(255, 236, 218)"
849,0.0,0.0,"(243, 204, 160)","(254, 236, 218)"
850,0.0,0.0,"(243, 204, 160)","(255, 236, 218)"
851,0.0,0.0,"(244, 204, 160)","(254, 236, 217)"
852,0.0,0.0,"(244, 204, 160)","(255, 236, 217)"
853,0.0,0.0,"(245, 204, 159)","(255, 236, 217)"
854,0.0,0.0,"(245, 204, 159)","(255, 236, 217)"
855,0.0,0.0,"(245, 204, 159)","(255, 235, 216)"
856,0.0,0.0,"(246, 204, 158)","(255, 235, 216)"
857,0.0,0.0,"(246, 204, 158)","(255, 235, 216)"
858,0.0,0.0,"(247, 204, 158)","(255, 235, 215)"
859,0.0,0.0,"(247, 204, 158)","(255, 235, 215)"
860,0.0,0.0,"(247, 204, 157)","(255, 235, 215)"
861,0.0,0.0,"(248, 204, 157)","(255, 235, 215)"
862,0.0,0.0,"(248, 204, 157)","(255, 234, 214)"
863,0.0,0.0,"(248, 204, 157)","(255, 234, 214)"
864,0.0,0.0,"(249, 204, 157)","(255, 234, 214)"
865,0.0,0.0,"(249, 204, 156)","(255, 234, 213)"
866,0.0,0.0,"(249, 204, 156)","(255, 234, 213)"
867,0.0,0.0,"(250, 204, 156)","(255, 234, 213)"
868,0.0,0.0,"(250, 204, 156)","(255, 234, 213)"
869,0.0,0.0,"(250, 204, 155)","(255, 233, 212)"
870,0.0,0.0,"(250, 204, 155)","(254, 233, 212)"
871,0.0,0.0,"(251, 204, 155)","(255, 233, 212)"
872,0.0,0.0,"(251, 204, 155)","(255, 233, 211)"
873,0.0,0.0,"(251, 204, 155)","(255, 233, 211)"
874,0.0,0.0,"(251, 204, 155)","(255, 233, 211)"
875,0.0,0.0,"(252, 204, 154)","(255, 233, 211)"
876,0.0,0.0,"(252, 204, 154)","(255, 232, 210)"
877,0.0,0.0,"(252, 204, 154)","(255, 232, 210)"
878,0.0,0.0,"(252, 204, 154)","(255, 232, 210)"
879,0.0,0.0,"(252, 204, 154)","(255, 232, 209)"
880,0.0,0.0,"(253, 204, 154)","(255, 232, 209)"
881,0.0,0.0,"(253, 204, 154)","(255, 232, 209)"
882,0.0,0.0,"(253, 204, 154)","(255, 232, 209)"
883,0.0,0.0,"(253, 204, 153)","(255, 231, 208)"
884,0.0,0.0,"(253, 204, 153)","(255, 231, 208)"
885,0.0,0.0,"(253, 204, 153)","(255, 231, 208)"
886,0.0,0.0,"(254, 204, 153)","(255, 231, 207)"
887,0.0,0.0,"(254, 204, 153)","(255, 231, 207)"
888,0.0,0.0,"(254, 204, 153)","(255, 231, 207)"
889,0.0,0.0,"(254, 204, 153)","(255, 231, 207)"
890,0.0,0.0,"(254, 204, 153)","(255, 230, 206)"
891,0.0,0.0,"(254, 204, 153)","(255, 230, 206)"
892,0.0,0.0,"(254, 204, 153)","(255, 230, 206)"
893,0.0,0.0,"(254, 204, 153)","(255, 230, 205)"
894,0.0,0.0,"(254, 204, 153)","(254, 230, 205)"
895,0.0,0.0,"(254, 204, 153)","(255, 230, 205)"
896,0.0,0.0,"(254, 204, 153)","(254, 230, 205)"
897,0.0,0.0,"(254, 204, 153)","(255, 229, 204)"
898,0.0,0.0,"(254, 204, 153)","(255, 229, 204)"
899,0.0,0.0,"(254, 204, 153)","(255, 229, 204)"
900,0.0,0.0,"(255, 204, 153)","(255, 229, 204)"
901,0.0,0.0,"(254, 204, 153)","(255, 229, 203)"
902,0.0,0.0,"(254, 204, 153)","(255, 229, 203)"
903,0.0,0.0,"(254, 204, 153)","(255, 229, 203)"
904,0.0,0.0,"(254, 204, 153)","(255, 228, 202)"
905,0.0,0.0,"(254, 204, 153)","(255, 228, 202)"
906,0.0,0.0,"(254, 204, 153)","(255, 228, 202)"
907,0.0,0.0,"(254, 204, 153)","(255, 228, 202)"
908,0.0,0.0,"(254, 204, 153)","(255, 228, 201)"
909,0.0,0.0,"(254, 204, 153)","(255, 228, 201)"
910,0.0,0.0,"(254, 204, 153)","(255, 228, 201)"
911,0.0,0.0,"(254, 204, 153)","(255, 227, 200)"
912,0.0,0.0,"(254, 204, 153)","(255, 227, 200)"
913,0.0,0.0,"(254, 204, 153)","(255, 227, 200)"
914,0.0,0.0,"(254, 204, 153)","(255, 227, 200)"
915,0.0,0.0,"(253, 204, 153)","(255, 227, 199)"
916,0.0,0.0,"(253, 204, 153)","(255, 227, 199)"
917,0.0,0.0,"(253, 204, 153)","(255, 227, 199)"
918,0.0,0.0,"(253, 204, 154)","(255, 226, 198)"
919,0.0,0.0,"(253, 204, 154)","(255, 226, 198)"
920,0.0,0.0,"(253, 204, 154)","(255, 226, 198)"
921,0.0,0.0,"(252, 204, 154)","(255, 226, 198)"
922,0.0,0.0,"(252, 204, 154)","(255, 226, 197)"
923,0.0,0.0,"(252, 204, 154)","(255, 226, 197)"
924,0.0,0.0,"(252, 204, 154)","(255, 226, 197)"
925,0.0,0.0,"(252, 204, 154)","(255, 225, 196)"
926,0.0,0.0,"(251, 204, 155)","(255, 225, 196)"
927,0.0,0.0,"(251, 204, 155)","(255, 225, 196)"
928,0.0,0.0,"(251, 204, 155)","(255, 225, 196)"
929,0.0,0.0,"(251, 204, 155)","(255, 225, 195)"
930,0.0,0.0,"(250, 204, 155)","(255, 225, 195)"
931,0.0,0.0,"(250, 204, 155)","(255, 225, 195)"
932,0.0,0.0,"(250, 204, 156)","(255, 224, 194)"
933,0.0,0.0,"(250, 204, 156)","(255, 224, 194)"
934,0.0,0.0,"(249, 204, 156)","(255, 224, 194)"
935,0.0,0.0,"(249, 204, 156)","(255, 224, 194)"
936,0.0,0.0,"(249, 204, 157)","(255, 224, 193)"
937,0.0,0.0,"(248, 204, 157)","(255, 224, 193)"
938,0.0,0.0,"(248, 204, 157)","(255, 224, 193)"
939,0.0,0.0,"(248, 204, 157)","(255, 223, 192)"
940,0.0,0.0,"(247, 204, 157)","(255, 223, 192)"
941,0.0,0.0,"(247, 204, 158)","(255, 223, 192)"
942,0.0,0.0,"(247, 204, 158)","(255, 223, 192)"
943,0.0,0.0,"(246, 204, 158)","(255, 223, 191)"
944,0.0,0.0,"(246, 204, 158)","(255, 223, 191)"
945,0.0,0.0,"(245, 204, 159)","(255, 223, 191)"
946,0.0,0.0,"(245, 204, 159)","(255, 222, 190)"
947,0.0,0.0,"(245, 204, 159)","(255, 222, 190)"
948,0.0,0.0,"(244, 204, 160)","(255, 222, 190)"
949,0.0,0.0,"(244, 204, 160)","(255, 222, 190)"
950,0.0,0.0,"(243, 204, 160)","(255, 222, 189)"
951,0.0,0.0,"(243, 204, 160)","(255, 222, 189)"
952,0.0,0.0,"(242, 204, 161)","(255, 222, 189)"
953,0.0,0.0,"(242, 204, 161)","(255, 221, 188)"
954,0.0,0.0,"(241, 204, 161)","(255, 221, 188)"
955,0.0,0.0,"(241, 204, 162)","(255, 221, 188)"
956,0.0,0.0,"(240, 204, 162)","(255, 221, 188)"
957,0.0,0.0,"(240, 204, 162)","(255, 221, 187)"
958,0.0,0.0,"(239, 204, 163)","(255, 221, 187)"
959,0.0,0.0,"(239, 204, 163)","(255, 221, 187)"
960,0.0,0.0,"(238, 204, 163)","(255, 221, 187)"
961,0.0,0.0,"(238, 204, 164)","(255, 220, 186)"
962,0.0,0.0,"(237, 204, 164)","(255, 220, 186)"
963,0.0,0.0,"(237, 204, 165)","(255, 220, 186)"
964,0.0,0.0,"(236, 204, 165)","(255, 220, 185)"
965,0.0,0.0,"(236, 204, 165)","(255, 220, 185)"
966,0.0,0.0,"(235, 204, 166)","(255, 220, 185)"
967,0.0,0.0,"(235, 204, 166)","(255, 220, 185)"
968,0.0,0.0,"(234, 204, 167)","(255, 219, 184)"
969,0.0,0.0,"(233, 204, 167)","(255, 219, 184)"
970,0.0,0.0,"(233, 204, 167)","(255, 219, 184)"
971,0.0,0.0,"(232, 204, 168)","(255, 219, 183)"
972,0.0,0.0,"(232, 204, 168)","(255, 219, 183)"
973,0.0,0.0,"(231, 204, 169)","(255, 219, 183)"
974,0.0,0.0,"(230, 204, 169)","(255, 219, 183)"
975,0.0,0.0,"(230, 204, 169)","(255, 218, 182)"
976,0.0,0.0,"(229, 204, 170)","(255, 218, 182)"
977,0.0,0.0,"(228, 204, 170)","(255, 218, 182)"
978,0.0,0.0,"(228, 204, 171)","(255, 218, 181)"
979,0.0,0.0,"(227, 204, 171)","(255, 218, 181)"
980,0.0,0.0,"(226, 204, 172)","(255, 218, 181)"
981,0.0,0.0,"(226, 204, 172)","(255, 218, 181)"
982,0.0,0.0,"(225, 204, 173)","(255, 217, 180)"
983,0.0,0.0,"(224, 204, 173)","(255, 217, 180)"
984,0.0,0.0,"(224, 204, 174)","(255, 217, 180)"
985,0.0,0.0,"(223, 204, 174)","(255, 217, 179)"
986,0.0,0.0,"(222, 204, 175)","(255, 217, 179)"
987,0.0,0.0,"(222, 204, 175)","(255, 217, 179)"
988,0.0,0.0,"(221, 204, 176)","(255, 217, 179)"
989,0.0,0.0,"(220, 204, 176)","(255, 216, 178)"
990,0.0,0.0,"(219, 204, 177)","(255, 216, 178)"
991,0.0,0.0,"(219, 204, 177)","(255, 216, 178)"
992,0.0,0.0,"(218, 204, 178)","(255, 216, 177)"
993,0.0,0.0,"(217, 204, 178)","(255, 216, 177)"
994,0.0,0.0,"(216, 204, 179)","(255, 216, 177)"
995,0.0,0.0,"(216, 204, 179)","(255, 216, 177)"
996,0.0,0.0,"(215, 204, 180)","(255, 215, 176)"
997,0.0,0.0,"(214, 204, 180)","(255, 215, 176)"
998,0.0,0.0,"(213, 204, 181)","(255, 215, 176)"
999,0.0,0.0,"(212, 204, 181)","(255, 215, 175)"
1000,0.0,0.0,"(212, 204, 182)","(255, 215, 175)"
1001,0.0,0.0,"(211, 204, 182)","(255, 215, 175)"
1002,0.0,0.0,"(210, 204, 183)","(255, 215, 175)"
1003,0.0,0.0,"(209, 204, 183)","(255, 214, 174)"
1004,0.0,0.0,"(208, 204, 184)","(255, 214, 174)"
1005,0.0,0.0,"(208, 204, 185)","(255, 214, 174)"
1006,0.0,0.0,"(207, 204, 185)","(255, 214, 173)"
1007,0.0,0.0,"(206, 204, 186)","(255, 214, 173)"
1008,0.0,0.0,"(205, 204, 186)","(255, 214, 173)"
1009,0.0,0.0,"(204, 204, 187)","(255, 214, 173)"
1010,0.0,0.0,"(203, 204, 187)","(255, 213, 172)"
1011,0.0,0.0,"(202, 204, 188)","(255, 213, 172)"
1012,0.0,0.0,"(202, 204, 189)","(255, 213, 172)"
1013,0.0,0.0,"(201, 204, 189)","(255, 213, 171)"
1014,0.0,0.0,"(200, 204, 190)","(255, 213, 171)"
1015,0.0,0.0,"(199, 204, 190)","(255, 213, 171)"
1016,0.0,0.0,"(198, 204, 191)","(255, 213, 171)"
1017,0.0,0.0,"(197, 204, 192)","(255, 212, 170)"
1018,0.0,0.0,"(196, 204, 192)","(255, 212, 170)"
1019,0.0,0.0,"(195, 204, 193)","(255, 212, 170)"
1020,0.0,0.0,"(195, 205, 194)","(255, 212, 170)"
1021,0.0,0.0,"(194, 205, 194)","(255, 212, 169)"
1022,0.0,0.0,"(193, 205, 195)","(255, 212, 169)"
1023,0.0,0.0,"(192, 205, 195)","(255, 212, 169)"
1024,0.0,0.0,"(191, 205, 196)","(255, 211, 168)"
1025,0.0,0.0,"(190, 205, 197)","(255, 211, 168)"
1026,0.0,0.0,"(189, 205, 197)","(255, 211, 168)"
1027,0.0,0.0,"(188, 205, 198)","(255, 211, 168)"
1028,0.0,0.0,"(187, 205, 199)","(255, 211, 167)"
1029,0.0,0.0,"(186, 205, 199)","(255, 211, 167)"
1030,0.0,0.0,"(185, 205, 200)","(255, 211, 167)"
1031,0.0,0.0,"(184, 205, 200)","(255, 210, 166)"
1032,0.0,0.0,"(183, 205, 201)","(255, 210, 166)"
1033,0.0,0.0,"(182, 205, 202)","(255, 210, 166)"
1034,0.0,0.0,"(181, 205, 202)","(255, 210, 166)"
1035,0.0,0.0,"(180, 205, 203)","(255, 210, 165)"
1036,0.0,0.0,"(179, 205, 204)","(255, 210, 165)"
1037,0.0,0.0,"(178, 205, 204)","(255, 210, 165)"
1038,0.0,0.0,"(178, 205, 205)","(255, 209, 164)"
1039,0.0,0.0,"(177, 205, 206)","(255, 209, 164)"
1040,0.0,0.0,"(176, 205, 206)","(255, 209, 164)"
1041,0.0,0.0,"(175, 205, 207)","(255, 209, 164)"
1042,0.0,0.0,"(174, 205, 208)","(255, 209, 163)"
1043,0.0,0.0,"(173, 205, 208)","(255, 209, 163)"
1044,0.0,0.0,"(172, 205, 209)","(255, 209, 163)"
1045,0.0,0.0,"(171, 205, 210)","(255, 208, 162)"
1046,0.0,0.0,"(170, 205, 211)","(255, 208, 162)"
1047,0.0,0.0,"(169, 205, 211)","(255, 208, 162)"
1048,0.0,0.0,"(168, 205, 212)","(255, 208, 162)"
1049,0.0,0.0,"(167, 205, 213)","(255, 208, 161)"
1050,0.0,0.0,"(166, 205, 213)","(255, 208, 161)"
1051,0.0,0.0,"(165, 205, 214)","(255, 208, 161)"
1052,0.0,0.0,"(164, 205, 215)","(255, 207, 160)"
1053,0.0,0.0,"(163, 205, 215)","(255, 207, 160)"
1054,0.0,0.0,"(161, 205, 216)","(255, 207, 160)"
1055,0.0,0.0,"(160, 205, 217)","(255, 207, 160)"
1056,0.0,0.0,"(159, 205, 217)","(255, 207, 159)"
1057,0.0,0.0,"(158, 205, 218)","(255, 207, 159)"
1058,0.0,0.0,"(157, 205, 219)","(255, 207, 159)"
1059,0.0,0.0,"(156, 205, 220)","(255, 206, 158)"
1060,0.0,0.0,"(155, 205, 220)","(255, 206, 158)"
1061,0.0,0.0,"(154, 205, 221)","(255, 206, 158)"
1062,0.0,0.0,"(153, 205, 222)","(255, 206, 158)"
1063,0.0,0.0,"(152, 205, 222)","(255, 206, 157)"
1064,0.0,0.0,"(151, 205, 223)","(255, 206, 157)"
1065,0.0,0.0,"(150, 205, 224)","(255, 206, 157)"
1066,0.0,0.0,"(149, 205, 225)","(255, 205, 156)"
1067,0.0,0.0,"(148, 205, 225)","(255, 205, 156)"
1068,0.0,0.0,"(147, 205, 226)","(255, 205, 156)"
1069,0.0,0.0,"(146, 205, 227)","(255, 205, 156)"
1070,0.0,0.0,"(145, 205, 227)","(255, 205, 155)"
1071,0.0,0.0,"(144, 205, 228)","(255, 205, 155)"
1072,0.0,0.0,"(143, 205, 229)","(255, 205, 155)"
1073,0.0,0.0,"(142, 205, 229)","(255, 204, 154)"
1074,0.0,0.0,"(141, 205, 230)","(255, 204, 154)"
1075,0.0,0.0,"(140, 205, 231)","(255, 204, 154)"
1076,0.0,0.0,"(139, 205, 232)","(255, 204, 154)"
1077,0.0,0.0,"(138, 205, 232)","(255, 204, 153)"
1078,0.0,0.0,"(137, 205, 233)","(255, 204, 153)"
1079,0.0,0.0,"(136, 205, 234)","(255, 204, 153)"
1080,0.0,0.0,"(25, 25, 112)","(255, 204, 153)"
1081,0.0,0.0,"(25, 25, 112)","(255, 204, 153)"
1082,0.0,0.0,"(25, 25, 112)","(255, 204, 153)"
1083,0.0,0.0,"(25, 25, 112)","(255, 204, 153)"
1084,0.0,0.0,"(25, 25, 112)","(255, 204, 153)"
1085,0.0,0.0,"(25, 25, 112)","(255, 204, 153)"
1086,0.0,0.0,"(25, 25, 112)","(255, 204, 153)"
1087,0.0,0.0,"(25, 25, 112)","(255, 204, 153)"
1088,0.0,0.0,"(25, 25, 112)","(255, 204, 153)"
1089,0.0,0.0,"(25, 25, 112)","(255, 204, 153)"
1090,0.0,0.0,"(25, 25, 112)","(255, 204, 153)"
1091,0.0,0.0,"(25, 25, 112)","(255, 204, 153)"
1092,0.0,0.0,"(25, 25, 112)","(255, 204, 153)"
1093,0.0,0.0,"(25, 25, 112)","(255, 204, 153)"
1094,0.0,0.0,"(25, 25, 112)","(255, 204, 153)"
1095,0.0,0.0,"(25, 25, 112)","(255, 204, 153)"
1096,0.0,0.0,"(25, 25, 112)","(255, 204, 153)"
1097,0.0,0.0,"(25, 25, 112)","(255, 204, 153)"
1098,0.0,0.0,"(25, 25, 112)","(255, 204, 153)"
1099,0.0,0.0,"(25, 25, 112)","(255, 204, 153)"
1100,0.0,0.0,"(25, 25, 112)","(255, 204, 153)"
1101,0.0,0.0,"(25, 25, 112)","(255, 204, 153)"
1102,0.0,0.0,"(25, 25, 112)","(255, 204, 153)"
1103,0.0,0.0,"(25, 25, 112)","(255, 204, 153)"
1104,0.0,0.0,"(25, 25, 112)","(255, 204, 153)"
1105,0.0,0.0,"(25, 25, 112)","(255, 204, 153)"
1106,0.0,0.0,"(25, 25, 112)","(255, 204, 153)"
1107,0.0,0.0,"(25, 25, 112)","(255, 204, 153)"
1108,0.0,0.0,"(25, 25, 112)","(255, 204, 153)"
1109,0.0,0.0,"(25, 25, 112)","(255, 204, 153)"
1110,0.0,0.0,"(25, 25, 112)","(255, 204, 153)"
1111,0.0,0.0,"(25, 25, 112)","(255, 204, 153)"
1112,0.0,0.0,"(25, 25, 112)","(255, 204, 153)"
1113,0.0,0.0,"(25, 25, 112)","(255, 204, 153)"
1114,0.0,0.0,"(25, 25, 112)","(255, 204, 153)"
1115,0.0,0.0,"(25, 25, 112)","(255, 204, 153)"
1116,0.0,0.0,"(25, 25, 112)","(255, 204, 153)"
1117,0.0,0.0,"(25, 25, 112)","(255, 204, 153)"
1118,0.0,0.0,"(25, 25, 112)","(255, 204, 153)"
1119,0.0,0.0,"(25, 25, 112)","(255, 204, 153)"
1120,0.0,0.0,"(25, 25, 112)","(255, 204, 153)"
1121,0.0,0.0,"(25, 25, 112)","(255, 204, 153)"
1122,0.0,0.0,"(25, 25, 112)","(255, 204, 153)"
1123,0.0,0.0,"(25, 25, 112)","(255, 204, 153)"
1124,0.0,0.0,"(25, 25, 112)","(255, 204, 153)"
1125,0.0,0.0,"(25, 25, 112)","(255, 204, 153)"
1126,0.0,0.0,"(25, 25, 112)","(255, 204, 153)"
1127,0.0,0.0,"(25, 25, 112)","(255, 204, 153)"
1128,0.0,0.0,"(25, 25, 112)","(255, 204, 153)"
1129,0.0,0.0,"(25, 25, 112)","(255, 204, 153)"
1130,0.0,0.0,"(25, 25, 112)","(255, 204, 153)"
1131,0.0,0.0,"(25, 25, 112)","(255, 204, 153)"
1132,0.0,0.0,"(25, 25, 112)","(255, 204, 153)"
1133,0.0,0.0,"(25, 25, 112)","(255, 204, 153)"
1134,0.0,0.0,"(25, 25, 112)","(255, 204, 153)"
1135,0.0,0.0,"(25, 25, 112)","(255, 204, 153)"
1136,0.0,0.0,"(25, 25, 112)","(255, 204, 153)"
1137,0.0,0.0,"(25, 25, 112)","(255, 204, 153)"
1138,0.0,0.0,"(25, 25, 112)","(255, 204, 153)"
1139,0.0,0.0,"(25, 25, 112)","(255, 204, 153)"
1140,0.0,0.0,"(25, 25, 112)","(255, 204, 153)"
1141,0.0,0.0,"(25, 25, 112)","(255, 204, 153)"
1142,0.0,0.0,"(25, 25, 112)","(255, 204, 153)"
1143,0.0,0.0,"(25, 25, 112)","(255, 204, 153)"
1144,0.0,0.0,"(25, 25, 112)","(255, 204, 153)"
1145,0.0,0.0,"(25, 25, 112)","(255, 204, 153)"
1146,0.0,0.0,"(25, 25, 112)","(255, 204, 153)"
1147,0.0,0.0,"(25, 25, 112)","(255, 204, 153)"
1148,0.0,0.0,"(25, 25, 112)","(255, 204, 153)"
1149,0.0,0.0,"(25, 25, 112)","(255, 204, 153)"
1150,0.0,0.0,"(25, 25, 112)","(255, 204, 153)"
1151,0.0,0.0,"(25, 25, 112)","(255, 204, 153)"
1152,0.0,0.0,"(25, 25, 112)","(255, 204, 153)"
1153,0.0,0.0,"(25, 25, 112)","(255, 204, 153)"
1154,0.0,0.0,"(25, 25, 112)","(255, 204, 153)"
1155,0.0,0.0,"(25, 25, 112)","(255, 204, 153)"
1156,0.0,0.0,"(25, 25, 112)","(255, 204, 153)"
1157,0.0,0.0,"(25, 25, 112)","(255, 204, 153)"
1158,0.0,0.0,"(25, 25, 112)","(255, 204, 153)"
1159,0.0,0.0,"(25, 25, 112)","(255, 204, 153)"
1160,0.0,0.0,"(25, 25, 112)","(255, 204, 153)"
1161,0.0,0.0,"(25, 25, 112)","(255, 204, 153)"
1162,0.0,0.0,"(25, 25, 112)","(255, 204, 153)"
1163,0.0,0.0,"(25, 25, 112)","(255, 204, 153)"
1164,0.0,0.0,"(25, 25, 112)","(255, 204, 153)"
1165,0.0,0.0,"(25, 25, 112)","(255, 204, 153)"
1166,0.0,0.0,"(25, 25, 112)","(255, 204, 153)"
1167,0.0,0.0,"(25, 25, 112)","(255, 204, 153)"
1168,0.0,0.0,"(25, 25, 112)","(255, 204, 153)"
1169,0.0,0.0,"(25, 25, 112)","(255, 204, 153)"
1170,0.0,0.0,"(25, 25, 112)","(255, 204, 153)"
1171,0.0,0.0,"(25, 25, 112)","(255, 204, 153)"
1172,0.0,0.0,"(25, 25, 112)","(255, 204, 153)"
1173,0.0,0.0,"(25, 25, 112)","(255, 204, 153)"
1174,0.0,0.0,"(25, 25, 112)","(255, 204, 153)"
1175,0.0,0.0,"(25, 25, 112)","(255, 204, 153)"
1176,0.0,0.0,"(25, 25, 112)","(255, 204, 153)"
1177,0.0,0.0,"(25, 25, 112)","(255, 204, 153)"
1178,0.0,0.0,"(25, 25, 112)","(255, 204, 153)"
1179,0.0,0.0,"(25, 25, 112)","(255, 204, 153)"
1180,0.0,0.0,"(25, 25, 112)","(255, 204, 153)"
1181,0.0,0.0,"(25, 25, 112)","(255, 204, 153)"
1182,0.0,0.0,"(25, 25, 112)","(255, 204, 153)"
1183,0.0,0.0,"(25, 25, 112)","(255, 204, 153)"
1184,0.0,0.0,"(25, 25, 112)","(255, 204, 153)"
1185,0.0,0.0,"(25, 25, 112)","(255, 204, 153)"
1186,0.0,0.0,"(25, 25, 112)","(255, 204, 153)"
1187,0.0,0.0,"(25, 25, 112)","(255, 204, 153)"
1188,0.0,0.0,"(25, 25, 112)","(255, 204, 153)"
1189,0.0,0.0,"(25, 25, 112)","(255, 204, 153)"
1190,0.0,0.0,"(25, 25, 112)","(255, 204, 153)"
1191,0.0,0.0,"(25, 25, 112)","(255, 204, 153)"
1192,0.0,0.0,"(25, 25, 112)","(255, 204, 153)"
1193,0.0,0.0,"(25, 25, 112)","(255, 204, 153)"
1194,0.0,0.0,"(25, 25, 112)","(255, 204, 153)"
1195,0.0,0.0,"(25, 25, 112)","(255, 204, 153)"
1196,0.0,0.0,"(25, 25, 112)","(255, 204, 153)"
1197,0.0,0.0,"(25, 25, 112)","(255, 204, 153)"
1198,0.0,0.0,"(25, 25, 112)","(255, 204, 153)"
1199,0.0,0.0,"(25, 25, 112)","(255, 204, 153)"
1200,0.0,0.0,"(25, 25, 112)","(255, 204, 153)"
1201,0.0,0.0,"(25, 25, 112)","(255, 204, 153)"
1202,0.0,0.0,"(25, 25, 112)","(255, 204, 153)"
1203,0.0,0.0,"(25, 25, 112)","(255, 204, 153)"
1204,0.0,0.0,"(25, 25, 112)","(255, 204, 153)"
1205,0.0,0.0,"(25, 25, 112)","(255, 204, 153)"
1206,0.0,0.0,"(25, 25, 112)","(255, 204, 153)"
1207,0.0,0.0,"(25, 25, 112)","(255, 204, 153)"
1208,0.0,0.0,"(25, 25, 112)","(255, 204, 153)"
1209,0.0,0.0,"(25, 25, 112)","(255, 204, 153)"
1210,0.0,0.0,"(25, 25, 112)","(255, 204, 153)"
1211,0.0,0.0,"(25, 25, 112)","(255, 204, 153)"
1212,0.0,0.0,"(25, 25, 112)","(255, 204, 153)"
1213,0.0,0.0,"(25, 25, 112)","(255, 204, 153)"
1214,0.0,0.0,"(25, 25, 112)","(255, 204, 153)"
1215,0.0,0.0,"(25, 25, 112)","(255, 204, 153)"
1216,0.0,0.0,"(25, 25, 112)","(255, 204, 153)"
1217,0.0,0.0,"(25, 25, 112)","(255, 204, 153)"
1218,0.0,0.0,"(25, 25, 112)","(255, 204, 153)"
1219,0.0,0.0,"(25, 25, 112)","(255, 204, 153)"
1220,0.0,0.0,"(25, 25, 112)","(255, 204, 153)"
1221,0.0,0.0,"(25, 25, 112)","(255, 204, 153)"
1222,0.0,0.0,"(25, 25, 112)","(255, 204, 153)"
1223,0.0,0.0,"(25, 25, 112)","(255, 204, 153)"
1224,0.0,0.0,"(25, 25, 112)","(255, 204, 153)"
1225,0.0,0.0,"(25, 25, 112)","(255, 204, 153)"
1226,0.0,0.0,"(25, 25, 112)","(255, 204, 153)"
1227,0.0,0.0,"(25, 25, 112)","(255, 204, 153)"
1228,0.0,0.0,"(25, 25, 112)","(255, 204, 153)"
1229,0.0,0.0,"(25, 25, 112)","(255, 204, 153)"
1230,0.0,0.0,"(25, 25, 112)","(255, 204, 153)"
1231,0.0,0.0,"(25, 25, 112)","(255, 204, 153)"
1232,0.0,0.0,"(25, 25, 112)","(255, 204, 153)"
1233,0.0,0.0,"(25, 25, 112)","(255, 204, 153)"
1234,0.0,0.0,"(25, 25, 112)","(255, 204, 153)"
1235,0.0,0.0,"(25, 25, 112)","(255, 204, 153)"
1236,0.0,0.0,"(25, 25, 112)","(255, 204, 153)"
1237,0.0,0.0,"(25, 25, 112)","(255, 204, 153)"
1238,0.0,0.0,"(25, 25, 112)","(255, 204, 153)"
1239,0.0,0.0,"(25, 25, 112)","(255, 204, 153)"
1240,0.0,0.0,"(25, 25, 112)","(255, 204, 153)"
1241,0.0,0.0,"(25, 25, 112)","(255, 204, 153)"
1242,0.0,0.0,"(25, 25, 112)","(255, 204, 153)"
1243,0.0,0.0,"(25, 25, 112)","(255, 204, 153)"
1244,0.0,0.0,"(25, 25, 112)","(255, 204, 153)"
1245,0.0,0.0,"(25, 25, 112)","(255, 204, 153)"
1246,0.0,0.0,"(25, 25, 112)","(255, 204, 153)"
1247,0.0,0.0,"(25, 25, 112)","(255, 204, 153)"
1248,0.0,0.0,"(25, 25, 112)","(255, 204, 153)"
1249,0.0,0.0,"(25, 25, 112)","(255, 204, 153)"
1250,0.0,0.0,"(25, 25, 112)","(255, 204, 153)"
1251,0.0,0.0,"(25, 25, 112)","(255, 204, 153)"
1252,0.0,0.0,"(25, 25, 112)","(255, 204, 153)"
1253,0.0,0.0,"(25, 25, 112)","(255, 204, 153)"
1254,0.0,0.0,"(25, 25, 112)","(255, 204, 153)"
1255,0.0,0.0,"(25, 25, 112)","(255, 204, 153)"
1256,0.0,0.0,"(25, 25, 112)","(255, 204, 153)"
1257,0.0,0.0,"(25, 25, 112)","(255, 204, 153)"
1258,0.0,0.0,"(25, 25, 112)","(255, 204, 153)"
1259,0.0,0.0,"(25, 25, 112)","(255, 204, 153)"
1260,0.0,0.0,"(25, 25, 112)","(255, 204, 153)"
1261,0.0,0.0,"(25, 25, 112)","(255, 204, 153)"
1262,0.0,0.0,"(25, 25, 112)","(255, 204, 153)"
1263,0.0,0.0,"(25, 25, 112)","(255, 204, 153)"
1264,0.0,0.0,"(25, 25, 112)","(255, 204, 153)"
1265,0.0,0.0,"(25, 25, 112)","(255, 204, 153)"
1266,0.0,0.0,"(25, 25, 112)","(255, 204, 153)"
1267,0.0,0.0,"(25, 25, 112)","(255, 204, 153)"
1268,0.0,0.0,"(25, 25, 112)","(255, 204, 153)"
1269,0.0,0.0,"(25, 25, 112)","(255, 204, 153)"
1270,0.0,0.0,"(25, 25, 112)","(255, 204, 153)"
1271,0.0,0.0,"(25, 25, 112)","(255, 204, 153)"
1272,0.0,0.0,"(25, 25, 112)","(255, 204, 153)"
1273,0.0,0.0,"(25, 25, 112)","(255, 204, 153)"
1274,0.0,0.0,"(25, 25, 112)","(255, 204, 153)"
1275,0.0,0.0,"(25, 25, 112)","(255, 204, 153)"
1276,0.0,0.0,"(25, 25, 112)","(255, 204, 153)"
1277,0.0,0.0,"(25, 25, 112)","(255, 204, 153)"
1278,0.0,0.0,"(25, 25, 112)","(255, 204, 153)"
1279,0.0,0.0,"(25, 25, 112)","(255, 204, 153)"
1280,0.0,0.0,"(25, 25, 112)","(255, 204, 153)"
1281,0.0,0.0,"(25, 25, 112)","(255, 204, 153)"
1282,0.0,0.0,"(25, 25, 112)","(255, 204, 153)"
1283,0.0,0.0,"(25, 25, 112)","(255, 204, 153)"
1284,0.0,0.0,"(25, 25, 112)","(255, 204, 153)"
1285,0.0,0.0,"(25, 25, 112)","(255, 204, 153)"
1286,0.0,0.0,"(25, 25, 112)","(255, 204, 153)"
1287,0.0,0.0,"(25, 25, 112)","(255, 204, 153)"
1288,0.0,0.0,"(25, 25, 112)","(255, 204, 153)"
1289,0.0,0.0,"(25, 25, 112)","(255, 204, 153)"
1290,0.0,0.0,"(25, 25, 112)","(255, 204, 153)"
1291,0.0,0.0,"(25, 25, 112)","(255, 204, 153)"
1292,0.0,0.0,"(25, 25, 112)","(255, 204, 153)"
1293,0.0,0.0,"(25, 25, 112)","(255, 204, 153)"
1294,0.0,0.0,"(25, 25, 112)","(255, 204, 153)"
1295,0.0,0.0,"(25, 25, 112)","(255, 204, 153)"
1296,0.0,0.0,"(25, 25, 112)","(255, 204, 153)"
1297,0.0,0.0,"(25, 25, 112)","(255, 204, 153)"
1298,0.0,0.0,"(25, 25, 112)","(255, 204, 153)"
1299,0.0,0.0,"(25, 25, 112)","(255, 204, 153)"
1300,0.0,0.0,"(25, 25, 112)","(255, 204, 153)"
1301,0.0,0.0,"(25, 25, 112)","(255, 204, 153)"
1302,0.0,0.0,"(25, 25, 112)","(255, 204, 153)"
1303,0.0,0.0,"(25, 25, 112)","(255, 204, 153)"
1304,0.0,0.0,"(25, 25, 112)","(255, 204, 153)"
1305,0.0,0.0,"(25, 25, 112)","(255, 204, 153)"
1306,0.0,0.0,"(25, 25, 112)","(255, 204, 153)"
1307,0.0,0.0,"(25, 25, 112)","(255, 204, 153)"
1308,0.0,0.0,"(25, 25, 112)","(255, 204, 153)"
1309,0.0,0.0,"(25, 25, 112)","(255, 204, 153)"
1310,0.0,0.0,"(25, 25, 112)","(255, 204, 153)"
1311,0.0,0.0,"(25, 25, 112)","(255, 204, 153)"
1312,0.0,0.0,"(25, 25, 112)","(255, 204, 153)"
1313,0.0,0.0,"(25, 25, 112)","(255, 204, 153)"
1314,0.0,0.0,"(25, 25, 112)","(255, 204, 153)"
1315,0.0,0.0,"(25, 25, 112)","(255, 204, 153)"
1316,0.0,0.0,"(25, 25, 112)","(255, 204, 153)"
1317,0.0,0.0,"(25, 25, 112)","(255, 204, 153)"
1318,0.0,0.0,"(25, 25, 112)","(255, 204, 153)"
1319,0.0,0.0,"(25, 25, 112)","(255, 204, 153)"
1320,0.0,0.0,"(25, 25, 112)","(255, 204, 153)"
1321,0.0,0.0,"(25, 25, 112)","(255, 204, 153)"
1322,0.0,0.0,"(25, 25, 112)","(255, 204, 153)"
1323,0.0,0.0,"(25, 25, 112)","(255, 204, 153)"
1324,0.0,0.0,"(25, 25, 112)","(255, 204, 153)"
1325,0.0,0.0,"(25, 25, 112)","(255, 204, 153)"
1326,0.0,0.0,"(25, 25, 112)","(255, 204, 153)"
1327,0.0,0.0,"(25, 25, 112)","(255, 204, 153)"
1328,0.0,0.0,"(25, 25, 112)","(255, 204, 153)"
1329,0.0,0.0,"(25, 25, 112)","(255, 204, 153)"
1330,0.0,0.0,"(25, 25, 112)","(255, 204, 153)"
1331,0.0,0.0,"(25, 25, 112)","(255, 204, 153)"
1332,0.0,0.0,"(25, 25, 112)","(255, 204, 153)"
1333,0.0,0.0,"(25, 25, 112)","(255, 204, 153)"
1334,0.0,0.0,"(25, 25, 112)","(255, 204, 153)"
1335,0.0,0.0,"(25, 25, 112)","(255, 204, 153)"
1336,0.0,0.0,"(25, 25, 112)","(255, 204, 153)"
1337,0.0,0.0,"(25, 25, 112)","(255, 204, 153)"
1338,0.0,0.0,"(25, 25, 112)","(255, 204, 153)"
1339,0.0,0.0,"(25, 25, 112)","(255, 204, 153)"
1340,0.0,0.0,"(25, 25, 112)","(255, 204, 153)"
1341,0.0,0.0,"(25, 25, 112)","(255, 204, 153)"
1342,0.0,0.0,"(25, 25, 112)","(255, 204, 153)"
1343,0.0,0.0,"(25, 25, 112)","(255, 204, 153)"
1344,0.0,0.0,"(25, 25, 112)","(255, 204, 153)"
1345,0.0,0.0,"(25, 25, 112)","(255, 204, 153)"
1346,0.0,0.0,"(25, 25, 112)","(255, 204, 153)"
1347,0.0,0.0,"(25, 25, 112)","(255, 204, 153)"
1348,0.0,0.0,"(25, 25, 112)","(255, 204, 153)"
1349,0.0,0.0,"(25, 25, 112)","(255, 204, 153)"
1350,0.0,0.0,"(25, 25, 112)","(255, 204, 153)"
1351,0.0,0.0,"(25, 25, 112)","(255, 204, 153)"
1352,0.0,0.0,"(25, 25, 112)","(255, 204, 153)"
1353,0.0,0.0,"(25, 25, 112)","(255, 204, 153)"
1354,0.0,0.0,"(25, 25, 112)","(255, 204, 153)"
1355,0.0,0.0,"(25, 25, 112)","(255, 204, 153)"
1356,0.0,0.0,"(25, 25, 112)","(255, 204, 153)"
1357,0.0,0.0,"(25, 25, 112)","(255, 204, 153)"
1358,0.0,0.0,"(25, 25, 112)","(255, 204, 153)"
1359,0.0,0.0,"(25, 25, 112)","(255, 204, 153)"
1360,0.0,0.0,"(25, 25, 112)","(255, 204, 153)"
1361,0.0,0.0,"(25, 25, 112)","(255, 204, 153)"
1362,0.0,0.0,"(25, 25, 112)","(255, 204, 153)"
1363,0.0,0.0,"(25, 25, 112)","(255, 204, 153)"
1364,0.0,0.0,"(25, 25, 112)","(255, 204, 153)"
1365,0.0,0.0,"(25, 25, 112)","(255, 204, 153)"
1366,0.0,0.0,"(25, 25, 112)","(255, 204, 153)"
1367,0.0,0.0,"(25, 25, 112)","(255, 204, 153)"
1368,0.0,0.0,"(25, 25, 112)","(255, 204, 153)"
1369,0.0,0.0,"(25, 25, 112)","(255, 204, 153)"
1370,0.0,0.0,"(25, 25, 112)","(255, 204, 153)"
1371,0.0,0.0,"(25, 25, 112)","(255, 204, 153)"
1372,0.0,0.0,"(25, 25, 112)","(255, 204, 153)"
1373,0.0,0.0,"(25, 25, 112)","(255, 204, 153)"
1374,0.0,0.0,"(25, 25, 112)","(255, 204, 153)"
1375,0.0,0.0,"(25, 25, 112)","(255, 204, 153)"
1376,0.0,0.0,"(25, 25, 112)","(255, 204, 153)"
1377,0.0,0.0,"(25, 25, 112)","(255, 204, 153)"
1378,0.0,0.0,"(25, 25, 112)","(255, 204, 153)"
1379,0.0,0.0,"(25, 25, 112)","(255, 204, 153)"
1380,0.0,0.0,"(25, 25, 112)","(255, 204, 153)"
1381,0.0,0.0,"(25, 25, 112)","(255, 204, 153)"
1382,0.0,0.0,"(25, 25, 112)","(255, 204, 153)"
1383,0.0,0.0,"(25, 25, 112)","(255, 204, 153)"
1384,0.0,0.0,"(25, 25, 112)","(255, 204, 153)"
1385,0.0,0.0,"(25, 25, 112)","(255, 204, 153)"
1386,0.0,0.0,"(25, 25, 112)","(255, 204, 153)"
1387,0.0,0.0,"(25, 25, 112)","(255, 204, 153)"
1388,0.0,0.0,"(25, 25, 112)","(255, 204, 153)"
1389,0.0,0.0,"(25, 25, 112)","(255, 204, 153)"
1390,0.0,0.0,"(25, 25, 112)","(255, 204, 153)"
1391,0.0,0.0,"(25, 25, 112)","(255, 204, 153)"
1392,0.0,0.0,"(25, 25, 112)","(255, 204, 153)"
1393,0.0,0.0,"(25, 25, 112)","(255, 204, 153)"
1394,0.0,0.0,"(25, 25, 112)","(255, 204, 153)"
1395,0.0,0.0,"(25, 25, 112)","(255, 204, 153)"
1396,0.0,0.0,"(25, 25, 112)","(255, 204, 153)"
1397,0.0,0.0,"(25, 25, 112)","(255, 204, 153)"
1398,0.0,0.0,"(25, 25, 112)","(255, 204, 153)"
1399,0.0,0.0,"(25, 25, 112)","(255, 204, 153)"
1400,0.0,0.0,"(25, 25, 112)","(255, 204, 153)"
1401,0.0,0.0,"(25, 25, 112)","(255, 204, 153)"
1402,0.0,0.0,"(25, 25, 112)","(255, 204, 153)"
1403,0.0,0.0,"(25, 25, 112)","(255, 204, 153)"
1404,0.0,0.0,"(25, 25, 112)","(255, 204, 153)"
1405,0.0,0.0,"(25, 25, 112)","(255, 204, 153)"
1406,0.0,0.0,"(25, 25, 112)","(255, 204, 153)"
1407,0.0,0.0,"(25, 25, 112)","(255, 204, 153)"
1408,0.0,0.0,"(25, 25, 112)","(255, 204, 153)"
1409,0.0,0.0,"(25, 25, 112)","(255, 204, 153)"
1410,0.0,0.0,"(25, 25, 112)","(255, 204, 153)"
1411,0.0,0.0,"(25, 25, 112)","(255, 204, 153)"
1412,0.0,0.0,"(25, 25, 112)","(255, 204, 153)"
1413,0.0,0.0,"(25, 25, 112)","(255, 204, 153)"
1414,0.0,0.0,"(25, 25, 112)","(255, 204, 153)"
1415,0.0,0.0,"(25, 25, 112)","(255, 204, 153)"
1416,0.0,0.0,"(25, 25, 112)","(255, 204, 153)"
1417,0.0,0.0,"(25, 25, 112)","(255, 204, 153)"
1418,0.0,0.0,"(25, 25, 112)","(255, 204, 153)"
1419,0.0,0.0,"(25, 25, 112)","(255, 204, 153)"
1420,0.0,0.0,"(25, 25, 112)","(255, 204, 153)"
1421,0.0,0.0,"(25, 25, 112)","(255, 204, 153)"
1422,0.0,0.0,"(25, 25, 112)","(255, 204, 153)"
1423,0.0,0.0,"(25, 25, 112)","(255, 204, 153)"
1424,0.0,0.0,"(25, 25, 112)","(255, 204, 153)"
1425,0.0,0.0,"(25, 25, 112)","(255, 204, 153)"
1426,0.0,0.0,"(25, 25, 112)","(255, 204, 153)"
1427,0.0,0.0,"(25, 25, 112)","(255, 204, 153)"
1428,0.0,0.0,"(25, 25, 112)","(255, 204, 153)"
1429,0.0,0.0,"(25, 25, 112)","(255, 204, 153)"
1430,0.0,0.0,"(25, 25, 112)","(255, 204, 153)"
1431,0.0,0.0,"(25, 25, 112)","(255, 204, 153)"
1432,0.0,0.0,"(25, 25, 112)","(255, 204, 153)"
1433,0.0,0.0,"(25, 25, 112)","(255, 204, 153)"
1434,0.0,0.0,"(25, 25, 112)","(255, 204, 153)"
1435,0.0,0.0,"(25, 25, 112)","(255, 204, 153)"
1436,0.0,0.0,"(25, 25, 112)","(255, 204, 153)"
1437,0.0,0.0,"(25, 25, 112)","(255, 204, 153)"
1438,0.0,0.0,"(25, 25, 112)","(255, 204, 153)"
1439,0.0,0.0,"(25, 25, 112)","(255, 204, 153)"
