Time,Minute,Temperature,SnowAmount,LightIntensity,ElevationAngle,lightDirectionX,lightDirectionY,lightDirectionZ,SkyColorR,SkyColorG,SkyColorB
00:00,0,-7.00,1.00,0.00,-79.50,-0.18,-0.00,-0.98,0.10,0.10,0.44
00:01,1,-7.02,1.00,0.00,-79.50,-0.18,-0.00,-0.98,0.10,0.10,0.44
00:02,2,-7.04,1.00,0.00,-79.49,-0.18,-0.00,-0.98,0.10,0.10,0.44
00:03,3,-7.07,1.00,0.00,-79.47,-0.18,-0.00,-0.98,0.10,0.10,0.44
00:04,4,-7.09,1.00,0.00,-79.45,-0.18,-0.00,-0.98,0.10,0.10,0.44
00:05,5,-7.11,1.00,0.00,-79.43,-0.18,-0.00,-0.98,0.10,0.10,0.44
00:06,6,-7.13,1.00,0.00,-79.39,-0.18,-0.00,-0.98,0.10,0.10,0.44
00:07,7,-7.15,1.00,0.00,-79.36,-0.18,-0.00,-0.98,0.10,0.10,0.44
00:08,8,-7.17,1.00,0.00,-79.31,-0.19,-0.00,-0.98,0.10,0.10,0.44
00:09,9,-7.20,1.00,0.00,-79.26,-0.19,-0.00,-0.98,0.10,0.10,0.44
00:10,10,-7.22,1.00,0.00,-79.21,-0.19,-0.00,-0.98,0.10,0.10,0.44
00:11,11,-7.24,1.00,0.00,-79.15,-0.19,-0.00,-0.98,0.10,0.10,0.44
00:12,12,-7.26,1.00,0.00,-79.08,-0.19,-0.00,-0.98,0.10,0.10,0.44
00:13,13,-7.28,1.00,0.00,-79.01,-0.19,-0.00,-0.98,0.10,0.10,0.44
00:14,14,-7.30,1.00,0.00,-78.94,-0.19,-0.00,-0.98,0.10,0.10,0.44
00:15,15,-7.32,1.00,0.00,-78.86,-0.19,-0.00,-0.98,0.10,0.10,0.44
00:16,16,-7.34,1.00,0.00,-78.77,-0.19,-0.00,-0.98,0.10,0.10,0.44
00:17,17,-7.37,1.00,0.00,-78.68,-0.20,-0.00,-0.98,0.10,0.10,0.44
00:18,18,-7.39,1.00,0.00,-78.59,-0.20,-0.00,-0.98,0.10,0.10,0.44
00:19,19,-7.41,1.00,0.00,-78.49,-0.20,-0.00,-0.98,0.10,0.10,0.44
00:20,20,-7.43,1.00,0.00,-78.38,-0.20,-0.00,-0.98,0.10,0.10,0.44
00:21,21,-7.45,1.00,0.00,-78.27,-0.20,-0.00,-0.98,0.10,0.10,0.44
00:22,22,-7.47,1.00,0.00,-78.16,-0.21,-0.00,-0.98,0.10,0.10,0.44
00:23,23,-7.49,1.00,0.00,-78.04,-0.21,-0.00,-0.98,0.10,0.10,0.44
00:24,24,-7.51,1.00,0.00,-77.92,-0.21,-0.00,-0.98,0.10,0.10,0.44
00:25,25,-7.52,1.00,0.00,-77.80,-0.21,-0.00,-0.98,0.10,0.10,0.44
00:26,26,-7.54,1.00,0.00,-77.67,-0.21,-0.00,-0.98,0.10,0.10,0.44
00:27,27,-7.56,1.00,0.00,-77.54,-0.22,-0.00,-0.98,0.10,0.10,0.44
00:28,28,-7.58,1.00,0.00,-77.40,-0.22,-0.00,-0.98,0.10,0.10,0.44
00:29,29,-7.60,1.00,0.00,-77.26,-0.22,-0.00,-0.98,0.10,0.10,0.44
00:30,30,-7.62,1.00,0.00,-77.12,-0.22,-0.00,-0.97,0.10,0.10,0.44
00:31,31,-7.64,1.00,0.00,-76.98,-0.23,-0.00,-0.97,0.10,0.10,0.44
00:32,32,-7.65,1.00,0.00,-76.83,-0.23,-0.00,-0.97,0.10,0.10,0.44
00:33,33,-7.67,1.00,0.00,-76.68,-0.23,-0.00,-0.97,0.10,0.10,0.44
00:34,34,-7.69,1.00,0.00,-76.52,-0.23,-0.00,-0.97,0.10,0.10,0.44
00:35,35,-7.70,1.00,0.00,-76.36,-0.24,-0.00,-0.97,0.10,0.10,0.44
00:36,36,-7.72,1.00,0.00,-76.20,-0.24,-0.00,-0.97,0.10,0.10,0.44
00:37,37,-7.74,1.00,0.00,-76.04,-0.24,-0.00,-0.97,0.10,0.10,0.44
00:38,38,-7.75,1.00,0.00,-75.88,-0.24,-0.00,-0.97,0.10,0.10,0.44
00:39,39,-7.77,1.00,0.00,-75.71,-0.25,-0.00,-0.97,0.10,0.10,0.44
00:40,40,-7.78,1.00,0.00,-75.54,-0.25,-0.00,-0.97,0.10,0.10,0.44
00:41,41,-7.80,1.00,0.00,-75.37,-0.25,-0.00,-0.97,0.10,0.10,0.44
00:42,42,-7.81,1.00,0.00,-75.19,-0.26,-0.00,-0.97,0.10,0.10,0.44
00:43,43,-7.83,1.00,0.00,-75.02,-0.26,-0.00,-0.97,0.10,0.10,0.44
00:44,44,-7.84,1.00,0.00,-74.84,-0.26,-0.00,-0.97,0.10,0.10,0.44
00:45,45,-7.85,1.00,0.00,-74.66,-0.26,-0.00,-0.96,0.10,0.10,0.44
00:46,46,-7.87,1.00,0.00,-74.48,-0.27,-0.00,-0.96,0.10,0.10,0.44
00:47,47,-7.88,1.00,0.00,-74.29,-0.27,-0.00,-0.96,0.10,0.10,0.44
00:48,48,-7.89,1.00,0.00,-74.11,-0.27,-0.00,-0.96,0.10,0.10,0.44
00:49,49,-7.90,1.00,0.00,-73.92,-0.28,-0.00,-0.96,0.10,0.10,0.44
00:50,50,-7.91,1.00,0.00,-73.73,-0.28,-0.00,-0.96,0.10,0.10,0.44
00:51,51,-7.92,1.00,0.00,-73.54,-0.28,-0.00,-0.96,0.10,0.10,0.44
00:52,52,-7.93,1.00,0.00,-73.35,-0.29,-0.00,-0.96,0.10,0.10,0.44
00:53,53,-7.94,1.00,0.00,-73.15,-0.29,-0.00,-0.96,0.10,0.10,0.44
00:54,54,-7.95,1.00,0.00,-72.96,-0.29,-0.00,-0.96,0.10,0.10,0.44
00:55,55,-7.96,1.00,0.00,-72.76,-0.30,-0.00,-0.96,0.10,0.10,0.44
00:56,56,-7.97,1.00,0.00,-72.56,-0.30,-0.00,-0.95,0.10,0.10,0.44
00:57,57,-7.98,1.00,0.00,-72.36,-0.30,-0.00,-0.95,0.10,0.10,0.44
00:58,58,-7.99,1.00,0.00,-72.16,-0.31,-0.00,-0.95,0.10,0.10,0.44
00:59,59,-7.99,1.00,0.00,-71.96,-0.31,-0.00,-0.95,0.10,0.10,0.44
01:00,60,-8.00,1.00,0.00,-71.76,-0.31,-0.00,-0.95,0.10,0.10,0.44
01:01,61,-8.01,1.00,0.00,-71.56,-0.32,-0.00,-0.95,0.10,0.10,0.44
01:02,62,-8.01,1.00,0.00,-71.35,-0.32,-0.00,-0.95,0.10,0.10,0.44
01:03,63,-8.02,1.00,0.00,-71.14,-0.32,-0.00,-0.95,0.10,0.10,0.44
01:04,64,-8.02,1.00,0.00,-70.94,-0.33,-0.00,-0.95,0.10,0.10,0.44
01:05,65,-8.02,1.00,0.00,-70.73,-0.33,-0.00,-0.94,0.10,0.10,0.44
01:06,66,-8.03,1.00,0.00,-70.52,-0.33,-0.00,-0.94,0.10,0.10,0.44
01:07,67,-8.03,1.00,0.00,-70.31,-0.34,-0.00,-0.94,0.10,0.10,0.44
01:08,68,-8.03,1.00,0.00,-70.10,-0.34,-0.00,-0.94,0.10,0.10,0.44
01:09,69,-8.04,1.00,0.00,-69.89,-0.34,-0.00,-0.94,0.10,0.10,0.44
01:10,70,-8.04,1.00,0.00,-69.68,-0.35,-0.00,-0.94,0.10,0.10,0.44
01:11,71,-8.04,1.00,0.00,-69.46,-0.35,-0.00,-0.94,0.10,0.10,0.44
01:12,72,-8.04,1.00,0.00,-69.25,-0.35,-0.00,-0.94,0.10,0.10,0.44
01:13,73,-8.04,1.00,0.00,-69.03,-0.36,-0.00,-0.93,0.10,0.10,0.44
01:14,74,-8.04,1.00,0.00,-68.82,-0.36,-0.00,-0.93,0.10,0.10,0.44
01:15,75,-8.04,1.00,0.00,-68.60,-0.36,-0.00,-0.93,0.10,0.10,0.44
01:16,76,-8.04,1.00,0.00,-68.39,-0.37,-0.00,-0.93,0.10,0.10,0.44
01:17,77,-8.04,1.00,0.00,-68.17,-0.37,-0.00,-0.93,0.10,0.10,0.44
01:18,78,-8.04,1.00,0.00,-67.95,-0.38,-0.00,-0.93,0.10,0.10,0.44
01:19,79,-8.04,1.00,0.00,-67.73,-0.38,-0.00,-0.93,0.10,0.10,0.44
01:20,80,-8.04,1.00,0.00,-67.51,-0.38,-0.00,-0.92,0.10,0.10,0.44
01:21,81,-8.04,1.00,0.00,-67.29,-0.39,-0.00,-0.92,0.10,0.10,0.44
01:22,82,-8.04,1.00,0.00,-67.07,-0.39,-0.00,-0.92,0.10,0.10,0.44
01:23,83,-8.04,1.00,0.00,-66.85,-0.39,-0.00,-0.92,0.10,0.10,0.44
01:24,84,-8.03,1.00,0.00,-66.63,-0.40,-0.00,-0.92,0.10,0.10,0.44
01:25,85,-8.03,1.00,0.00,-66.41,-0.40,-0.00,-0.92,0.10,0.10,0.44
01:26,86,-8.03,1.00,0.00,-66.18,-0.40,-0.00,-0.91,0.10,0.10,0.44
01:27,87,-8.03,1.00,0.00,-65.96,-0.41,-0.00,-0.91,0.10,0.10,0.44
01:28,88,-8.03,1.00,0.00,-65.74,-0.41,-0.00,-0.91,0.10,0.10,0.44
01:29,89,-8.02,1.00,0.00,-65.51,-0.41,-0.00,-0.91,0.10,0.10,0.44
01:30,90,-8.02,1.00,0.00,-65.29,-0.42,-0.00,-0.91,0.10,0.10,0.44
01:31,91,-8.02,1.00,0.00,-65.06,-0.42,-0.00,-0.91,0.10,0.10,0.44
01:32,92,-8.02,1.00,0.00,-64.84,-0.43,-0.00,-0.91,0.10,0.10,0.44
01:33,93,-8.01,1.00,0.00,-64.61,-0.43,-0.00,-0.90,0.10,0.10,0.44
01:34,94,-8.01,1.00,0.00,-64.38,-0.43,-0.00,-0.90,0.10,0.10,0.44
01:35,95,-8.01,1.00,0.00,-64.16,-0.44,-0.00,-0.90,0.10,0.10,0.44
01:36,96,-8.01,1.00,0.00,-63.93,-0.44,-0.00,-0.90,0.10,0.10,0.44
01:37,97,-8.01,1.00,0.00,-63.70,-0.44,-0.00,-0.90,0.10,0.10,0.44
01:38,98,-8.00,1.00,0.00,-63.47,-0.45,-0.00,-0.89,0.10,0.10,0.44
01:39,99,-8.00,1.00,0.00,-63.24,-0.45,-0.00,-0.89,0.10,0.10,0.44
01:40,100,-8.00,1.00,0.00,-63.02,-0.45,-0.00,-0.89,0.10,0.10,0.44
01:41,101,-8.00,1.00,0.00,-62.79,-0.46,-0.00,-0.89,0.10,0.10,0.44
01:42,102,-7.99,1.00,0.00,-62.56,-0.46,-0.00,-0.89,0.10,0.10,0.44
01:43,103,-7.99,1.00,0.00,-62.33,-0.46,-0.00,-0.89,0.10,0.10,0.44
01:44,104,-7.99,1.00,0.00,-62.10,-0.47,-0.00,-0.88,0.10,0.10,0.44
01:45,105,-7.99,1.00,0.00,-61.87,-0.47,-0.00,-0.88,0.10,0.10,0.44
01:46,106,-7.99,1.00,0.00,-61.64,-0.48,-0.00,-0.88,0.10,0.10,0.44
01:47,107,-7.99,1.00,0.00,-61.41,-0.48,-0.00,-0.88,0.10,0.10,0.44
01:48,108,-7.99,1.00,0.00,-61.17,-0.48,-0.00,-0.88,0.10,0.10,0.44
01:49,109,-7.99,1.00,0.00,-60.94,-0.49,-0.00,-0.87,0.10,0.10,0.44
01:50,110,-7.99,1.00,0.00,-60.71,-0.49,-0.00,-0.87,0.10,0.10,0.44
01:51,111,-7.99,1.00,0.00,-60.48,-0.49,-0.00,-0.87,0.10,0.10,0.44
01:52,112,-7.99,1.00,0.00,-60.25,-0.50,-0.00,-0.87,0.10,0.10,0.44
01:53,113,-7.99,1.00,0.00,-60.01,-0.50,-0.00,-0.87,0.10,0.10,0.44
01:54,114,-7.99,1.00,0.00,-59.78,-0.50,-0.00,-0.86,0.10,0.10,0.44
01:55,115,-7.99,1.00,0.00,-59.55,-0.51,-0.00,-0.86,0.10,0.10,0.44
01:56,116,-7.99,1.00,0.00,-59.31,-0.51,-0.00,-0.86,0.10,0.10,0.44
01:57,117,-7.99,1.00,0.00,-59.08,-0.51,-0.00,-0.86,0.10,0.10,0.44
01:58,118,-7.99,1.00,0.00,-58.85,-0.52,-0.00,-0.86,0.10,0.10,0.44
01:59,119,-8.00,1.00,0.00,-58.61,-0.52,-0.00,-0.85,0.10,0.10,0.44
02:00,120,-8.00,1.00,0.00,-58.38,-0.52,-0.00,-0.85,0.10,0.10,0.44
02:01,121,-8.00,1.00,0.00,-58.14,-0.53,-0.00,-0.85,0.10,0.10,0.44
02:02,122,-8.01,1.00,0.00,-57.91,-0.53,-0.00,-0.85,0.10,0.10,0.44
02:03,123,-8.01,1.00,0.00,-57.67,-0.53,-0.00,-0.85,0.10,0.10,0.44
02:04,124,-8.02,1.00,0.00,-57.44,-0.54,-0.00,-0.84,0.10,0.10,0.44
02:05,125,-8.02,1.00,0.00,-57.20,-0.54,-0.00,-0.84,0.10,0.10,0.44
02:06,126,-8.03,1.00,0.00,-56.97,-0.55,-0.00,-0.84,0.10,0.10,0.44
02:07,127,-8.03,1.00,0.00,-56.73,-0.55,-0.00,-0.84,0.10,0.10,0.44
02:08,128,-8.04,1.00,0.00,-56.50,-0.55,-0.00,-0.83,0.10,0.10,0.44
02:09,129,-8.05,1.00,0.00,-56.26,-0.56,-0.00,-0.83,0.10,0.10,0.44
02:10,130,-8.05,1.00,0.00,-56.02,-0.56,-0.00,-0.83,0.10,0.10,0.44
02:11,131,-8.06,1.00,0.00,-55.79,-0.56,-0.00,-0.83,0.10,0.10,0.44
02:12,132,-8.07,1.00,0.00,-55.55,-0.57,-0.00,-0.82,0.10,0.10,0.44
02:13,133,-8.08,1.00,0.00,-55.31,-0.57,-0.00,-0.82,0.10,0.10,0.44
02:14,134,-8.09,1.00,0.00,-55.08,-0.57,-0.00,-0.82,0.10,0.10,0.44
02:15,135,-8.10,1.00,0.00,-54.84,-0.58,-0.00,-0.82,0.10,0.10,0.44
02:16,136,-8.11,1.00,0.00,-54.60,-0.58,-0.00,-0.82,0.10,0.10,0.44
02:17,137,-8.12,1.00,0.00,-54.37,-0.58,-0.00,-0.81,0.10,0.10,0.44
02:18,138,-8.13,1.00,0.00,-54.13,-0.59,-0.00,-0.81,0.10,0.10,0.44
02:19,139,-8.14,1.00,0.00,-53.89,-0.59,-0.00,-0.81,0.10,0.10,0.44
02:20,140,-8.15,1.00,0.00,-53.65,-0.59,-0.00,-0.81,0.10,0.10,0.44
02:21,141,-8.16,1.00,0.00,-53.41,-0.60,-0.00,-0.80,0.10,0.10,0.44
02:22,142,-8.18,1.00,0.00,-53.18,-0.60,-0.00,-0.80,0.10,0.10,0.44
02:23,143,-8.19,1.00,0.00,-52.94,-0.60,-0.00,-0.80,0.10,0.10,0.44
02:24,144,-8.20,1.00,0.00,-52.70,-0.61,-0.00,-0.80,0.10,0.10,0.44
02:25,145,-8.22,1.00,0.00,-52.46,-0.61,-0.00,-0.79,0.10,0.10,0.44
02:26,146,-8.23,1.00,0.00,-52.22,-0.61,-0.00,-0.79,0.10,0.10,0.44
02:27,147,-8.25,1.00,0.00,-51.98,-0.62,-0.00,-0.79,0.10,0.10,0.44
02:28,148,-8.26,1.00,0.00,-51.74,-0.62,-0.00,-0.79,0.10,0.10,0.44
02:29,149,-8.28,1.00,0.00,-51.51,-0.62,-0.00,-0.78,0.10,0.10,0.44
02:30,150,-8.29,1.00,0.00,-51.27,-0.63,-0.00,-0.78,0.10,0.10,0.44
02:31,151,-8.31,1.00,0.00,-51.03,-0.63,-0.00,-0.78,0.10,0.10,0.44
02:32,152,-8.33,1.00,0.00,-50.79,-0.63,-0.00,-0.77,0.10,0.10,0.44
02:33,153,-8.35,1.00,0.00,-50.55,-0.64,-0.00,-0.77,0.10,0.10,0.44
02:34,154,-8.36,1.00,0.00,-50.31,-0.64,-0.00,-0.77,0.10,0.10,0.44
02:35,155,-8.38,1.00,0.00,-50.07,-0.64,-0.00,-0.77,0.10,0.10,0.44
02:36,156,-8.40,1.00,0.00,-49.83,-0.65,-0.00,-0.76,0.10,0.10,0.44
02:37,157,-8.42,1.00,0.00,-49.59,-0.65,-0.00,-0.76,0.10,0.10,0.44
02:38,158,-8.44,1.00,0.00,-49.35,-0.65,-0.00,-0.76,0.10,0.10,0.44
02:39,159,-8.46,1.00,0.00,-49.11,-0.65,-0.00,-0.76,0.10,0.10,0.44
02:40,160,-8.48,1.00,0.00,-48.87,-0.66,-0.00,-0.75,0.10,0.10,0.44
02:41,161,-8.50,1.00,0.00,-48.63,-0.66,-0.00,-0.75,0.10,0.10,0.44
02:42,162,-8.52,1.00,0.00,-48.39,-0.66,-0.00,-0.75,0.10,0.10,0.44
02:43,163,-8.55,1.00,0.00,-48.15,-0.67,-0.00,-0.74,0.10,0.10,0.44
02:44,164,-8.57,1.00,0.00,-47.91,-0.67,-0.00,-0.74,0.10,0.10,0.44
02:45,165,-8.59,1.00,0.00,-47.67,-0.67,-0.00,-0.74,0.10,0.10,0.44
02:46,166,-8.62,1.00,0.00,-47.43,-0.68,-0.00,-0.74,0.10,0.10,0.44
02:47,167,-8.64,1.00,0.00,-47.19,-0.68,-0.00,-0.73,0.10,0.10,0.44
02:48,168,-8.67,1.00,0.00,-46.95,-0.68,-0.00,-0.73,0.10,0.10,0.44
02:49,169,-8.69,1.00,0.00,-46.70,-0.69,-0.00,-0.73,0.10,0.10,0.44
02:50,170,-8.72,1.00,0.00,-46.46,-0.69,-0.00,-0.72,0.10,0.10,0.44
02:51,171,-8.74,1.00,0.00,-46.22,-0.69,-0.00,-0.72,0.10,0.10,0.44
02:52,172,-8.77,1.00,0.00,-45.98,-0.69,-0.00,-0.72,0.10,0.10,0.44
02:53,173,-8.80,1.00,0.00,-45.74,-0.70,-0.00,-0.72,0.10,0.10,0.44
02:54,174,-8.82,1.00,0.00,-45.50,-0.70,-0.00,-0.71,0.10,0.10,0.44
02:55,175,-8.85,1.00,0.00,-45.26,-0.70,-0.00,-0.71,0.10,0.10,0.44
02:56,176,-8.88,1.00,0.00,-45.02,-0.71,-0.00,-0.71,0.10,0.10,0.44
02:57,177,-8.91,1.00,0.00,-44.77,-0.71,-0.00,-0.70,0.10,0.10,0.44
02:58,178,-8.94,1.00,0.00,-44.53,-0.71,-0.00,-0.70,0.10,0.10,0.44
02:59,179,-8.97,1.00,0.00,-44.29,-0.72,-0.00,-0.70,0.10,0.10,0.44
03:00,180,-9.00,1.00,0.00,-44.05,-0.72,-0.00,-0.70,0.10,0.10,0.44
03:01,181,-9.03,1.00,0.00,-43.81,-0.72,-0.00,-0.69,0.10,0.10,0.44
03:02,182,-9.06,1.00,0.00,-43.56,-0.72,-0.00,-0.69,0.10,0.10,0.44
03:03,183,-9.09,1.00,0.00,-43.32,-0.73,-0.00,-0.69,0.10,0.10,0.44
03:04,184,-9.13,1.00,0.00,-43.08,-0.73,-0.00,-0.68,0.10,0.10,0.44
03:05,185,-9.16,1.00,0.00,-42.84,-0.73,-0.00,-0.68,0.10,0.10,0.44
03:06,186,-9.19,1.00,0.00,-42.60,-0.74,-0.00,-0.68,0.10,0.10,0.44
03:07,187,-9.23,1.00,0.00,-42.35,-0.74,-0.00,-0.67,0.10,0.10,0.44
03:08,188,-9.26,1.00,0.00,-42.11,-0.74,-0.00,-0.67,0.10,0.10,0.44
03:09,189,-9.29,1.00,0.00,-41.87,-0.74,-0.00,-0.67,0.10,0.10,0.44
03:10,190,-9.33,1.00,0.00,-41.63,-0.75,-0.00,-0.66,0.10,0.10,0.44
03:11,191,-9.36,1.00,0.00,-41.38,-0.75,-0.00,-0.66,0.10,0.10,0.44
03:12,192,-9.40,1.00,0.00,-41.14,-0.75,-0.00,-0.66,0.10,0.10,0.44
03:13,193,-9.43,1.00,0.00,-40.90,-0.76,-0.00,-0.65,0.10,0.10,0.44
03:14,194,-9.47,1.00,0.00,-40.66,-0.76,-0.00,-0.65,0.10,0.10,0.44
03:15,195,-9.51,1.00,0.00,-40.41,-0.76,-0.00,-0.65,0.10,0.10,0.44
03:16,196,-9.54,1.00,0.00,-40.17,-0.76,-0.00,-0.65,0.10,0.10,0.44
03:17,197,-9.58,1.00,0.00,-39.93,-0.77,-0.00,-0.64,0.10,0.10,0.44
03:18,198,-9.61,1.00,0.00,-39.69,-0.77,-0.00,-0.64,0.10,0.10,0.44
03:19,199,-9.65,1.00,0.00,-39.44,-0.77,-0.00,-0.64,0.10,0.10,0.44
03:20,200,-9.69,1.00,0.00,-39.20,-0.77,-0.00,-0.63,0.10,0.10,0.44
03:21,201,-9.72,1.00,0.00,-38.96,-0.78,-0.00,-0.63,0.10,0.10,0.44
03:22,202,-9.76,1.00,0.00,-38.71,-0.78,-0.00,-0.63,0.10,0.10,0.44
03:23,203,-9.80,1.00,0.00,-38.47,-0.78,-0.00,-0.62,0.10,0.10,0.44
03:24,204,-9.83,1.00,0.00,-38.23,-0.79,-0.00,-0.62,0.10,0.10,0.44
03:25,205,-9.87,1.00,0.00,-37.98,-0.79,-0.00,-0.62,0.10,0.10,0.44
03:26,206,-9.91,1.00,0.00,-37.74,-0.79,-0.00,-0.61,0.10,0.10,0.44
03:27,207,-9.94,1.00,0.00,-37.50,-0.79,-0.00,-0.61,0.10,0.10,0.44
03:28,208,-9.98,1.00,0.00,-37.25,-0.80,-0.00,-0.61,0.10,0.10,0.44
03:29,209,-10.02,1.00,0.00,-37.01,-0.80,-0.00,-0.60,0.10,0.10,0.44
03:30,210,-10.05,1.00,0.00,-36.77,-0.80,-0.00,-0.60,0.10,0.10,0.44
03:31,211,-10.09,1.00,0.00,-36.52,-0.80,-0.00,-0.60,0.10,0.10,0.44
03:32,212,-10.13,1.00,0.00,-36.28,-0.81,-0.00,-0.59,0.10,0.10,0.44
03:33,213,-10.16,1.00,0.00,-36.04,-0.81,-0.00,-0.59,0.10,0.10,0.44
03:34,214,-10.20,1.00,0.00,-35.79,-0.81,-0.00,-0.58,0.10,0.10,0.44
03:35,215,-10.23,1.00,0.00,-35.55,-0.81,-0.00,-0.58,0.10,0.10,0.44
03:36,216,-10.27,1.00,0.00,-35.31,-0.82,-0.00,-0.58,0.10,0.10,0.44
03:37,217,-10.30,1.00,0.00,-35.06,-0.82,-0.00,-0.57,0.10,0.10,0.44
03:38,218,-10.34,1.00,0.00,-34.82,-0.82,-0.00,-0.57,0.10,0.10,0.44
03:39,219,-10.37,1.00,0.00,-34.57,-0.82,-0.00,-0.57,0.10,0.10,0.44
03:40,220,-10.41,1.00,0.00,-34.33,-0.83,-0.00,-0.56,0.10,0.10,0.44
03:41,221,-10.44,1.00,0.00,-34.09,-0.83,-0.00,-0.56,0.10,0.10,0.44
03:42,222,-10.48,1.00,0.00,-33.84,-0.83,-0.00,-0.56,0.10,0.10,0.44
03:43,223,-10.51,1.00,0.00,-33.60,-0.83,-0.00,-0.55,0.10,0.10,0.44
03:44,224,-10.54,1.00,0.00,-33.36,-0.84,-0.00,-0.55,0.10,0.10,0.44
03:45,225,-10.57,1.00,0.00,-33.11,-0.84,-0.00,-0.55,0.10,0.10,0.44
03:46,226,-10.61,1.00,0.00,-32.87,-0.84,-0.00,-0.54,0.10,0.10,0.44
03:47,227,-10.64,1.00,0.00,-32.62,-0.84,-0.00,-0.54,0.10,0.10,0.44
03:48,228,-10.67,1.00,0.00,-32.38,-0.84,-0.00,-0.54,0.10,0.10,0.44
03:49,229,-10.70,1.00,0.00,-32.13,-0.85,-0.00,-0.53,0.10,0.10,0.44
03:50,230,-10.73,1.00,0.00,-31.89,-0.85,-0.00,-0.53,0.10,0.10,0.44
03:51,231,-10.76,1.00,0.00,-31.65,-0.85,-0.00,-0.52,0.10,0.10,0.44
03:52,232,-10.79,1.00,0.00,-31.40,-0.85,-0.00,-0.52,0.10,0.10,0.44
03:53,233,-10.82,1.00,0.00,-31.16,-0.86,-0.00,-0.52,0.10,0.10,0.44
03:54,234,-10.85,1.00,0.00,-30.91,-0.86,-0.00,-0.51,0.10,0.10,0.44
03:55,235,-10.87,1.00,0.00,-30.67,-0.86,-0.00,-0.51,0.10,0.10,0.44
03:56,236,-10.90,1.00,0.00,-30.43,-0.86,-0.00,-0.51,0.10,0.10,0.44
03:57,237,-10.93,1.00,0.00,-30.18,-0.86,-0.00,-0.50,0.10,0.10,0.44
03:58,238,-10.95,1.00,0.00,-29.94,-0.87,-0.00,-0.50,0.10,0.10,0.44
03:59,239,-10.98,1.00,0.00,-29.69,-0.87,-0.00,-0.50,0.10,0.10,0.44
04:00,240,-11.00,1.00,0.00,-29.45,-0.87,-0.00,-0.49,0.10,0.10,0.44
04:01,241,-11.02,1.00,0.00,-29.20,-0.87,-0.00,-0.49,0.10,0.10,0.44
04:02,242,-11.05,1.00,0.00,-28.96,-0.87,-0.00,-0.48,0.10,0.10,0.44
04:03,243,-11.07,1.00,0.00,-28.71,-0.88,-0.00,-0.48,0.10,0.10,0.44
04:04,244,-11.09,1.00,0.00,-28.47,-0.88,-0.00,-0.48,0.10,0.10,0.44
04:05,245,-11.11,1.00,0.00,-28.22,-0.88,-0.00,-0.47,0.10,0.10,0.44
04:06,246,-11.13,1.00,0.00,-27.98,-0.88,-0.00,-0.47,0.10,0.10,0.44
04:07,247,-11.15,1.00,0.00,-27.74,-0.89,-0.00,-0.47,0.10,0.10,0.44
04:08,248,-11.17,1.00,0.00,-27.49,-0.89,-0.00,-0.46,0.10,0.10,0.44
04:09,249,-11.19,1.00,0.00,-27.25,-0.89,-0.00,-0.46,0.10,0.10,0.44
04:10,250,-11.20,1.00,0.00,-27.00,-0.89,-0.00,-0.45,0.10,0.10,0.44
04:11,251,-11.22,1.00,0.00,-26.76,-0.89,-0.00,-0.45,0.10,0.10,0.44
04:12,252,-11.24,1.00,0.00,-26.51,-0.89,-0.00,-0.45,0.10,0.10,0.44
04:13,253,-11.25,1.00,0.00,-26.27,-0.90,-0.00,-0.44,0.10,0.10,0.44
04:14,254,-11.27,1.00,0.00,-26.02,-0.90,-0.00,-0.44,0.10,0.10,0.44
04:15,255,-11.29,1.00,0.00,-25.78,-0.90,-0.00,-0.43,0.10,0.10,0.44
04:16,256,-11.30,1.00,0.00,-25.53,-0.90,-0.00,-0.43,0.10,0.10,0.44
04:17,257,-11.32,1.00,0.00,-25.29,-0.90,-0.00,-0.43,0.10,0.10,0.44
04:18,258,-11.33,1.00,0.00,-25.04,-0.91,-0.00,-0.42,0.10,0.10,0.44
04:19,259,-11.35,1.00,0.00,-24.80,-0.91,-0.00,-0.42,0.10,0.10,0.44
04:20,260,-11.36,1.00,0.00,-24.55,-0.91,-0.00,-0.42,0.10,0.10,0.44
04:21,261,-11.37,1.00,0.00,-24.31,-0.91,-0.00,-0.41,0.10,0.10,0.44
04:22,262,-11.39,1.00,0.00,-24.06,-0.91,-0.00,-0.41,0.10,0.10,0.44
04:23,263,-11.40,1.00,0.00,-23.82,-0.91,-0.00,-0.40,0.10,0.10,0.44
04:24,264,-11.41,1.00,0.00,-23.57,-0.92,-0.00,-0.40,0.10,0.10,0.44
04:25,265,-11.43,1.00,0.00,-23.33,-0.92,-0.00,-0.40,0.10,0.10,0.44
04:26,266,-11.44,1.00,0.00,-23.08,-0.92,-0.00,-0.39,0.10,0.10,0.44
04:27,267,-11.45,1.00,0.00,-22.84,-0.92,-0.00,-0.39,0.10,0.10,0.44
04:28,268,-11.47,1.00,0.00,-22.59,-0.92,-0.00,-0.38,0.10,0.10,0.44
04:29,269,-11.48,1.00,0.00,-22.35,-0.92,-0.00,-0.38,0.10,0.10,0.44
04:30,270,-11.49,1.00,0.00,-22.10,-0.93,-0.00,-0.38,0.10,0.10,0.44
04:31,271,-11.51,1.00,0.00,-21.86,-0.93,-0.00,-0.37,0.10,0.10,0.44
04:32,272,-11.52,1.00,0.00,-21.61,-0.93,-0.00,-0.37,0.10,0.10,0.44
04:33,273,-11.53,1.00,0.00,-21.37,-0.93,-0.00,-0.36,0.10,0.10,0.44
04:34,274,-11.54,1.00,0.00,-21.12,-0.93,-0.00,-0.36,0.10,0.10,0.44
04:35,275,-11.56,1.00,0.00,-20.88,-0.93,-0.00,-0.36,0.10,0.10,0.44
04:36,276,-11.57,1.00,0.00,-20.63,-0.94,-0.00,-0.35,0.10,0.10,0.44
04:37,277,-11.58,1.00,0.00,-20.39,-0.94,-0.00,-0.35,0.10,0.10,0.44
04:38,278,-11.60,1.00,0.00,-20.14,-0.94,-0.00,-0.34,0.10,0.10,0.44
04:39,279,-11.61,1.00,0.00,-19.90,-0.94,-0.00,-0.34,0.10,0.10,0.44
04:40,280,-11.63,1.00,0.00,-19.65,-0.94,-0.00,-0.34,0.10,0.10,0.44
04:41,281,-11.64,1.00,0.00,-19.41,-0.94,-0.00,-0.33,0.10,0.10,0.44
04:42,282,-11.66,1.00,0.00,-19.16,-0.94,-0.00,-0.33,0.10,0.10,0.44
04:43,283,-11.67,1.00,0.00,-18.92,-0.95,-0.00,-0.32,0.10,0.10,0.44
04:44,284,-11.69,1.00,0.00,-18.67,-0.95,-0.00,-0.32,0.10,0.10,0.44
04:45,285,-11.70,1.00,0.00,-18.42,-0.95,-0.00,-0.32,0.10,0.10,0.44
04:46,286,-11.72,1.00,0.00,-18.18,-0.95,-0.00,-0.31,0.10,0.10,0.44
04:47,287,-11.74,1.00,0.00,-17.93,-0.95,-0.00,-0.31,0.10,0.10,0.44
04:48,288,-11.75,1.00,0.00,-17.69,-0.95,-0.00,-0.30,0.10,0.10,0.44
04:49,289,-11.77,1.00,0.00,-17.44,-0.95,-0.00,-0.30,0.10,0.10,0.44
04:50,290,-11.79,1.00,0.00,-17.20,-0.96,-0.00,-0.30,0.10,0.10,0.44
04:51,291,-11.81,1.00,0.00,-16.95,-0.96,-0.00,-0.29,0.10,0.10,0.44
04:52,292,-11.83,1.00,0.00,-16.71,-0.96,-0.00,-0.29,0.10,0.10,0.44
04:53,293,-11.84,1.00,0.00,-16.46,-0.96,-0.00,-0.28,0.10,0.10,0.44
04:54,294,-11.87,1.00,0.00,-16.22,-0.96,-0.00,-0.28,0.10,0.10,0.44
04:55,295,-11.89,1.00,0.00,-15.97,-0.96,-0.00,-0.28,0.10,0.10,0.44
04:56,296,-11.91,1.00,0.00,-15.73,-0.96,-0.00,-0.27,0.10,0.10,0.44
04:57,297,-11.93,1.00,0.00,-15.48,-0.96,-0.00,-0.27,0.10,0.10,0.44
04:58,298,-11.95,1.00,0.00,-15.23,-0.96,-0.00,-0.26,0.10,0.10,0.44
04:59,299,-11.98,1.00,0.00,-14.99,-0.97,-0.00,-0.26,0.10,0.10,0.44
05:00,300,-12.00,1.00,0.00,-14.74,-0.97,-0.00,-0.25,0.10,0.10,0.44
05:01,301,-12.03,1.00,0.00,-14.50,-0.97,-0.00,-0.25,0.10,0.10,0.44
05:02,302,-12.05,1.00,0.00,-14.25,-0.97,-0.00,-0.25,0.10,0.10,0.44
05:03,303,-12.08,1.00,0.00,-14.01,-0.97,-0.00,-0.24,0.10,0.10,0.44
05:04,304,-12.10,1.00,0.00,-13.76,-0.97,-0.00,-0.24,0.10,0.10,0.44
05:05,305,-12.13,1.00,0.00,-13.52,-0.97,-0.00,-0.23,0.10,0.10,0.44
05:06,306,-12.16,1.00,0.00,-13.27,-0.97,-0.00,-0.23,0.10,0.10,0.44
05:07,307,-12.19,1.00,0.00,-13.02,-0.97,-0.00,-0.23,0.10,0.10,0.44
05:08,308,-12.22,1.00,0.00,-12.78,-0.98,-0.00,-0.22,0.10,0.10,0.44
05:09,309,-12.25,1.00,0.00,-12.53,-0.98,-0.00,-0.22,0.10,0.10,0.44
05:10,310,-12.28,1.00,0.00,-12.29,-0.98,-0.00,-0.21,0.10,0.10,0.44
05:11,311,-12.31,1.00,0.00,-12.04,-0.98,-0.00,-0.21,0.10,0.10,0.44
05:12,312,-12.34,1.00,0.00,-11.80,-0.98,-0.00,-0.20,0.10,0.10,0.44
05:13,313,-12.37,1.00,0.00,-11.55,-0.98,-0.00,-0.20,0.10,0.10,0.44
05:14,314,-12.40,1.00,0.00,-11.30,-0.98,-0.00,-0.20,0.10,0.10,0.44
05:15,315,-12.43,1.00,0.00,-11.06,-0.98,-0.00,-0.19,0.10,0.10,0.44
05:16,316,-12.46,1.00,0.00,-10.81,-0.98,-0.00,-0.19,0.10,0.10,0.44
05:17,317,-12.49,1.00,0.00,-10.57,-0.98,-0.00,-0.18,0.10,0.10,0.44
05:18,318,-12.52,1.00,0.00,-10.32,-0.98,-0.00,-0.18,0.10,0.10,0.44
05:19,319,-12.55,1.00,0.00,-10.08,-0.98,-0.00,-0.17,0.10,0.10,0.44
05:20,320,-12.58,1.00,0.00,-9.83,-0.99,-0.00,-0.17,0.10,0.10,0.44
05:21,321,-12.61,1.00,0.00,-9.59,-0.99,-0.00,-0.17,0.10,0.10,0.44
05:22,322,-12.64,1.00,0.00,-9.34,-0.99,-0.00,-0.16,0.10,0.10,0.44
05:23,323,-12.66,1.00,0.00,-9.09,-0.99,-0.00,-0.16,0.10,0.10,0.44
05:24,324,-12.69,1.00,0.00,-8.85,-0.99,-0.00,-0.15,0.10,0.10,0.44
05:25,325,-12.72,1.00,0.00,-8.60,-0.99,-0.00,-0.15,0.10,0.10,0.44
05:26,326,-12.75,1.00,0.00,-8.36,-0.99,-0.00,-0.15,0.10,0.10,0.44
05:27,327,-12.77,1.00,0.00,-8.11,-0.99,-0.00,-0.14,0.10,0.10,0.44
05:28,328,-12.80,1.00,0.00,-7.87,-0.99,-0.00,-0.14,0.10,0.10,0.44
05:29,329,-12.83,1.00,0.00,-7.62,-0.99,-0.00,-0.13,0.10,0.10,0.44
05:30,330,-12.85,1.00,0.00,-7.37,-0.99,-0.00,-0.13,0.10,0.10,0.44
05:31,331,-12.88,1.00,0.00,-7.13,-0.99,-0.00,-0.12,0.10,0.10,0.44
05:32,332,-12.90,1.00,0.00,-6.88,-0.99,-0.00,-0.12,0.10,0.10,0.44
05:33,333,-12.92,1.00,0.00,-6.64,-0.99,-0.00,-0.12,0.10,0.10,0.44
05:34,334,-12.94,1.00,0.00,-6.39,-0.99,-0.00,-0.11,0.10,0.10,0.44
05:35,335,-12.96,1.00,0.00,-6.14,-0.99,-0.00,-0.11,0.10,0.10,0.44
05:36,336,-12.98,1.00,0.00,-5.90,-0.99,-0.00,-0.10,0.10,0.10,0.44
05:37,337,-13.00,1.00,0.00,-5.65,-1.00,-0.00,-0.10,0.10,0.10,0.44
05:38,338,-13.02,1.00,0.00,-5.41,-1.00,-0.00,-0.09,0.10,0.10,0.44
05:39,339,-13.03,1.00,0.00,-5.16,-1.00,-0.00,-0.09,0.10,0.10,0.44
05:40,340,-13.05,1.00,0.00,-4.92,-1.00,-0.00,-0.09,0.10,0.10,0.44
05:41,341,-13.06,1.00,0.00,-4.67,-1.00,-0.00,-0.08,0.10,0.10,0.44
05:42,342,-13.07,1.00,0.00,-4.42,-1.00,-0.00,-0.08,0.10,0.10,0.44
05:43,343,-13.08,1.00,0.00,-4.18,-1.00,-0.00,-0.07,0.10,0.10,0.44
05:44,344,-13.09,1.00,0.01,-3.93,-1.00,-0.00,-0.07,0.10,0.10,0.44
05:45,345,-13.10,1.00,0.01,-3.69,-1.00,-0.00,-0.06,0.10,0.10,0.44
05:46,346,-13.11,1.00,0.01,-3.44,-1.00,-0.00,-0.06,0.10,0.10,0.44
05:47,347,-13.11,1.00,0.01,-3.20,-1.00,-0.00,-0.06,0.10,0.10,0.44
05:48,348,-13.11,1.00,0.01,-2.95,-1.00,-0.00,-0.05,0.10,0.10,0.44
05:49,349,-13.11,1.00,0.01,-2.70,-1.00,-0.00,-0.05,0.10,0.10,0.44
05:50,350,-13.11,1.00,0.01,-2.46,-1.00,-0.00,-0.04,0.10,0.10,0.44
05:51,351,-13.11,1.00,0.01,-2.21,-1.00,-0.00,-0.04,0.10,0.10,0.44
05:52,352,-13.11,1.00,0.01,-1.97,-1.00,-0.00,-0.03,0.10,0.10,0.44
05:53,353,-13.10,1.00,0.01,-1.72,-1.00,-0.00,-0.03,0.10,0.10,0.44
05:54,354,-13.09,1.00,0.01,-1.47,-1.00,-0.00,-0.03,0.10,0.10,0.44
05:55,355,-13.08,1.00,0.02,-1.23,-1.00,-0.00,-0.02,0.10,0.10,0.44
05:56,356,-13.07,1.00,0.02,-0.98,-1.00,-0.00,-0.02,0.10,0.10,0.44
05:57,357,-13.06,1.00,0.02,-0.74,-1.00,-0.00,-0.01,0.10,0.10,0.44
05:58,358,-13.04,1.00,0.02,-0.49,-1.00,-0.00,-0.01,0.10,0.10,0.44
05:59,359,-13.02,1.00,0.02,-0.25,-1.00,-0.00,-0.00,0.10,0.10,0.44
06:00,360,-13.00,1.00,0.02,0.00,-1.00,-0.00,0.00,0.10,0.10,0.44
06:01,361,-12.98,1.00,0.03,0.25,-1.00,-0.00,0.00,0.14,0.13,0.44
06:02,362,-12.95,1.00,0.03,0.49,-1.00,-0.00,0.01,0.19,0.16,0.45
06:03,363,-12.92,1.00,0.03,0.74,-1.00,-0.00,0.01,0.23,0.20,0.45
06:04,364,-12.89,1.00,0.03,0.98,-1.00,-0.00,0.02,0.28,0.23,0.46
06:05,365,-12.86,1.00,0.04,1.23,-1.00,-0.00,0.02,0.32,0.26,0.46
06:06,366,-12.83,1.00,0.04,1.47,-1.00,-0.00,0.03,0.36,0.29,0.46
06:07,367,-12.79,1.00,0.04,1.72,-1.00,-0.00,0.03,0.41,0.33,0.47
06:08,368,-12.75,1.00,0.04,1.97,-1.00,-0.00,0.03,0.45,0.36,0.47
06:09,369,-12.71,1.00,0.05,2.21,-1.00,-0.00,0.04,0.49,0.39,0.48
06:10,370,-12.67,1.00,0.05,2.46,-1.00,-0.00,0.04,0.54,0.42,0.48
06:11,371,-12.63,1.00,0.05,2.70,-1.00,-0.00,0.05,0.58,0.46,0.48
06:12,372,-12.59,1.00,0.06,2.95,-1.00,-0.00,0.05,0.63,0.49,0.49
06:13,373,-12.54,1.00,0.06,3.20,-1.00,-0.00,0.06,0.67,0.52,0.49
06:14,374,-12.49,1.00,0.07,3.44,-1.00,-0.00,0.06,0.71,0.55,0.50
06:15,375,-12.44,1.00,0.07,3.69,-1.00,-0.00,0.06,0.76,0.59,0.50
06:16,376,-12.40,1.00,0.07,3.93,-1.00,-0.00,0.07,0.80,0.62,0.50
06:17,377,-12.34,1.00,0.08,4.18,-1.00,-0.00,0.07,0.84,0.65,0.51
06:18,378,-12.29,1.00,0.08,4.42,-1.00,-0.00,0.08,0.89,0.68,0.51
06:19,379,-12.24,1.00,0.09,4.67,-1.00,-0.00,0.08,0.93,0.72,0.51
06:20,380,-12.18,1.00,0.09,4.92,-1.00,-0.00,0.09,0.98,0.75,0.52
06:21,381,-12.13,1.00,0.10,5.16,-1.00,-0.00,0.09,0.99,0.76,0.52
06:22,382,-12.07,1.00,0.10,5.41,-1.00,-0.00,0.09,0.98,0.76,0.53
06:23,383,-12.02,1.00,0.11,5.65,-1.00,-0.00,0.10,0.97,0.76,0.54
06:24,384,-11.96,1.00,0.12,5.90,-0.99,-0.00,0.10,0.96,0.76,0.54
06:25,385,-11.90,1.00,0.12,6.14,-0.99,-0.00,0.11,0.95,0.76,0.55
06:26,386,-11.84,1.00,0.13,6.39,-0.99,-0.00,0.11,0.95,0.76,0.56
06:27,387,-11.78,1.00,0.13,6.64,-0.99,-0.00,0.12,0.94,0.77,0.56
06:28,388,-11.72,1.00,0.14,6.88,-0.99,-0.00,0.12,0.93,0.77,0.57
06:29,389,-11.66,1.00,0.15,7.13,-0.99,-0.00,0.12,0.92,0.77,0.58
06:30,390,-11.60,1.00,0.15,7.37,-0.99,-0.00,0.13,0.92,0.77,0.58
06:31,391,-11.54,1.00,0.16,7.62,-0.99,-0.00,0.13,0.91,0.77,0.59
06:32,392,-11.48,1.00,0.17,7.87,-0.99,-0.00,0.14,0.90,0.77,0.60
06:33,393,-11.42,1.00,0.17,8.11,-0.99,-0.00,0.14,0.89,0.77,0.60
06:34,394,-11.36,1.00,0.18,8.36,-0.99,-0.00,0.15,0.89,0.77,0.61
06:35,395,-11.30,1.00,0.19,8.60,-0.99,-0.00,0.15,0.88,0.77,0.62
06:36,396,-11.24,1.00,0.20,8.85,-0.99,-0.00,0.15,0.87,0.77,0.62
06:37,397,-11.18,1.00,0.21,9.09,-0.99,-0.00,0.16,0.86,0.77,0.63
06:38,398,-11.12,1.00,0.21,9.34,-0.99,-0.00,0.16,0.86,0.77,0.64
06:39,399,-11.06,1.00,0.22,9.59,-0.99,-0.00,0.17,0.85,0.78,0.64
06:40,400,-11.00,1.00,0.23,9.83,-0.99,-0.00,0.17,0.84,0.78,0.65
06:41,401,-10.94,1.00,0.24,10.08,-0.98,-0.00,0.17,0.83,0.78,0.66
06:42,402,-10.88,1.00,0.25,10.32,-0.98,-0.00,0.18,0.83,0.78,0.66
06:43,403,-10.82,1.00,0.26,10.57,-0.98,-0.00,0.18,0.82,0.78,0.67
06:44,404,-10.77,1.00,0.26,10.81,-0.98,-0.00,0.19,0.81,0.78,0.68
06:45,405,-10.71,1.00,0.27,11.06,-0.98,-0.00,0.19,0.80,0.78,0.68
06:46,406,-10.65,1.00,0.28,11.30,-0.98,-0.00,0.20,0.80,0.78,0.69
06:47,407,-10.60,1.00,0.29,11.55,-0.98,-0.00,0.20,0.79,0.78,0.69
06:48,408,-10.54,1.00,0.30,11.80,-0.98,-0.00,0.20,0.78,0.78,0.70
06:49,409,-10.49,1.00,0.31,12.04,-0.98,-0.00,0.21,0.77,0.78,0.71
06:50,410,-10.44,1.00,0.32,12.29,-0.98,-0.00,0.21,0.77,0.78,0.71
06:51,411,-10.39,1.00,0.33,12.53,-0.98,-0.00,0.22,0.76,0.79,0.72
06:52,412,-10.34,1.00,0.34,12.78,-0.98,-0.00,0.22,0.75,0.79,0.73
06:53,413,-10.29,1.00,0.35,13.02,-0.97,-0.00,0.23,0.74,0.79,0.73
06:54,414,-10.25,1.00,0.35,13.27,-0.97,-0.00,0.23,0.74,0.79,0.74
06:55,415,-10.20,1.00,0.36,13.52,-0.97,-0.00,0.23,0.73,0.79,0.75
06:56,416,-10.16,1.00,0.37,13.76,-0.97,-0.00,0.24,0.72,0.79,0.75
06:57,417,-10.12,1.00,0.38,14.01,-0.97,-0.00,0.24,0.71,0.79,0.76
06:58,418,-10.08,1.00,0.39,14.25,-0.97,-0.00,0.25,0.71,0.79,0.77
06:59,419,-10.04,1.00,0.40,14.50,-0.97,-0.00,0.25,0.70,0.79,0.77
07:00,420,-10.00,1.00,0.41,14.74,-0.97,-0.00,0.25,0.69,0.79,0.78
07:01,421,-9.97,1.00,0.42,14.99,-0.97,-0.00,0.26,0.68,0.79,0.79
07:02,422,-9.93,1.00,0.43,15.23,-0.96,-0.00,0.26,0.68,0.79,0.79
07:03,423,-9.90,1.00,0.44,15.48,-0.96,-0.00,0.27,0.67,0.79,0.80
07:04,424,-9.87,1.00,0.45,15.73,-0.96,-0.00,0.27,0.66,0.80,0.81
07:05,425,-9.84,1.00,0.46,15.97,-0.96,-0.00,0.28,0.65,0.80,0.81
07:06,426,-9.82,1.00,0.47,16.22,-0.96,-0.00,0.28,0.65,0.80,0.82
07:07,427,-9.79,1.00,0.48,16.46,-0.96,-0.00,0.28,0.64,0.80,0.83
07:08,428,-9.77,1.00,0.49,16.71,-0.96,-0.00,0.29,0.63,0.80,0.83
07:09,429,-9.75,1.00,0.50,16.95,-0.96,-0.00,0.29,0.62,0.80,0.84
07:10,430,-9.72,1.00,0.51,17.20,-0.96,-0.00,0.30,0.62,0.80,0.85
07:11,431,-9.70,1.00,0.52,17.44,-0.95,-0.00,0.30,0.61,0.80,0.85
07:12,432,-9.69,1.00,0.52,17.69,-0.95,-0.00,0.30,0.60,0.80,0.86
07:13,433,-9.67,1.00,0.53,17.93,-0.95,-0.00,0.31,0.59,0.80,0.86
07:14,434,-9.65,1.00,0.54,18.18,-0.95,-0.00,0.31,0.59,0.80,0.87
07:15,435,-9.64,1.00,0.55,18.42,-0.95,-0.00,0.32,0.58,0.80,0.88
07:16,436,-9.62,1.00,0.56,18.67,-0.95,-0.00,0.32,0.57,0.81,0.88
07:17,437,-9.61,1.00,0.57,18.92,-0.95,-0.00,0.32,0.56,0.81,0.89
07:18,438,-9.60,1.00,0.58,19.16,-0.94,-0.00,0.33,0.56,0.81,0.90
07:19,439,-9.59,1.00,0.59,19.41,-0.94,-0.00,0.33,0.55,0.81,0.90
07:20,440,-9.57,1.00,0.60,19.65,-0.94,-0.00,0.34,0.54,0.81,0.91
07:21,441,-9.56,1.00,0.60,19.90,-0.94,-0.00,0.34,0.53,0.81,0.92
07:22,442,-9.55,1.00,0.61,20.14,-0.94,-0.00,0.34,0.53,0.81,0.92
07:23,443,-9.54,1.00,0.62,20.39,-0.94,-0.00,0.35,0.53,0.81,0.92
07:24,444,-9.54,1.00,0.63,20.63,-0.94,-0.00,0.35,0.53,0.81,0.92
07:25,445,-9.53,1.00,0.64,20.88,-0.93,-0.00,0.36,0.53,0.81,0.92
07:26,446,-9.52,1.00,0.65,21.12,-0.93,-0.00,0.36,0.53,0.81,0.92
07:27,447,-9.51,1.00,0.65,21.37,-0.93,-0.00,0.36,0.53,0.81,0.92
07:28,448,-9.50,1.00,0.66,21.61,-0.93,-0.00,0.37,0.53,0.81,0.92
07:29,449,-9.50,1.00,0.67,21.86,-0.93,-0.00,0.37,0.53,0.81,0.92
07:30,450,-9.49,1.00,0.68,22.10,-0.93,-0.00,0.38,0.53,0.81,0.92
07:31,451,-9.48,1.00,0.69,22.35,-0.92,-0.00,0.38,0.53,0.81,0.92
07:32,452,-9.47,1.00,0.69,22.59,-0.92,-0.00,0.38,0.53,0.81,0.92
07:33,453,-9.47,1.00,0.70,22.84,-0.92,-0.00,0.39,0.53,0.81,0.92
07:34,454,-9.46,1.00,0.71,23.08,-0.92,-0.00,0.39,0.53,0.81,0.92
07:35,455,-9.45,1.00,0.71,23.33,-0.92,-0.00,0.40,0.53,0.81,0.92
07:36,456,-9.44,1.00,0.72,23.57,-0.92,-0.00,0.40,0.53,0.81,0.92
07:37,457,-9.43,1.00,0.73,23.82,-0.91,-0.00,0.40,0.53,0.81,0.92
07:38,458,-9.42,1.00,0.73,24.06,-0.91,-0.00,0.41,0.53,0.81,0.92
07:39,459,-9.41,1.00,0.74,24.31,-0.91,-0.00,0.41,0.53,0.81,0.92
07:40,460,-9.40,1.00,0.75,24.55,-0.91,-0.00,0.42,0.53,0.81,0.92
07:41,461,-9.39,1.00,0.75,24.80,-0.91,-0.00,0.42,0.53,0.81,0.92
07:42,462,-9.38,1.00,0.76,25.04,-0.91,-0.00,0.42,0.53,0.81,0.92
07:43,463,-9.37,1.00,0.77,25.29,-0.90,-0.00,0.43,0.53,0.81,0.92
07:44,464,-9.36,1.00,0.77,25.53,-0.90,-0.00,0.43,0.53,0.81,0.92
07:45,465,-9.34,1.00,0.78,25.78,-0.90,-0.00,0.43,0.53,0.81,0.92
07:46,466,-9.33,1.00,0.79,26.02,-0.90,-0.00,0.44,0.53,0.81,0.92
07:47,467,-9.31,1.00,0.79,26.27,-0.90,-0.00,0.44,0.53,0.81,0.92
07:48,468,-9.30,1.00,0.80,26.51,-0.89,-0.00,0.45,0.53,0.81,0.92
07:49,469,-9.28,1.00,0.80,26.76,-0.89,-0.00,0.45,0.53,0.81,0.92
07:50,470,-9.26,1.00,0.81,27.00,-0.89,-0.00,0.45,0.53,0.81,0.92
07:51,471,-9.24,1.00,0.81,27.25,-0.89,-0.00,0.46,0.53,0.81,0.92
07:52,472,-9.22,1.00,0.82,27.49,-0.89,-0.00,0.46,0.53,0.81,0.92
07:53,473,-9.20,1.00,0.82,27.74,-0.89,-0.00,0.47,0.53,0.81,0.92
07:54,474,-9.18,1.00,0.83,27.98,-0.88,-0.00,0.47,0.53,0.81,0.92
07:55,475,-9.15,1.00,0.83,28.22,-0.88,-0.00,0.47,0.53,0.81,0.92
07:56,476,-9.12,1.00,0.84,28.47,-0.88,-0.00,0.48,0.53,0.81,0.92
07:57,477,-9.09,1.00,0.84,28.71,-0.88,-0.00,0.48,0.53,0.81,0.92
07:58,478,-9.07,1.00,0.85,28.96,-0.87,-0.00,0.48,0.53,0.81,0.92
07:59,479,-9.03,1.00,0.85,29.20,-0.87,-0.00,0.49,0.53,0.81,0.92
08:00,480,-9.00,1.00,0.86,29.45,-0.87,-0.00,0.49,0.53,0.81,0.92
08:01,481,-8.96,1.00,0.86,29.69,-0.87,-0.00,0.50,0.53,0.81,0.92
08:02,482,-8.93,1.00,0.86,29.94,-0.87,-0.00,0.50,0.53,0.81,0.92
08:03,483,-8.89,1.00,0.87,30.18,-0.86,-0.00,0.50,0.53,0.81,0.92
08:04,484,-8.85,1.00,0.87,30.43,-0.86,-0.00,0.51,0.53,0.81,0.92
08:05,485,-8.81,1.00,0.88,30.67,-0.86,-0.00,0.51,0.53,0.81,0.92
08:06,486,-8.76,1.00,0.88,30.91,-0.86,-0.00,0.51,0.53,0.81,0.92
08:07,487,-8.72,1.00,0.88,31.16,-0.86,-0.00,0.52,0.53,0.81,0.92
08:08,488,-8.67,1.00,0.89,31.40,-0.85,-0.00,0.52,0.53,0.81,0.92
08:09,489,-8.62,1.00,0.89,31.65,-0.85,-0.00,0.52,0.53,0.81,0.92
08:10,490,-8.57,1.00,0.89,31.89,-0.85,-0.00,0.53,0.53,0.81,0.92
08:11,491,-8.52,1.00,0.90,32.13,-0.85,-0.00,0.53,0.53,0.81,0.92
08:12,492,-8.47,1.00,0.90,32.38,-0.84,-0.00,0.54,0.53,0.81,0.92
08:13,493,-8.41,1.00,0.90,32.62,-0.84,-0.00,0.54,0.53,0.81,0.92
08:14,494,-8.36,1.00,0.91,32.87,-0.84,-0.00,0.54,0.53,0.81,0.92
08:15,495,-8.30,1.00,0.91,33.11,-0.84,-0.00,0.55,0.53,0.81,0.92
08:16,496,-8.24,1.00,0.91,33.36,-0.84,-0.00,0.55,0.53,0.81,0.92
08:17,497,-8.18,1.00,0.92,33.60,-0.83,-0.00,0.55,0.53,0.81,0.92
08:18,498,-8.12,1.00,0.92,33.84,-0.83,-0.00,0.56,0.53,0.81,0.92
08:19,499,-8.06,1.00,0.92,34.09,-0.83,-0.00,0.56,0.53,0.81,0.92
08:20,500,-8.00,1.00,0.92,34.33,-0.83,-0.00,0.56,0.53,0.81,0.92
08:21,501,-7.94,1.00,0.93,34.57,-0.82,-0.00,0.57,0.53,0.81,0.92
08:22,502,-7.87,1.00,0.93,34.82,-0.82,-0.00,0.57,0.53,0.81,0.92
08:23,503,-7.81,1.00,0.93,35.06,-0.82,-0.00,0.57,0.53,0.81,0.92
08:24,504,-7.74,1.00,0.93,35.31,-0.82,-0.00,0.58,0.53,0.81,0.92
08:25,505,-7.67,1.00,0.94,35.55,-0.81,-0.00,0.58,0.53,0.81,0.92
08:26,506,-7.60,1.00,0.94,35.79,-0.81,-0.00,0.58,0.53,0.81,0.92
08:27,507,-7.53,1.00,0.94,36.04,-0.81,-0.00,0.59,0.53,0.81,0.92
08:28,508,-7.46,1.00,0.94,36.28,-0.81,-0.00,0.59,0.53,0.81,0.92
08:29,509,-7.39,1.00,0.94,36.52,-0.80,-0.00,0.60,0.53,0.81,0.92
08:30,510,-7.32,1.00,0.95,36.77,-0.80,-0.00,0.60,0.53,0.81,0.92
08:31,511,-7.25,1.00,0.95,37.01,-0.80,-0.00,0.60,0.53,0.81,0.92
08:32,512,-7.17,1.00,0.95,37.25,-0.80,-0.00,0.61,0.53,0.81,0.92
08:33,513,-7.10,1.00,0.95,37.50,-0.79,-0.00,0.61,0.53,0.81,0.92
08:34,514,-7.03,1.00,0.95,37.74,-0.79,-0.00,0.61,0.53,0.81,0.92
08:35,515,-6.95,1.00,0.95,37.98,-0.79,-0.00,0.62,0.53,0.81,0.92
08:36,516,-6.88,1.00,0.96,38.23,-0.79,-0.00,0.62,0.53,0.81,0.92
08:37,517,-6.80,1.00,0.96,38.47,-0.78,-0.00,0.62,0.53,0.81,0.92
08:38,518,-6.72,1.00,0.96,38.71,-0.78,-0.00,0.63,0.53,0.81,0.92
08:39,519,-6.65,1.00,0.96,38.96,-0.78,-0.00,0.63,0.53,0.81,0.92
08:40,520,-6.57,1.00,0.96,39.20,-0.77,-0.00,0.63,0.53,0.81,0.92
08:41,521,-6.49,1.00,0.96,39.44,-0.77,-0.00,0.64,0.53,0.81,0.92
08:42,522,-6.41,1.00,0.97,39.69,-0.77,-0.00,0.64,0.53,0.81,0.92
08:43,523,-6.33,1.00,0.97,39.93,-0.77,-0.00,0.64,0.53,0.81,0.92
08:44,524,-6.26,1.00,0.97,40.17,-0.76,-0.00,0.65,0.53,0.81,0.92
08:45,525,-6.18,1.00,0.97,40.41,-0.76,-0.00,0.65,0.53,0.81,0.92
08:46,526,-6.10,1.00,0.97,40.66,-0.76,-0.00,0.65,0.53,0.81,0.92
08:47,527,-6.02,1.00,0.97,40.90,-0.76,-0.00,0.65,0.53,0.81,0.92
08:48,528,-5.94,1.00,0.97,41.14,-0.75,-0.00,0.66,0.53,0.81,0.92
08:49,529,-5.86,1.00,0.97,41.38,-0.75,-0.00,0.66,0.53,0.81,0.92
08:50,530,-5.78,1.00,0.97,41.63,-0.75,-0.00,0.66,0.53,0.81,0.92
08:51,531,-5.70,1.00,0.98,41.87,-0.74,-0.00,0.67,0.53,0.81,0.92
08:52,532,-5.63,1.00,0.98,42.11,-0.74,-0.00,0.67,0.53,0.81,0.92
08:53,533,-5.55,1.00,0.98,42.35,-0.74,-0.00,0.67,0.53,0.81,0.92
08:54,534,-5.47,1.00,0.98,42.60,-0.74,-0.00,0.68,0.53,0.81,0.92
08:55,535,-5.39,1.00,0.98,42.84,-0.73,-0.00,0.68,0.53,0.81,0.92
08:56,536,-5.31,1.00,0.98,43.08,-0.73,-0.00,0.68,0.53,0.81,0.92
08:57,537,-5.23,1.00,0.98,43.32,-0.73,-0.00,0.69,0.53,0.81,0.92
08:58,538,-5.15,1.00,0.98,43.56,-0.72,-0.00,0.69,0.53,0.81,0.92
08:59,539,-5.08,1.00,0.98,43.81,-0.72,-0.00,0.69,0.53,0.81,0.92
09:00,540,-5.00,1.00,0.98,44.05,-0.72,-0.00,0.70,0.53,0.81,0.92
09:01,541,-4.92,1.00,0.98,44.29,-0.72,-0.00,0.70,0.53,0.81,0.92
09:02,542,-4.85,1.00,0.98,44.53,-0.71,-0.00,0.70,0.53,0.81,0.92
09:03,543,-4.77,1.00,0.99,44.77,-0.71,-0.00,0.70,0.53,0.81,0.92
09:04,544,-4.70,1.00,0.99,45.02,-0.71,-0.00,0.71,0.53,0.81,0.92
09:05,545,-4.62,1.00,0.99,45.26,-0.70,-0.00,0.71,0.53,0.81,0.92
09:06,546,-4.55,1.00,0.99,45.50,-0.70,-0.00,0.71,0.53,0.81,0.92
09:07,547,-4.47,1.00,0.99,45.74,-0.70,-0.00,0.72,0.53,0.81,0.92
09:08,548,-4.40,1.00,0.99,45.98,-0.69,-0.00,0.72,0.53,0.81,0.92
09:09,549,-4.32,1.00,0.99,46.22,-0.69,-0.00,0.72,0.53,0.81,0.92
09:10,550,-4.25,1.00,0.99,46.46,-0.69,-0.00,0.72,0.53,0.81,0.92
09:11,551,-4.18,1.00,0.99,46.70,-0.69,-0.00,0.73,0.53,0.81,0.92
09:12,552,-4.10,1.00,0.99,46.95,-0.68,-0.00,0.73,0.53,0.81,0.92
09:13,553,-4.03,1.00,0.99,47.19,-0.68,-0.00,0.73,0.53,0.81,0.92
09:14,554,-3.96,1.00,0.99,47.43,-0.68,-0.00,0.74,0.53,0.81,0.92
09:15,555,-3.89,1.00,0.99,47.67,-0.67,-0.00,0.74,0.53,0.81,0.92
09:16,556,-3.82,1.00,0.99,47.91,-0.67,-0.00,0.74,0.53,0.81,0.92
09:17,557,-3.75,1.00,0.99,48.15,-0.67,-0.00,0.74,0.53,0.81,0.92
09:18,558,-3.68,1.00,0.99,48.39,-0.66,-0.00,0.75,0.53,0.81,0.92
09:19,559,-3.61,1.00,0.99,48.63,-0.66,-0.00,0.75,0.53,0.81,0.92
09:20,560,-3.54,1.00,0.99,48.87,-0.66,-0.00,0.75,0.53,0.81,0.92
09:21,561,-3.47,1.00,0.99,49.11,-0.65,-0.00,0.76,0.53,0.81,0.92
09:22,562,-3.40,1.00,0.99,49.35,-0.65,-0.00,0.76,0.53,0.81,0.92
09:23,563,-3.33,1.00,0.99,49.59,-0.65,-0.00,0.76,0.53,0.81,0.92
09:24,564,-3.26,1.00,0.99,49.83,-0.65,-0.00,0.76,0.53,0.81,0.92
09:25,565,-3.19,1.00,0.99,50.07,-0.64,-0.00,0.77,0.53,0.81,0.92
09:26,566,-3.12,1.00,0.99,50.31,-0.64,-0.00,0.77,0.53,0.81,0.92
09:27,567,-3.06,1.00,0.99,50.55,-0.64,-0.00,0.77,0.53,0.81,0.92
09:28,568,-2.99,1.00,1.00,50.79,-0.63,-0.00,0.77,0.53,0.81,0.92
09:29,569,-2.92,1.00,1.00,51.03,-0.63,-0.00,0.78,0.53,0.81,0.92
09:30,570,-2.86,1.00,1.00,51.27,-0.63,-0.00,0.78,0.53,0.81,0.92
09:31,571,-2.79,1.00,1.00,51.51,-0.62,-0.00,0.78,0.53,0.81,0.92
09:32,572,-2.73,1.00,1.00,51.74,-0.62,-0.00,0.79,0.53,0.81,0.92
09:33,573,-2.66,1.00,1.00,51.98,-0.62,-0.00,0.79,0.53,0.81,0.92
09:34,574,-2.59,1.00,1.00,52.22,-0.61,-0.00,0.79,0.53,0.81,0.92
09:35,575,-2.53,1.00,1.00,52.46,-0.61,-0.00,0.79,0.53,0.81,0.92
09:36,576,-2.46,1.00,1.00,52.70,-0.61,-0.00,0.80,0.53,0.81,0.92
09:37,577,-2.40,1.00,1.00,52.94,-0.60,-0.00,0.80,0.53,0.81,0.92
09:38,578,-2.34,1.00,1.00,53.18,-0.60,-0.00,0.80,0.53,0.81,0.92
09:39,579,-2.27,1.00,1.00,53.41,-0.60,-0.00,0.80,0.53,0.81,0.92
09:40,580,-2.21,1.00,1.00,53.65,-0.59,-0.00,0.81,0.53,0.81,0.92
09:41,581,-2.15,1.00,1.00,53.89,-0.59,-0.00,0.81,0.53,0.81,0.92
09:42,582,-2.08,1.00,1.00,54.13,-0.59,-0.00,0.81,0.53,0.81,0.92
09:43,583,-2.02,1.00,1.00,54.37,-0.58,-0.00,0.81,0.53,0.81,0.92
09:44,584,-1.96,1.00,1.00,54.60,-0.58,-0.00,0.82,0.53,0.81,0.92
09:45,585,-1.90,1.00,1.00,54.84,-0.58,-0.00,0.82,0.53,0.81,0.92
09:46,586,-1.84,1.00,1.00,55.08,-0.57,-0.00,0.82,0.53,0.81,0.92
09:47,587,-1.77,1.00,1.00,55.31,-0.57,-0.00,0.82,0.53,0.81,0.92
09:48,588,-1.71,1.00,1.00,55.55,-0.57,-0.00,0.82,0.53,0.81,0.92
09:49,589,-1.65,1.00,1.00,55.79,-0.56,-0.00,0.83,0.53,0.81,0.92
09:50,590,-1.59,1.00,1.00,56.02,-0.56,-0.00,0.83,0.53,0.81,0.92
09:51,591,-1.53,1.00,1.00,56.26,-0.56,-0.00,0.83,0.53,0.81,0.92
09:52,592,-1.47,1.00,1.00,56.50,-0.55,-0.00,0.83,0.53,0.81,0.92
09:53,593,-1.41,1.00,1.00,56.73,-0.55,-0.00,0.84,0.53,0.81,0.92
09:54,594,-1.35,1.00,1.00,56.97,-0.55,-0.00,0.84,0.53,0.81,0.92
09:55,595,-1.29,1.00,1.00,57.20,-0.54,-0.00,0.84,0.53,0.81,0.92
09:56,596,-1.23,1.00,1.00,57.44,-0.54,-0.00,0.84,0.53,0.81,0.92
09:57,597,-1.17,1.00,1.00,57.67,-0.53,-0.00,0.85,0.53,0.81,0.92
09:58,598,-1.12,1.00,1.00,57.91,-0.53,-0.00,0.85,0.53,0.81,0.92
09:59,599,-1.06,1.00,1.00,58.14,-0.53,-0.00,0.85,0.53,0.81,0.92
10:00,600,-1.00,1.00,1.00,58.38,-0.52,-0.00,0.85,0.53,0.81,0.92
10:01,601,-0.94,1.00,1.00,58.61,-0.52,-0.00,0.85,0.53,0.81,0.92
10:02,602,-0.88,1.00,1.00,58.85,-0.52,-0.00,0.86,0.53,0.81,0.92
10:03,603,-0.83,1.00,1.00,59.08,-0.51,-0.00,0.86,0.53,0.81,0.92
10:04,604,-0.77,1.00,1.00,59.31,-0.51,-0.00,0.86,0.53,0.81,0.92
10:05,605,-0.71,1.00,1.00,59.55,-0.51,-0.00,0.86,0.53,0.81,0.92
10:06,606,-0.66,1.00,1.00,59.78,-0.50,-0.00,0.86,0.53,0.81,0.92
10:07,607,-0.60,1.00,1.00,60.01,-0.50,-0.00,0.87,0.53,0.81,0.92
10:08,608,-0.54,1.00,1.00,60.25,-0.50,-0.00,0.87,0.53,0.81,0.92
10:09,609,-0.49,1.00,1.00,60.48,-0.49,-0.00,0.87,0.53,0.81,0.92
10:10,610,-0.43,1.00,1.00,60.71,-0.49,-0.00,0.87,0.53,0.81,0.92
10:11,611,-0.38,1.00,1.00,60.94,-0.49,-0.00,0.87,0.53,0.81,0.92
10:12,612,-0.32,1.00,1.00,61.17,-0.48,-0.00,0.88,0.53,0.81,0.92
10:13,613,-0.27,1.00,1.00,61.41,-0.48,-0.00,0.88,0.53,0.81,0.92
10:14,614,-0.21,1.00,1.00,61.64,-0.48,-0.00,0.88,0.53,0.81,0.92
10:15,615,-0.16,1.00,1.00,61.87,-0.47,-0.00,0.88,0.53,0.81,0.92
10:16,616,-0.11,1.00,1.00,62.10,-0.47,-0.00,0.88,0.53,0.81,0.92
10:17,617,-0.05,1.00,1.00,62.33,-0.46,-0.00,0.89,0.53,0.81,0.92
10:18,618,0.00,1.00,1.00,62.56,-0.46,-0.00,0.89,0.53,0.81,0.92
10:19,619,0.05,0.99,1.00,62.79,-0.46,-0.00,0.89,0.53,0.81,0.92
10:20,620,0.11,0.98,1.00,63.02,-0.45,-0.00,0.89,0.53,0.81,0.92
10:21,621,0.16,0.97,1.00,63.24,-0.45,-0.00,0.89,0.53,0.81,0.92
10:22,622,0.21,0.96,1.00,63.47,-0.45,-0.00,0.89,0.53,0.81,0.92
10:23,623,0.27,0.95,1.00,63.70,-0.44,-0.00,0.90,0.53,0.81,0.92
10:24,624,0.32,0.94,1.00,63.93,-0.44,-0.00,0.90,0.53,0.81,0.92
10:25,625,0.37,0.93,1.00,64.16,-0.44,-0.00,0.90,0.53,0.81,0.92
10:26,626,0.42,0.92,1.00,64.38,-0.43,-0.00,0.90,0.53,0.81,0.92
10:27,627,0.47,0.91,1.00,64.61,-0.43,-0.00,0.90,0.53,0.81,0.92
10:28,628,0.52,0.90,1.00,64.84,-0.43,-0.00,0.91,0.53,0.81,0.92
10:29,629,0.57,0.89,1.00,65.06,-0.42,-0.00,0.91,0.53,0.81,0.92
10:30,630,0.62,0.88,1.00,65.29,-0.42,-0.00,0.91,0.53,0.81,0.92
10:31,631,0.67,0.87,1.00,65.51,-0.41,-0.00,0.91,0.53,0.81,0.92
10:32,632,0.72,0.86,1.00,65.74,-0.41,-0.00,0.91,0.53,0.81,0.92
10:33,633,0.77,0.85,1.00,65.96,-0.41,-0.00,0.91,0.53,0.81,0.92
10:34,634,0.82,0.84,1.00,66.18,-0.40,-0.00,0.91,0.53,0.81,0.92
10:35,635,0.87,0.83,1.00,66.41,-0.40,-0.00,0.92,0.53,0.81,0.92
10:36,636,0.92,0.82,1.00,66.63,-0.40,-0.00,0.92,0.53,0.81,0.92
10:37,637,0.97,0.81,1.00,66.85,-0.39,-0.00,0.92,0.53,0.81,0.92
10:38,638,1.02,0.80,1.00,67.07,-0.39,-0.00,0.92,0.53,0.81,0.92
10:39,639,1.06,0.79,1.00,67.29,-0.39,-0.00,0.92,0.53,0.81,0.92
10:40,640,1.11,0.78,1.00,67.51,-0.38,-0.00,0.92,0.53,0.81,0.92
10:41,641,1.16,0.77,1.00,67.73,-0.38,-0.00,0.93,0.53,0.81,0.92
10:42,642,1.20,0.76,1.00,67.95,-0.38,-0.00,0.93,0.53,0.81,0.92
10:43,643,1.25,0.75,1.00,68.17,-0.37,-0.00,0.93,0.53,0.81,0.92
10:44,644,1.30,0.74,1.00,68.39,-0.37,-0.00,0.93,0.53,0.81,0.92
10:45,645,1.34,0.73,1.00,68.60,-0.36,-0.00,0.93,0.53,0.81,0.92
10:46,646,1.39,0.72,1.00,68.82,-0.36,-0.00,0.93,0.53,0.81,0.92
10:47,647,1.44,0.71,1.00,69.03,-0.36,-0.00,0.93,0.53,0.81,0.92
10:48,648,1.48,0.70,1.00,69.25,-0.35,-0.00,0.94,0.53,0.81,0.92
10:49,649,1.53,0.69,1.00,69.46,-0.35,-0.00,0.94,0.53,0.81,0.92
10:50,650,1.57,0.69,1.00,69.68,-0.35,-0.00,0.94,0.53,0.81,0.92
10:51,651,1.61,0.68,1.00,69.89,-0.34,-0.00,0.94,0.53,0.81,0.92
10:52,652,1.66,0.67,1.00,70.10,-0.34,-0.00,0.94,0.53,0.81,0.92
10:53,653,1.70,0.66,1.00,70.31,-0.34,-0.00,0.94,0.53,0.81,0.92
10:54,654,1.75,0.65,1.00,70.52,-0.33,-0.00,0.94,0.53,0.81,0.92
10:55,655,1.79,0.64,1.00,70.73,-0.33,-0.00,0.94,0.53,0.81,0.92
10:56,656,1.83,0.63,1.00,70.94,-0.33,-0.00,0.95,0.53,0.81,0.92
10:57,657,1.87,0.63,1.00,71.14,-0.32,-0.00,0.95,0.53,0.81,0.92
10:58,658,1.92,0.62,1.00,71.35,-0.32,-0.00,0.95,0.53,0.81,0.92
10:59,659,1.96,0.61,1.00,71.56,-0.32,-0.00,0.95,0.53,0.81,0.92
11:00,660,2.00,0.60,1.00,71.76,-0.31,-0.00,0.95,0.53,0.81,0.92
11:01,661,2.04,0.59,1.00,71.96,-0.31,-0.00,0.95,0.53,0.81,0.92
11:02,662,2.08,0.58,1.00,72.16,-0.31,-0.00,0.95,0.53,0.81,0.92
11:03,663,2.12,0.58,1.00,72.36,-0.30,-0.00,0.95,0.53,0.81,0.92
11:04,664,2.16,0.57,1.00,72.56,-0.30,-0.00,0.95,0.53,0.81,0.92
11:05,665,2.20,0.56,1.00,72.76,-0.30,-0.00,0.96,0.53,0.81,0.92
11:06,666,2.24,0.55,1.00,72.96,-0.29,-0.00,0.96,0.53,0.81,0.92
11:07,667,2.28,0.54,1.00,73.15,-0.29,-0.00,0.96,0.53,0.81,0.92
11:08,668,2.32,0.54,1.00,73.35,-0.29,-0.00,0.96,0.53,0.81,0.92
11:09,669,2.36,0.53,1.00,73.54,-0.28,-0.00,0.96,0.53,0.81,0.92
11:10,670,2.40,0.52,1.00,73.73,-0.28,-0.00,0.96,0.53,0.81,0.92
11:11,671,2.44,0.51,1.00,73.92,-0.28,-0.00,0.96,0.53,0.81,0.92
11:12,672,2.48,0.50,1.00,74.11,-0.27,-0.00,0.96,0.53,0.81,0.92
11:13,673,2.51,0.50,1.00,74.29,-0.27,-0.00,0.96,0.53,0.81,0.92
11:14,674,2.55,0.49,1.00,74.48,-0.27,-0.00,0.96,0.53,0.81,0.92
11:15,675,2.59,0.48,1.00,74.66,-0.26,-0.00,0.96,0.53,0.81,0.92
11:16,676,2.63,0.47,1.00,74.84,-0.26,-0.00,0.97,0.53,0.81,0.92
11:17,677,2.66,0.47,1.00,75.02,-0.26,-0.00,0.97,0.53,0.81,0.92
11:18,678,2.70,0.46,1.00,75.19,-0.26,-0.00,0.97,0.53,0.81,0.92
11:19,679,2.74,0.45,1.00,75.37,-0.25,-0.00,0.97,0.53,0.81,0.92
11:20,680,2.77,0.45,1.00,75.54,-0.25,-0.00,0.97,0.53,0.81,0.92
11:21,681,2.81,0.44,1.00,75.71,-0.25,-0.00,0.97,0.53,0.81,0.92
11:22,682,2.84,0.43,1.00,75.88,-0.24,-0.00,0.97,0.53,0.81,0.92
11:23,683,2.88,0.42,1.00,76.04,-0.24,-0.00,0.97,0.53,0.81,0.92
11:24,684,2.91,0.42,1.00,76.20,-0.24,-0.00,0.97,0.53,0.81,0.92
11:25,685,2.95,0.41,1.00,76.36,-0.24,-0.00,0.97,0.53,0.81,0.92
11:26,686,2.98,0.40,1.00,76.52,-0.23,-0.00,0.97,0.53,0.81,0.92
11:27,687,3.01,0.40,1.00,76.68,-0.23,-0.00,0.97,0.53,0.81,0.92
11:28,688,3.05,0.39,1.00,76.83,-0.23,-0.00,0.97,0.53,0.81,0.92
11:29,689,3.08,0.38,1.00,76.98,-0.23,-0.00,0.97,0.53,0.81,0.92
11:30,690,3.12,0.38,1.00,77.12,-0.22,-0.00,0.97,0.53,0.81,0.92
11:31,691,3.15,0.37,1.00,77.26,-0.22,-0.00,0.98,0.53,0.81,0.92
11:32,692,3.18,0.36,1.00,77.40,-0.22,-0.00,0.98,0.53,0.81,0.92
11:33,693,3.21,0.36,1.00,77.54,-0.22,-0.00,0.98,0.53,0.81,0.92
11:34,694,3.25,0.35,1.00,77.67,-0.21,-0.00,0.98,0.53,0.81,0.92
11:35,695,3.28,0.34,1.00,77.80,-0.21,-0.00,0.98,0.53,0.81,0.92
11:36,696,3.31,0.34,1.00,77.92,-0.21,-0.00,0.98,0.53,0.81,0.92
11:37,697,3.34,0.33,1.00,78.04,-0.21,-0.00,0.98,0.53,0.81,0.92
11:38,698,3.37,0.33,1.00,78.16,-0.21,-0.00,0.98,0.53,0.81,0.92
11:39,699,3.40,0.32,1.00,78.27,-0.20,-0.00,0.98,0.53,0.81,0.92
11:40,700,3.43,0.31,1.00,78.38,-0.20,-0.00,0.98,0.53,0.81,0.92
11:41,701,3.46,0.31,1.00,78.49,-0.20,-0.00,0.98,0.53,0.81,0.92
11:42,702,3.49,0.30,1.00,78.59,-0.20,-0.00,0.98,0.53,0.81,0.92
11:43,703,3.52,0.30,1.00,78.68,-0.20,-0.00,0.98,0.53,0.81,0.92
11:44,704,3.55,0.29,1.00,78.77,-0.19,-0.00,0.98,0.53,0.81,0.92
11:45,705,3.58,0.28,1.00,78.86,-0.19,-0.00,0.98,0.53,0.81,0.92
11:46,706,3.61,0.28,1.00,78.94,-0.19,-0.00,0.98,0.53,0.81,0.92
11:47,707,3.64,0.27,1.00,79.01,-0.19,-0.00,0.98,0.53,0.81,0.92
11:48,708,3.67,0.27,1.00,79.08,-0.19,-0.00,0.98,0.53,0.81,0.92
11:49,709,3.70,0.26,1.00,79.15,-0.19,-0.00,0.98,0.53,0.81,0.92
11:50,710,3.73,0.25,1.00,79.21,-0.19,-0.00,0.98,0.53,0.81,0.92
11:51,711,3.76,0.25,1.00,79.26,-0.19,-0.00,0.98,0.53,0.81,0.92
11:52,712,3.78,0.24,1.00,79.31,-0.19,-0.00,0.98,0.53,0.81,0.92
11:53,713,3.81,0.24,1.00,79.36,-0.18,-0.00,0.98,0.53,0.81,0.92
11:54,714,3.84,0.23,1.00,79.39,-0.18,-0.00,0.98,0.53,0.81,0.92
11:55,715,3.87,0.23,1.00,79.43,-0.18,-0.00,0.98,0.53,0.81,0.92
11:56,716,3.89,0.22,1.00,79.45,-0.18,-0.00,0.98,0.53,0.81,0.92
11:57,717,3.92,0.22,1.00,79.47,-0.18,-0.00,0.98,0.53,0.81,0.92
11:58,718,3.95,0.21,1.00,79.49,-0.18,-0.00,0.98,0.53,0.81,0.92
11:59,719,3.97,0.21,1.00,79.50,-0.18,-0.00,0.98,0.53,0.81,0.92
12:00,720,4.00,0.20,1.00,79.50,-0.18,-0.00,0.98,0.53,0.81,0.92
12:01,721,4.03,0.19,1.00,79.50,-0.18,-0.00,0.98,0.53,0.81,0.92
12:02,722,4.05,0.19,1.00,79.49,-0.18,-0.00,0.98,0.53,0.81,0.92
12:03,723,4.08,0.18,1.00,79.47,-0.18,-0.00,0.98,0.53,0.81,0.92
12:04,724,4.10,0.18,1.00,79.45,-0.18,-0.00,0.98,0.53,0.81,0.92
12:05,725,4.13,0.17,1.00,79.43,-0.18,-0.00,0.98,0.53,0.81,0.92
12:06,726,4.15,0.17,1.00,79.39,-0.18,-0.00,0.98,0.53,0.81,0.92
12:07,727,4.18,0.16,1.00,79.36,-0.18,-0.00,0.98,0.53,0.81,0.92
12:08,728,4.20,0.16,1.00,79.31,-0.19,-0.00,0.98,0.53,0.81,0.92
12:09,729,4.23,0.15,1.00,79.26,-0.19,-0.00,0.98,0.53,0.81,0.92
12:10,730,4.25,0.15,1.00,79.21,-0.19,-0.00,0.98,0.53,0.81,0.92
12:11,731,4.28,0.14,1.00,79.15,-0.19,-0.00,0.98,0.53,0.81,0.92
12:12,732,4.30,0.14,1.00,79.08,-0.19,-0.00,0.98,0.53,0.81,0.92
12:13,733,4.33,0.13,1.00,79.01,-0.19,-0.00,0.98,0.53,0.81,0.92
12:14,734,4.36,0.13,1.00,78.94,-0.19,-0.00,0.98,0.53,0.81,0.92
12:15,735,4.38,0.12,1.00,78.86,-0.19,-0.00,0.98,0.53,0.81,0.92
12:16,736,4.41,0.12,1.00,78.77,-0.19,-0.00,0.98,0.53,0.81,0.92
12:17,737,4.43,0.11,1.00,78.68,-0.20,-0.00,0.98,0.53,0.81,0.92
12:18,738,4.46,0.11,1.00,78.59,-0.20,-0.00,0.98,0.53,0.81,0.92
12:19,739,4.48,0.10,1.00,78.49,-0.20,-0.00,0.98,0.53,0.81,0.92
12:20,740,4.51,0.10,1.00,78.38,-0.20,-0.00,0.98,0.53,0.81,0.92
12:21,741,4.54,0.09,1.00,78.27,-0.20,-0.00,0.98,0.53,0.81,0.92
12:22,742,4.56,0.09,1.00,78.16,-0.21,-0.00,0.98,0.53,0.81,0.92
12:23,743,4.59,0.08,1.00,78.04,-0.21,-0.00,0.98,0.53,0.81,0.92
12:24,744,4.62,0.08,1.00,77.92,-0.21,-0.00,0.98,0.53,0.81,0.92
12:25,745,4.65,0.07,1.00,77.80,-0.21,-0.00,0.98,0.53,0.81,0.92
12:26,746,4.67,0.07,1.00,77.67,-0.21,-0.00,0.98,0.53,0.81,0.92
12:27,747,4.70,0.06,1.00,77.54,-0.22,-0.00,0.98,0.53,0.81,0.92
12:28,748,4.73,0.05,1.00,77.40,-0.22,-0.00,0.98,0.53,0.81,0.92
12:29,749,4.76,0.05,1.00,77.26,-0.22,-0.00,0.98,0.53,0.81,0.92
12:30,750,4.79,0.04,1.00,77.12,-0.22,-0.00,0.97,0.53,0.81,0.92
12:31,751,4.82,0.04,1.00,76.98,-0.23,-0.00,0.97,0.53,0.81,0.92
12:32,752,4.85,0.03,1.00,76.83,-0.23,-0.00,0.97,0.53,0.81,0.92
12:33,753,4.88,0.02,1.00,76.68,-0.23,-0.00,0.97,0.53,0.81,0.92
12:34,754,4.91,0.02,1.00,76.52,-0.23,-0.00,0.97,0.53,0.81,0.92
12:35,755,4.95,0.01,1.00,76.36,-0.24,-0.00,0.97,0.53,0.81,0.92
12:36,756,4.98,0.00,1.00,76.20,-0.24,-0.00,0.97,0.53,0.81,0.92
12:37,757,5.01,0.00,1.00,76.04,-0.24,-0.00,0.97,0.53,0.81,0.92
12:38,758,5.05,0.00,1.00,75.88,-0.24,-0.00,0.97,0.53,0.81,0.92
12:39,759,5.08,0.00,1.00,75.71,-0.25,-0.00,0.97,0.53,0.81,0.92
12:40,760,5.12,0.00,1.00,75.54,-0.25,-0.00,0.97,0.53,0.81,0.92
12:41,761,5.15,0.00,1.00,75.37,-0.25,-0.00,0.97,0.53,0.81,0.92
12:42,762,5.19,0.00,1.00,75.19,-0.26,-0.00,0.97,0.53,0.81,0.92
12:43,763,5.23,0.00,1.00,75.02,-0.26,-0.00,0.97,0.53,0.81,0.92
12:44,764,5.27,0.00,1.00,74.84,-0.26,-0.00,0.97,0.53,0.81,0.92
12:45,765,5.31,0.00,1.00,74.66,-0.26,-0.00,0.96,0.53,0.81,0.92
12:46,766,5.35,0.00,1.00,74.48,-0.27,-0.00,0.96,0.53,0.81,0.92
12:47,767,5.39,0.00,1.00,74.29,-0.27,-0.00,0.96,0.53,0.81,0.92
12:48,768,5.43,0.00,1.00,74.11,-0.27,-0.00,0.96,0.53,0.81,0.92
12:49,769,5.47,0.00,1.00,73.92,-0.28,-0.00,0.96,0.53,0.81,0.92
12:50,770,5.51,0.00,1.00,73.73,-0.28,-0.00,0.96,0.53,0.81,0.92
12:51,771,5.56,0.00,1.00,73.54,-0.28,-0.00,0.96,0.53,0.81,0.92
12:52,772,5.60,0.00,1.00,73.35,-0.29,-0.00,0.96,0.53,0.81,0.92
12:53,773,5.65,0.00,1.00,73.15,-0.29,-0.00,0.96,0.53,0.81,0.92
12:54,774,5.70,0.00,1.00,72.96,-0.29,-0.00,0.96,0.53,0.81,0.92
12:55,775,5.74,0.00,1.00,72.76,-0.30,-0.00,0.96,0.53,0.81,0.92
12:56,776,5.79,0.00,1.00,72.56,-0.30,-0.00,0.95,0.53,0.81,0.92
12:57,777,5.84,0.00,1.00,72.36,-0.30,-0.00,0.95,0.53,0.81,0.92
12:58,778,5.89,0.00,1.00,72.16,-0.31,-0.00,0.95,0.53,0.81,0.92
12:59,779,5.95,0.00,1.00,71.96,-0.31,-0.00,0.95,0.53,0.81,0.92
13:00,780,6.00,0.00,1.00,71.76,-0.31,-0.00,0.95,0.53,0.81,0.92
13:01,781,6.05,0.00,1.00,71.56,-0.32,-0.00,0.95,0.53,0.81,0.92
13:02,782,6.11,0.00,1.00,71.35,-0.32,-0.00,0.95,0.53,0.81,0.92
13:03,783,6.17,0.00,1.00,71.14,-0.32,-0.00,0.95,0.53,0.81,0.92
13:04,784,6.22,0.00,1.00,70.94,-0.33,-0.00,0.95,0.53,0.81,0.92
13:05,785,6.28,0.00,1.00,70.73,-0.33,-0.00,0.94,0.53,0.81,0.92
13:06,786,6.34,0.00,1.00,70.52,-0.33,-0.00,0.94,0.53,0.81,0.92
13:07,787,6.40,0.00,1.00,70.31,-0.34,-0.00,0.94,0.53,0.81,0.92
13:08,788,6.46,0.00,1.00,70.10,-0.34,-0.00,0.94,0.53,0.81,0.92
13:09,789,6.52,0.00,1.00,69.89,-0.34,-0.00,0.94,0.53,0.81,0.92
13:10,790,6.59,0.00,1.00,69.68,-0.35,-0.00,0.94,0.53,0.81,0.92
13:11,791,6.65,0.00,1.00,69.46,-0.35,-0.00,0.94,0.53,0.81,0.92
13:12,792,6.71,0.00,1.00,69.25,-0.35,-0.00,0.94,0.53,0.81,0.92
13:13,793,6.78,0.00,1.00,69.03,-0.36,-0.00,0.93,0.53,0.81,0.92
13:14,794,6.84,0.00,1.00,68.82,-0.36,-0.00,0.93,0.53,0.81,0.92
13:15,795,6.90,0.00,1.00,68.60,-0.36,-0.00,0.93,0.53,0.81,0.92
13:16,796,6.97,0.00,1.00,68.39,-0.37,-0.00,0.93,0.53,0.81,0.92
13:17,797,7.03,0.00,1.00,68.17,-0.37,-0.00,0.93,0.53,0.81,0.92
13:18,798,7.09,0.00,1.00,67.95,-0.38,-0.00,0.93,0.53,0.81,0.92
13:19,799,7.16,0.00,1.00,67.73,-0.38,-0.00,0.93,0.53,0.81,0.92
13:20,800,7.22,0.00,1.00,67.51,-0.38,-0.00,0.92,0.53,0.81,0.92
13:21,801,7.29,0.00,1.00,67.29,-0.39,-0.00,0.92,0.53,0.81,0.92
13:22,802,7.35,0.00,1.00,67.07,-0.39,-0.00,0.92,0.53,0.81,0.92
13:23,803,7.41,0.00,1.00,66.85,-0.39,-0.00,0.92,0.53,0.81,0.92
13:24,804,7.48,0.00,1.00,66.63,-0.40,-0.00,0.92,0.53,0.81,0.92
13:25,805,7.54,0.00,1.00,66.41,-0.40,-0.00,0.92,0.53,0.81,0.92
13:26,806,7.60,0.00,1.00,66.18,-0.40,-0.00,0.91,0.53,0.81,0.92
13:27,807,7.66,0.00,1.00,65.96,-0.41,-0.00,0.91,0.53,0.81,0.92
13:28,808,7.73,0.00,1.00,65.74,-0.41,-0.00,0.91,0.53,0.81,0.92
13:29,809,7.79,0.00,1.00,65.51,-0.41,-0.00,0.91,0.53,0.81,0.92
13:30,810,7.85,0.00,1.00,65.29,-0.42,-0.00,0.91,0.53,0.81,0.92
13:31,811,7.91,0.00,1.00,65.06,-0.42,-0.00,0.91,0.53,0.81,0.92
13:32,812,7.96,0.00,1.00,64.84,-0.43,-0.00,0.91,0.53,0.81,0.92
13:33,813,8.02,0.00,1.00,64.61,-0.43,-0.00,0.90,0.53,0.81,0.92
13:34,814,8.08,0.00,1.00,64.38,-0.43,-0.00,0.90,0.53,0.81,0.92
13:35,815,8.13,0.00,1.00,64.16,-0.44,-0.00,0.90,0.53,0.81,0.92
13:36,816,8.19,0.00,1.00,63.93,-0.44,-0.00,0.90,0.53,0.81,0.92
13:37,817,8.24,0.00,1.00,63.70,-0.44,-0.00,0.90,0.53,0.81,0.92
13:38,818,8.29,0.00,1.00,63.47,-0.45,-0.00,0.89,0.53,0.81,0.92
13:39,819,8.34,0.00,1.00,63.24,-0.45,-0.00,0.89,0.53,0.81,0.92
13:40,820,8.39,0.00,1.00,63.02,-0.45,-0.00,0.89,0.53,0.81,0.92
13:41,821,8.44,0.00,1.00,62.79,-0.46,-0.00,0.89,0.53,0.81,0.92
13:42,822,8.49,0.00,1.00,62.56,-0.46,-0.00,0.89,0.53,0.81,0.92
13:43,823,8.53,0.00,1.00,62.33,-0.46,-0.00,0.89,0.53,0.81,0.92
13:44,824,8.58,0.00,1.00,62.10,-0.47,-0.00,0.88,0.53,0.81,0.92
13:45,825,8.62,0.00,1.00,61.87,-0.47,-0.00,0.88,0.53,0.81,0.92
13:46,826,8.66,0.00,1.00,61.64,-0.48,-0.00,0.88,0.53,0.81,0.92
13:47,827,8.70,0.00,1.00,61.41,-0.48,-0.00,0.88,0.53,0.81,0.92
13:48,828,8.73,0.00,1.00,61.17,-0.48,-0.00,0.88,0.53,0.81,0.92
13:49,829,8.77,0.00,1.00,60.94,-0.49,-0.00,0.87,0.53,0.81,0.92
13:50,830,8.80,0.00,1.00,60.71,-0.49,-0.00,0.87,0.53,0.81,0.92
13:51,831,8.83,0.00,1.00,60.48,-0.49,-0.00,0.87,0.53,0.81,0.92
13:52,832,8.86,0.00,1.00,60.25,-0.50,-0.00,0.87,0.53,0.81,0.92
13:53,833,8.88,0.00,1.00,60.01,-0.50,-0.00,0.87,0.53,0.81,0.92
13:54,834,8.91,0.00,1.00,59.78,-0.50,-0.00,0.86,0.53,0.81,0.92
13:55,835,8.93,0.00,1.00,59.55,-0.51,-0.00,0.86,0.53,0.81,0.92
13:56,836,8.95,0.00,1.00,59.31,-0.51,-0.00,0.86,0.53,0.81,0.92
13:57,837,8.96,0.00,1.00,59.08,-0.51,-0.00,0.86,0.53,0.81,0.92
13:58,838,8.98,0.00,1.00,58.85,-0.52,-0.00,0.86,0.53,0.81,0.92
13:59,839,8.99,0.00,1.00,58.61,-0.52,-0.00,0.85,0.53,0.81,0.92
14:00,840,9.00,0.00,1.00,58.38,-0.52,-0.00,0.85,0.53,0.81,0.92
14:01,841,9.01,0.00,1.00,58.14,-0.53,-0.00,0.85,0.53,0.81,0.92
14:02,842,9.01,0.00,1.00,57.91,-0.53,-0.00,0.85,0.53,0.81,0.92
14:03,843,9.01,0.00,1.00,57.67,-0.53,-0.00,0.85,0.53,0.81,0.92
14:04,844,9.01,0.00,1.00,57.44,-0.54,-0.00,0.84,0.53,0.81,0.92
14:05,845,9.01,0.00,1.00,57.20,-0.54,-0.00,0.84,0.53,0.81,0.92
14:06,846,9.00,0.00,1.00,56.97,-0.55,-0.00,0.84,0.53,0.81,0.92
14:07,847,8.99,0.00,1.00,56.73,-0.55,-0.00,0.84,0.53,0.81,0.92
14:08,848,8.98,0.00,1.00,56.50,-0.55,-0.00,0.83,0.53,0.81,0.92
14:09,849,8.97,0.00,1.00,56.26,-0.56,-0.00,0.83,0.53,0.81,0.92
14:10,850,8.96,0.00,1.00,56.02,-0.56,-0.00,0.83,0.53,0.81,0.92
14:11,851,8.94,0.00,1.00,55.79,-0.56,-0.00,0.83,0.53,0.81,0.92
14:12,852,8.92,0.00,1.00,55.55,-0.57,-0.00,0.82,0.53,0.81,0.92
14:13,853,8.90,0.00,1.00,55.31,-0.57,-0.00,0.82,0.53,0.81,0.92
14:14,854,8.88,0.00,1.00,55.08,-0.57,-0.00,0.82,0.53,0.81,0.92
14:15,855,8.85,0.00,1.00,54.84,-0.58,-0.00,0.82,0.53,0.81,0.92
14:16,856,8.83,0.00,1.00,54.60,-0.58,-0.00,0.82,0.53,0.81,0.92
14:17,857,8.80,0.00,1.00,54.37,-0.58,-0.00,0.81,0.53,0.81,0.92
14:18,858,8.77,0.00,1.00,54.13,-0.59,-0.00,0.81,0.53,0.81,0.92
14:19,859,8.74,0.00,1.00,53.89,-0.59,-0.00,0.81,0.53,0.81,0.92
14:20,860,8.71,0.00,1.00,53.65,-0.59,-0.00,0.81,0.53,0.81,0.92
14:21,861,8.67,0.00,1.00,53.41,-0.60,-0.00,0.80,0.53,0.81,0.92
14:22,862,8.64,0.00,1.00,53.18,-0.60,-0.00,0.80,0.53,0.81,0.92
14:23,863,8.60,0.00,1.00,52.94,-0.60,-0.00,0.80,0.53,0.81,0.92
14:24,864,8.57,0.00,1.00,52.70,-0.61,-0.00,0.80,0.53,0.81,0.92
14:25,865,8.53,0.00,1.00,52.46,-0.61,-0.00,0.79,0.53,0.81,0.92
14:26,866,8.49,0.00,1.00,52.22,-0.61,-0.00,0.79,0.53,0.81,0.92
14:27,867,8.45,0.00,1.00,51.98,-0.62,-0.00,0.79,0.53,0.81,0.92
14:28,868,8.41,0.00,1.00,51.74,-0.62,-0.00,0.79,0.53,0.81,0.92
14:29,869,8.37,0.00,1.00,51.51,-0.62,-0.00,0.78,0.53,0.81,0.92
14:30,870,8.32,0.00,1.00,51.27,-0.63,-0.00,0.78,0.53,0.81,0.92
14:31,871,8.28,0.00,1.00,51.03,-0.63,-0.00,0.78,0.53,0.81,0.92
14:32,872,8.24,0.00,1.00,50.79,-0.63,-0.00,0.77,0.53,0.81,0.92
14:33,873,8.19,0.00,0.99,50.55,-0.64,-0.00,0.77,0.53,0.81,0.92
14:34,874,8.15,0.00,0.99,50.31,-0.64,-0.00,0.77,0.53,0.81,0.92
14:35,875,8.10,0.00,0.99,50.07,-0.64,-0.00,0.77,0.53,0.81,0.92
14:36,876,8.05,0.00,0.99,49.83,-0.65,-0.00,0.76,0.53,0.81,0.92
14:37,877,8.01,0.00,0.99,49.59,-0.65,-0.00,0.76,0.53,0.81,0.92
14:38,878,7.96,0.00,0.99,49.35,-0.65,-0.00,0.76,0.53,0.81,0.92
14:39,879,7.91,0.00,0.99,49.11,-0.65,-0.00,0.76,0.53,0.81,0.92
14:40,880,7.87,0.00,0.99,48.87,-0.66,-0.00,0.75,0.53,0.81,0.92
14:41,881,7.82,0.00,0.99,48.63,-0.66,-0.00,0.75,0.53,0.81,0.92
14:42,882,7.77,0.00,0.99,48.39,-0.66,-0.00,0.75,0.53,0.81,0.92
14:43,883,7.73,0.00,0.99,48.15,-0.67,-0.00,0.74,0.53,0.81,0.92
14:44,884,7.68,0.00,0.99,47.91,-0.67,-0.00,0.74,0.53,0.81,0.92
14:45,885,7.63,0.00,0.99,47.67,-0.67,-0.00,0.74,0.53,0.81,0.92
14:46,886,7.59,0.00,0.99,47.43,-0.68,-0.00,0.74,0.53,0.81,0.92
14:47,887,7.54,0.00,0.99,47.19,-0.68,-0.00,0.73,0.53,0.81,0.92
14:48,888,7.49,0.00,0.99,46.95,-0.68,-0.00,0.73,0.53,0.81,0.92
14:49,889,7.45,0.00,0.99,46.70,-0.69,-0.00,0.73,0.53,0.81,0.92
14:50,890,7.40,0.00,0.99,46.46,-0.69,-0.00,0.72,0.53,0.81,0.92
14:51,891,7.36,0.00,0.99,46.22,-0.69,-0.00,0.72,0.53,0.81,0.92
14:52,892,7.32,0.00,0.99,45.98,-0.69,-0.00,0.72,0.53,0.81,0.92
14:53,893,7.27,0.00,0.99,45.74,-0.70,-0.00,0.72,0.53,0.81,0.92
14:54,894,7.23,0.00,0.99,45.50,-0.70,-0.00,0.71,0.53,0.81,0.92
14:55,895,7.19,0.00,0.99,45.26,-0.70,-0.00,0.71,0.53,0.81,0.92
14:56,896,7.15,0.00,0.99,45.02,-0.71,-0.00,0.71,0.53,0.81,0.92
14:57,897,7.11,0.00,0.99,44.77,-0.71,-0.00,0.70,0.53,0.81,0.92
14:58,898,7.07,0.00,0.98,44.53,-0.71,-0.00,0.70,0.53,0.81,0.92
14:59,899,7.04,0.00,0.98,44.29,-0.72,-0.00,0.70,0.53,0.81,0.92
15:00,900,7.00,0.00,0.98,44.05,-0.72,-0.00,0.70,0.53,0.81,0.92
15:01,901,6.97,0.00,0.98,43.81,-0.72,-0.00,0.69,0.53,0.81,0.92
15:02,902,6.93,0.00,0.98,43.56,-0.72,-0.00,0.69,0.53,0.81,0.92
15:03,903,6.90,0.00,0.98,43.32,-0.73,-0.00,0.69,0.53,0.81,0.92
15:04,904,6.87,0.00,0.98,43.08,-0.73,-0.00,0.68,0.53,0.81,0.92
15:05,905,6.84,0.00,0.98,42.84,-0.73,-0.00,0.68,0.53,0.81,0.92
15:06,906,6.81,0.00,0.98,42.60,-0.74,-0.00,0.68,0.53,0.81,0.92
15:07,907,6.78,0.00,0.98,42.35,-0.74,-0.00,0.67,0.53,0.81,0.92
15:08,908,6.75,0.00,0.98,42.11,-0.74,-0.00,0.67,0.53,0.81,0.92
15:09,909,6.73,0.00,0.98,41.87,-0.74,-0.00,0.67,0.53,0.81,0.92
15:10,910,6.70,0.00,0.97,41.63,-0.75,-0.00,0.66,0.53,0.81,0.92
15:11,911,6.68,0.00,0.97,41.38,-0.75,-0.00,0.66,0.53,0.81,0.92
15:12,912,6.66,0.00,0.97,41.14,-0.75,-0.00,0.66,0.53,0.81,0.92
15:13,913,6.64,0.00,0.97,40.90,-0.76,-0.00,0.65,0.53,0.81,0.92
15:14,914,6.61,0.00,0.97,40.66,-0.76,-0.00,0.65,0.53,0.81,0.92
15:15,915,6.59,0.00,0.97,40.41,-0.76,-0.00,0.65,0.53,0.81,0.92
15:16,916,6.57,0.00,0.97,40.17,-0.76,-0.00,0.65,0.53,0.81,0.92
15:17,917,6.55,0.00,0.97,39.93,-0.77,-0.00,0.64,0.53,0.81,0.92
15:18,918,6.54,0.00,0.97,39.69,-0.77,-0.00,0.64,0.53,0.81,0.92
15:19,919,6.52,0.00,0.96,39.44,-0.77,-0.00,0.64,0.53,0.81,0.92
15:20,920,6.50,0.00,0.96,39.20,-0.77,-0.00,0.63,0.53,0.81,0.92
15:21,921,6.49,0.00,0.96,38.96,-0.78,-0.00,0.63,0.53,0.81,0.92
15:22,922,6.47,0.00,0.96,38.71,-0.78,-0.00,0.63,0.53,0.81,0.92
15:23,923,6.45,0.00,0.96,38.47,-0.78,-0.00,0.62,0.53,0.81,0.92
15:24,924,6.44,0.00,0.96,38.23,-0.79,-0.00,0.62,0.53,0.81,0.92
15:25,925,6.43,0.00,0.95,37.98,-0.79,-0.00,0.62,0.53,0.81,0.92
15:26,926,6.41,0.00,0.95,37.74,-0.79,-0.00,0.61,0.53,0.81,0.92
15:27,927,6.40,0.00,0.95,37.50,-0.79,-0.00,0.61,0.53,0.81,0.92
15:28,928,6.39,0.00,0.95,37.25,-0.80,-0.00,0.61,0.53,0.81,0.92
15:29,929,6.37,0.00,0.95,37.01,-0.80,-0.00,0.60,0.53,0.81,0.92
15:30,930,6.36,0.00,0.95,36.77,-0.80,-0.00,0.60,0.53,0.81,0.92
15:31,931,6.35,0.00,0.94,36.52,-0.80,-0.00,0.60,0.53,0.81,0.92
15:32,932,6.34,0.00,0.94,36.28,-0.81,-0.00,0.59,0.53,0.81,0.92
15:33,933,6.33,0.00,0.94,36.04,-0.81,-0.00,0.59,0.53,0.81,0.92
15:34,934,6.32,0.00,0.94,35.79,-0.81,-0.00,0.58,0.53,0.81,0.92
15:35,935,6.30,0.00,0.94,35.55,-0.81,-0.00,0.58,0.53,0.81,0.92
15:36,936,6.29,0.00,0.93,35.31,-0.82,-0.00,0.58,0.53,0.81,0.92
15:37,937,6.28,0.00,0.93,35.06,-0.82,-0.00,0.57,0.53,0.81,0.92
15:38,938,6.27,0.00,0.93,34.82,-0.82,-0.00,0.57,0.53,0.81,0.92
15:39,939,6.26,0.00,0.93,34.57,-0.82,-0.00,0.57,0.53,0.81,0.92
15:40,940,6.25,0.00,0.92,34.33,-0.83,-0.00,0.56,0.53,0.81,0.92
15:41,941,6.24,0.00,0.92,34.09,-0.83,-0.00,0.56,0.53,0.81,0.92
15:42,942,6.23,0.00,0.92,33.84,-0.83,-0.00,0.56,0.53,0.81,0.92
15:43,943,6.22,0.00,0.92,33.60,-0.83,-0.00,0.55,0.53,0.81,0.92
15:44,944,6.21,0.00,0.91,33.36,-0.84,-0.00,0.55,0.53,0.81,0.92
15:45,945,6.20,0.00,0.91,33.11,-0.84,-0.00,0.55,0.53,0.81,0.92
15:46,946,6.19,0.00,0.91,32.87,-0.84,-0.00,0.54,0.53,0.81,0.92
15:47,947,6.18,0.00,0.90,32.62,-0.84,-0.00,0.54,0.53,0.81,0.92
15:48,948,6.16,0.00,0.90,32.38,-0.84,-0.00,0.54,0.53,0.81,0.92
15:49,949,6.15,0.00,0.90,32.13,-0.85,-0.00,0.53,0.53,0.81,0.92
15:50,950,6.14,0.00,0.89,31.89,-0.85,-0.00,0.53,0.53,0.81,0.92
15:51,951,6.13,0.00,0.89,31.65,-0.85,-0.00,0.52,0.53,0.81,0.92
15:52,952,6.12,0.00,0.89,31.40,-0.85,-0.00,0.52,0.53,0.81,0.92
15:53,953,6.10,0.00,0.88,31.16,-0.86,-0.00,0.52,0.53,0.81,0.92
15:54,954,6.09,0.00,0.88,30.91,-0.86,-0.00,0.51,0.53,0.81,0.92
15:55,955,6.08,0.00,0.88,30.67,-0.86,-0.00,0.51,0.53,0.81,0.92
15:56,956,6.06,0.00,0.87,30.43,-0.86,-0.00,0.51,0.53,0.81,0.92
15:57,957,6.05,0.00,0.87,30.18,-0.86,-0.00,0.50,0.53,0.81,0.92
15:58,958,6.03,0.00,0.86,29.94,-0.87,-0.00,0.50,0.53,0.81,0.92
15:59,959,6.02,0.00,0.86,29.69,-0.87,-0.00,0.50,0.53,0.81,0.92
16:00,960,6.00,0.00,0.86,29.45,-0.87,-0.00,0.49,0.53,0.81,0.92
16:01,961,5.98,0.00,0.85,29.20,-0.87,-0.00,0.49,0.53,0.81,0.92
16:02,962,5.97,0.00,0.85,28.96,-0.87,-0.00,0.48,0.53,0.81,0.92
16:03,963,5.95,0.00,0.84,28.71,-0.88,-0.00,0.48,0.53,0.81,0.92
16:04,964,5.93,0.00,0.84,28.47,-0.88,-0.00,0.48,0.53,0.81,0.92
16:05,965,5.91,0.00,0.83,28.22,-0.88,-0.00,0.47,0.53,0.81,0.92
16:06,966,5.89,0.00,0.83,27.98,-0.88,-0.00,0.47,0.53,0.81,0.92
16:07,967,5.87,0.00,0.82,27.74,-0.89,-0.00,0.47,0.53,0.81,0.92
16:08,968,5.85,0.00,0.82,27.49,-0.89,-0.00,0.46,0.53,0.81,0.92
16:09,969,5.82,0.00,0.81,27.25,-0.89,-0.00,0.46,0.53,0.81,0.92
16:10,970,5.80,0.00,0.81,27.00,-0.89,-0.00,0.45,0.53,0.81,0.92
16:11,971,5.78,0.00,0.80,26.76,-0.89,-0.00,0.45,0.53,0.81,0.92
16:12,972,5.76,0.00,0.80,26.51,-0.89,-0.00,0.45,0.53,0.81,0.92
16:13,973,5.73,0.00,0.79,26.27,-0.90,-0.00,0.44,0.53,0.81,0.92
16:14,974,5.71,0.00,0.79,26.02,-0.90,-0.00,0.44,0.53,0.81,0.92
16:15,975,5.68,0.00,0.78,25.78,-0.90,-0.00,0.43,0.53,0.81,0.92
16:16,976,5.65,0.00,0.77,25.53,-0.90,-0.00,0.43,0.53,0.81,0.92
16:17,977,5.63,0.00,0.77,25.29,-0.90,-0.00,0.43,0.53,0.81,0.92
16:18,978,5.60,0.00,0.76,25.04,-0.91,-0.00,0.42,0.53,0.81,0.92
16:19,979,5.57,0.00,0.75,24.80,-0.91,-0.00,0.42,0.53,0.81,0.92
16:20,980,5.54,0.00,0.75,24.55,-0.91,-0.00,0.42,0.53,0.81,0.92
16:21,981,5.52,0.00,0.74,24.31,-0.91,-0.00,0.41,0.53,0.81,0.92
16:22,982,5.49,0.00,0.73,24.06,-0.91,-0.00,0.41,0.53,0.81,0.92
16:23,983,5.46,0.00,0.73,23.82,-0.91,-0.00,0.40,0.53,0.81,0.92
16:24,984,5.43,0.00,0.72,23.57,-0.92,-0.00,0.40,0.53,0.81,0.92
16:25,985,5.40,0.00,0.71,23.33,-0.92,-0.00,0.40,0.53,0.81,0.92
16:26,986,5.36,0.00,0.71,23.08,-0.92,-0.00,0.39,0.53,0.81,0.92
16:27,987,5.33,0.00,0.70,22.84,-0.92,-0.00,0.39,0.53,0.81,0.92
16:28,988,5.30,0.00,0.69,22.59,-0.92,-0.00,0.38,0.53,0.81,0.92
16:29,989,5.27,0.00,0.69,22.35,-0.92,-0.00,0.38,0.53,0.81,0.92
16:30,990,5.23,0.00,0.68,22.10,-0.93,-0.00,0.38,0.53,0.81,0.92
16:31,991,5.20,0.00,0.67,21.86,-0.93,-0.00,0.37,0.53,0.81,0.92
16:32,992,5.16,0.00,0.66,21.61,-0.93,-0.00,0.37,0.53,0.81,0.92
16:33,993,5.13,0.00,0.65,21.37,-0.93,-0.00,0.36,0.53,0.81,0.92
16:34,994,5.09,0.00,0.65,21.12,-0.93,-0.00,0.36,0.53,0.81,0.92
16:35,995,5.06,0.00,0.64,20.88,-0.93,-0.00,0.36,0.53,0.81,0.92
16:36,996,5.02,0.00,0.63,20.63,-0.94,-0.00,0.35,0.53,0.81,0.92
16:37,997,4.98,0.00,0.62,20.39,-0.94,-0.00,0.35,0.53,0.81,0.92
16:38,998,4.95,0.01,0.61,20.14,-0.94,-0.00,0.34,0.53,0.81,0.92
16:39,999,4.91,0.02,0.60,19.90,-0.94,-0.00,0.34,0.53,0.81,0.92
16:40,1000,4.87,0.03,0.60,19.65,-0.94,-0.00,0.34,0.54,0.81,0.91
16:41,1001,4.83,0.03,0.59,19.41,-0.94,-0.00,0.33,0.55,0.81,0.90
16:42,1002,4.79,0.04,0.58,19.16,-0.94,-0.00,0.33,0.56,0.81,0.90
16:43,1003,4.75,0.05,0.57,18.92,-0.95,-0.00,0.32,0.56,0.81,0.89
16:44,1004,4.71,0.06,0.56,18.67,-0.95,-0.00,0.32,0.57,0.81,0.88
16:45,1005,4.67,0.07,0.55,18.42,-0.95,-0.00,0.32,0.58,0.80,0.88
16:46,1006,4.63,0.07,0.54,18.18,-0.95,-0.00,0.31,0.59,0.80,0.87
16:47,1007,4.58,0.08,0.53,17.93,-0.95,-0.00,0.31,0.59,0.80,0.86
16:48,1008,4.54,0.09,0.52,17.69,-0.95,-0.00,0.30,0.60,0.80,0.86
16:49,1009,4.50,0.10,0.52,17.44,-0.95,-0.00,0.30,0.61,0.80,0.85
16:50,1010,4.46,0.11,0.51,17.20,-0.96,-0.00,0.30,0.62,0.80,0.85
16:51,1011,4.41,0.12,0.50,16.95,-0.96,-0.00,0.29,0.62,0.80,0.84
16:52,1012,4.37,0.13,0.49,16.71,-0.96,-0.00,0.29,0.63,0.80,0.83
16:53,1013,4.32,0.14,0.48,16.46,-0.96,-0.00,0.28,0.64,0.80,0.83
16:54,1014,4.28,0.14,0.47,16.22,-0.96,-0.00,0.28,0.65,0.80,0.82
16:55,1015,4.23,0.15,0.46,15.97,-0.96,-0.00,0.28,0.65,0.80,0.81
16:56,1016,4.19,0.16,0.45,15.73,-0.96,-0.00,0.27,0.66,0.80,0.81
16:57,1017,4.14,0.17,0.44,15.48,-0.96,-0.00,0.27,0.67,0.79,0.80
16:58,1018,4.09,0.18,0.43,15.23,-0.96,-0.00,0.26,0.68,0.79,0.79
16:59,1019,4.05,0.19,0.42,14.99,-0.97,-0.00,0.26,0.68,0.79,0.79
17:00,1020,4.00,0.20,0.41,14.74,-0.97,-0.00,0.25,0.69,0.79,0.78
17:01,1021,3.95,0.21,0.40,14.50,-0.97,-0.00,0.25,0.70,0.79,0.77
17:02,1022,3.90,0.22,0.39,14.25,-0.97,-0.00,0.25,0.71,0.79,0.77
17:03,1023,3.86,0.23,0.38,14.01,-0.97,-0.00,0.24,0.71,0.79,0.76
17:04,1024,3.81,0.24,0.37,13.76,-0.97,-0.00,0.24,0.72,0.79,0.75
17:05,1025,3.76,0.25,0.36,13.52,-0.97,-0.00,0.23,0.73,0.79,0.75
17:06,1026,3.71,0.26,0.35,13.27,-0.97,-0.00,0.23,0.74,0.79,0.74
17:07,1027,3.66,0.27,0.35,13.02,-0.97,-0.00,0.23,0.74,0.79,0.73
17:08,1028,3.61,0.28,0.34,12.78,-0.98,-0.00,0.22,0.75,0.79,0.73
17:09,1029,3.56,0.29,0.33,12.53,-0.98,-0.00,0.22,0.76,0.79,0.72
17:10,1030,3.51,0.30,0.32,12.29,-0.98,-0.00,0.21,0.77,0.78,0.71
17:11,1031,3.45,0.31,0.31,12.04,-0.98,-0.00,0.21,0.77,0.78,0.71
17:12,1032,3.40,0.32,0.30,11.80,-0.98,-0.00,0.20,0.78,0.78,0.70
17:13,1033,3.35,0.33,0.29,11.55,-0.98,-0.00,0.20,0.79,0.78,0.69
17:14,1034,3.30,0.34,0.28,11.30,-0.98,-0.00,0.20,0.80,0.78,0.69
17:15,1035,3.25,0.35,0.27,11.06,-0.98,-0.00,0.19,0.80,0.78,0.68
17:16,1036,3.20,0.36,0.26,10.81,-0.98,-0.00,0.19,0.81,0.78,0.68
17:17,1037,3.14,0.37,0.26,10.57,-0.98,-0.00,0.18,0.82,0.78,0.67
17:18,1038,3.09,0.38,0.25,10.32,-0.98,-0.00,0.18,0.83,0.78,0.66
17:19,1039,3.04,0.39,0.24,10.08,-0.98,-0.00,0.17,0.83,0.78,0.66
17:20,1040,2.99,0.40,0.23,9.83,-0.99,-0.00,0.17,0.84,0.78,0.65
17:21,1041,2.93,0.41,0.22,9.59,-0.99,-0.00,0.17,0.85,0.78,0.64
17:22,1042,2.88,0.42,0.21,9.34,-0.99,-0.00,0.16,0.86,0.77,0.64
17:23,1043,2.83,0.43,0.21,9.09,-0.99,-0.00,0.16,0.86,0.77,0.63
17:24,1044,2.78,0.44,0.20,8.85,-0.99,-0.00,0.15,0.87,0.77,0.62
17:25,1045,2.72,0.46,0.19,8.60,-0.99,-0.00,0.15,0.88,0.77,0.62
17:26,1046,2.67,0.47,0.18,8.36,-0.99,-0.00,0.15,0.89,0.77,0.61
17:27,1047,2.62,0.48,0.17,8.11,-0.99,-0.00,0.14,0.89,0.77,0.60
17:28,1048,2.56,0.49,0.17,7.87,-0.99,-0.00,0.14,0.90,0.77,0.60
17:29,1049,2.51,0.50,0.16,7.62,-0.99,-0.00,0.13,0.91,0.77,0.59
17:30,1050,2.46,0.51,0.15,7.37,-0.99,-0.00,0.13,0.92,0.77,0.58
17:31,1051,2.41,0.52,0.15,7.13,-0.99,-0.00,0.12,0.92,0.77,0.58
17:32,1052,2.35,0.53,0.14,6.88,-0.99,-0.00,0.12,0.93,0.77,0.57
17:33,1053,2.30,0.54,0.13,6.64,-0.99,-0.00,0.12,0.94,0.77,0.56
17:34,1054,2.25,0.55,0.13,6.39,-0.99,-0.00,0.11,0.95,0.76,0.56
17:35,1055,2.20,0.56,0.12,6.14,-0.99,-0.00,0.11,0.95,0.76,0.55
17:36,1056,2.15,0.57,0.12,5.90,-0.99,-0.00,0.10,0.96,0.76,0.54
17:37,1057,2.10,0.58,0.11,5.65,-1.00,-0.00,0.10,0.97,0.76,0.54
17:38,1058,2.04,0.59,0.10,5.41,-1.00,-0.00,0.09,0.98,0.76,0.53
17:39,1059,1.99,0.60,0.10,5.16,-1.00,-0.00,0.09,0.99,0.76,0.52
17:40,1060,1.94,0.61,0.09,4.92,-1.00,-0.00,0.09,0.98,0.75,0.52
17:41,1061,1.89,0.62,0.09,4.67,-1.00,-0.00,0.08,0.93,0.72,0.51
17:42,1062,1.84,0.63,0.08,4.42,-1.00,-0.00,0.08,0.89,0.68,0.51
17:43,1063,1.79,0.64,0.08,4.18,-1.00,-0.00,0.07,0.84,0.65,0.51
17:44,1064,1.74,0.65,0.07,3.93,-1.00,-0.00,0.07,0.80,0.62,0.50
17:45,1065,1.69,0.66,0.07,3.69,-1.00,-0.00,0.06,0.76,0.59,0.50
17:46,1066,1.64,0.67,0.07,3.44,-1.00,-0.00,0.06,0.71,0.55,0.50
17:47,1067,1.59,0.68,0.06,3.20,-1.00,-0.00,0.06,0.67,0.52,0.49
17:48,1068,1.55,0.69,0.06,2.95,-1.00,-0.00,0.05,0.63,0.49,0.49
17:49,1069,1.50,0.70,0.05,2.70,-1.00,-0.00,0.05,0.58,0.46,0.48
17:50,1070,1.45,0.71,0.05,2.46,-1.00,-0.00,0.04,0.54,0.42,0.48
17:51,1071,1.40,0.72,0.05,2.21,-1.00,-0.00,0.04,0.49,0.39,0.48
17:52,1072,1.36,0.73,0.04,1.97,-1.00,-0.00,0.03,0.45,0.36,0.47
17:53,1073,1.31,0.74,0.04,1.72,-1.00,-0.00,0.03,0.41,0.33,0.47
17:54,1074,1.26,0.75,0.04,1.47,-1.00,-0.00,0.03,0.36,0.29,0.46
17:55,1075,1.22,0.76,0.04,1.23,-1.00,-0.00,0.02,0.32,0.26,0.46
17:56,1076,1.17,0.77,0.03,0.98,-1.00,-0.00,0.02,0.28,0.23,0.46
17:57,1077,1.13,0.77,0.03,0.74,-1.00,-0.00,0.01,0.23,0.20,0.45
17:58,1078,1.09,0.78,0.03,0.49,-1.00,-0.00,0.01,0.19,0.16,0.45
17:59,1079,1.04,0.79,0.03,0.25,-1.00,-0.00,0.00,0.14,0.13,0.44
18:00,1080,1.00,0.80,0.02,0.00,-1.00,-0.00,0.00,0.10,0.10,0.44
18:01,1081,0.96,0.81,0.02,-0.25,-1.00,-0.00,-0.00,0.10,0.10,0.44
18:02,1082,0.92,0.82,0.02,-0.49,-1.00,-0.00,-0.01,0.10,0.10,0.44
18:03,1083,0.88,0.82,0.02,-0.74,-1.00,-0.00,-0.01,0.10,0.10,0.44
18:04,1084,0.84,0.83,0.02,-0.98,-1.00,-0.00,-0.02,0.10,0.10,0.44
18:05,1085,0.80,0.84,0.02,-1.23,-1.00,-0.00,-0.02,0.10,0.10,0.44
18:06,1086,0.76,0.85,0.01,-1.47,-1.00,-0.00,-0.03,0.10,0.10,0.44
18:07,1087,0.72,0.86,0.01,-1.72,-1.00,-0.00,-0.03,0.10,0.10,0.44
18:08,1088,0.68,0.86,0.01,-1.97,-1.00,-0.00,-0.03,0.10,0.10,0.44
18:09,1089,0.64,0.87,0.01,-2.21,-1.00,-0.00,-0.04,0.10,0.10,0.44
18:10,1090,0.60,0.88,0.01,-2.46,-1.00,-0.00,-0.04,0.10,0.10,0.44
18:11,1091,0.57,0.89,0.01,-2.70,-1.00,-0.00,-0.05,0.10,0.10,0.44
18:12,1092,0.53,0.89,0.01,-2.95,-1.00,-0.00,-0.05,0.10,0.10,0.44
18:13,1093,0.49,0.90,0.01,-3.20,-1.00,-0.00,-0.06,0.10,0.10,0.44
18:14,1094,0.46,0.91,0.01,-3.44,-1.00,-0.00,-0.06,0.10,0.10,0.44
18:15,1095,0.42,0.92,0.01,-3.69,-1.00,-0.00,-0.06,0.10,0.10,0.44
18:16,1096,0.39,0.92,0.01,-3.93,-1.00,-0.00,-0.07,0.10,0.10,0.44
18:17,1097,0.35,0.93,0.00,-4.18,-1.00,-0.00,-0.07,0.10,0.10,0.44
18:18,1098,0.32,0.94,0.00,-4.42,-1.00,-0.00,-0.08,0.10,0.10,0.44
18:19,1099,0.29,0.94,0.00,-4.67,-1.00,-0.00,-0.08,0.10,0.10,0.44
18:20,1100,0.25,0.95,0.00,-4.92,-1.00,-0.00,-0.09,0.10,0.10,0.44
18:21,1101,0.22,0.96,0.00,-5.16,-1.00,-0.00,-0.09,0.10,0.10,0.44
18:22,1102,0.19,0.96,0.00,-5.41,-1.00,-0.00,-0.09,0.10,0.10,0.44
18:23,1103,0.15,0.97,0.00,-5.65,-1.00,-0.00,-0.10,0.10,0.10,0.44
18:24,1104,0.12,0.98,0.00,-5.90,-0.99,-0.00,-0.10,0.10,0.10,0.44
18:25,1105,0.09,0.98,0.00,-6.14,-0.99,-0.00,-0.11,0.10,0.10,0.44
18:26,1106,0.06,0.99,0.00,-6.39,-0.99,-0.00,-0.11,0.10,0.10,0.44
18:27,1107,0.02,1.00,0.00,-6.64,-0.99,-0.00,-0.12,0.10,0.10,0.44
18:28,1108,-0.01,1.00,0.00,-6.88,-0.99,-0.00,-0.12,0.10,0.10,0.44
18:29,1109,-0.04,1.00,0.00,-7.13,-0.99,-0.00,-0.12,0.10,0.10,0.44
18:30,1110,-0.07,1.00,0.00,-7.37,-0.99,-0.00,-0.13,0.10,0.10,0.44
18:31,1111,-0.10,1.00,0.00,-7.62,-0.99,-0.00,-0.13,0.10,0.10,0.44
18:32,1112,-0.13,1.00,0.00,-7.87,-0.99,-0.00,-0.14,0.10,0.10,0.44
18:33,1113,-0.16,1.00,0.00,-8.11,-0.99,-0.00,-0.14,0.10,0.10,0.44
18:34,1114,-0.19,1.00,0.00,-8.36,-0.99,-0.00,-0.15,0.10,0.10,0.44
18:35,1115,-0.22,1.00,0.00,-8.60,-0.99,-0.00,-0.15,0.10,0.10,0.44
18:36,1116,-0.25,1.00,0.00,-8.85,-0.99,-0.00,-0.15,0.10,0.10,0.44
18:37,1117,-0.29,1.00,0.00,-9.09,-0.99,-0.00,-0.16,0.10,0.10,0.44
18:38,1118,-0.32,1.00,0.00,-9.34,-0.99,-0.00,-0.16,0.10,0.10,0.44
18:39,1119,-0.35,1.00,0.00,-9.59,-0.99,-0.00,-0.17,0.10,0.10,0.44
18:40,1120,-0.38,1.00,0.00,-9.83,-0.99,-0.00,-0.17,0.10,0.10,0.44
18:41,1121,-0.41,1.00,0.00,-10.08,-0.98,-0.00,-0.17,0.10,0.10,0.44
18:42,1122,-0.44,1.00,0.00,-10.32,-0.98,-0.00,-0.18,0.10,0.10,0.44
18:43,1123,-0.47,1.00,0.00,-10.57,-0.98,-0.00,-0.18,0.10,0.10,0.44
18:44,1124,-0.50,1.00,0.00,-10.81,-0.98,-0.00,-0.19,0.10,0.10,0.44
18:45,1125,-0.53,1.00,0.00,-11.06,-0.98,-0.00,-0.19,0.10,0.10,0.44
18:46,1126,-0.56,1.00,0.00,-11.30,-0.98,-0.00,-0.20,0.10,0.10,0.44
18:47,1127,-0.59,1.00,0.00,-11.55,-0.98,-0.00,-0.20,0.10,0.10,0.44
18:48,1128,-0.62,1.00,0.00,-11.80,-0.98,-0.00,-0.20,0.10,0.10,0.44
18:49,1129,-0.65,1.00,0.00,-12.04,-0.98,-0.00,-0.21,0.10,0.10,0.44
18:50,1130,-0.68,1.00,0.00,-12.29,-0.98,-0.00,-0.21,0.10,0.10,0.44
18:51,1131,-0.71,1.00,0.00,-12.53,-0.98,-0.00,-0.22,0.10,0.10,0.44
18:52,1132,-0.74,1.00,0.00,-12.78,-0.98,-0.00,-0.22,0.10,0.10,0.44
18:53,1133,-0.77,1.00,0.00,-13.02,-0.97,-0.00,-0.23,0.10,0.10,0.44
18:54,1134,-0.81,1.00,0.00,-13.27,-0.97,-0.00,-0.23,0.10,0.10,0.44
18:55,1135,-0.84,1.00,0.00,-13.52,-0.97,-0.00,-0.23,0.10,0.10,0.44
18:56,1136,-0.87,1.00,0.00,-13.76,-0.97,-0.00,-0.24,0.10,0.10,0.44
18:57,1137,-0.90,1.00,0.00,-14.01,-0.97,-0.00,-0.24,0.10,0.10,0.44
18:58,1138,-0.93,1.00,0.00,-14.25,-0.97,-0.00,-0.25,0.10,0.10,0.44
18:59,1139,-0.97,1.00,0.00,-14.50,-0.97,-0.00,-0.25,0.10,0.10,0.44
19:00,1140,-1.00,1.00,0.00,-14.74,-0.97,-0.00,-0.25,0.10,0.10,0.44
19:01,1141,-1.03,1.00,0.00,-14.99,-0.97,-0.00,-0.26,0.10,0.10,0.44
19:02,1142,-1.07,1.00,0.00,-15.23,-0.96,-0.00,-0.26,0.10,0.10,0.44
19:03,1143,-1.10,1.00,0.00,-15.48,-0.96,-0.00,-0.27,0.10,0.10,0.44
19:04,1144,-1.13,1.00,0.00,-15.73,-0.96,-0.00,-0.27,0.10,0.10,0.44
19:05,1145,-1.17,1.00,0.00,-15.97,-0.96,-0.00,-0.28,0.10,0.10,0.44
19:06,1146,-1.20,1.00,0.00,-16.22,-0.96,-0.00,-0.28,0.10,0.10,0.44
19:07,1147,-1.24,1.00,0.00,-16.46,-0.96,-0.00,-0.28,0.10,0.10,0.44
19:08,1148,-1.27,1.00,0.00,-16.71,-0.96,-0.00,-0.29,0.10,0.10,0.44
19:09,1149,-1.31,1.00,0.00,-16.95,-0.96,-0.00,-0.29,0.10,0.10,0.44
19:10,1150,-1.34,1.00,0.00,-17.20,-0.96,-0.00,-0.30,0.10,0.10,0.44
19:11,1151,-1.38,1.00,0.00,-17.44,-0.95,-0.00,-0.30,0.10,0.10,0.44
19:12,1152,-1.41,1.00,0.00,-17.69,-0.95,-0.00,-0.30,0.10,0.10,0.44
19:13,1153,-1.45,1.00,0.00,-17.93,-0.95,-0.00,-0.31,0.10,0.10,0.44
19:14,1154,-1.48,1.00,0.00,-18.18,-0.95,-0.00,-0.31,0.10,0.10,0.44
19:15,1155,-1.52,1.00,0.00,-18.42,-0.95,-0.00,-0.32,0.10,0.10,0.44
19:16,1156,-1.55,1.00,0.00,-18.67,-0.95,-0.00,-0.32,0.10,0.10,0.44
19:17,1157,-1.59,1.00,0.00,-18.92,-0.95,-0.00,-0.32,0.10,0.10,0.44
19:18,1158,-1.63,1.00,0.00,-19.16,-0.94,-0.00,-0.33,0.10,0.10,0.44
19:19,1159,-1.66,1.00,0.00,-19.41,-0.94,-0.00,-0.33,0.10,0.10,0.44
19:20,1160,-1.70,1.00,0.00,-19.65,-0.94,-0.00,-0.34,0.10,0.10,0.44
19:21,1161,-1.73,1.00,0.00,-19.90,-0.94,-0.00,-0.34,0.10,0.10,0.44
19:22,1162,-1.77,1.00,0.00,-20.14,-0.94,-0.00,-0.34,0.10,0.10,0.44
19:23,1163,-1.81,1.00,0.00,-20.39,-0.94,-0.00,-0.35,0.10,0.10,0.44
19:24,1164,-1.84,1.00,0.00,-20.63,-0.94,-0.00,-0.35,0.10,0.10,0.44
19:25,1165,-1.88,1.00,0.00,-20.88,-0.93,-0.00,-0.36,0.10,0.10,0.44
19:26,1166,-1.91,1.00,0.00,-21.12,-0.93,-0.00,-0.36,0.10,0.10,0.44
19:27,1167,-1.95,1.00,0.00,-21.37,-0.93,-0.00,-0.36,0.10,0.10,0.44
19:28,1168,-1.98,1.00,0.00,-21.61,-0.93,-0.00,-0.37,0.10,0.10,0.44
19:29,1169,-2.02,1.00,0.00,-21.86,-0.93,-0.00,-0.37,0.10,0.10,0.44
19:30,1170,-2.05,1.00,0.00,-22.10,-0.93,-0.00,-0.38,0.10,0.10,0.44
19:31,1171,-2.09,1.00,0.00,-22.35,-0.92,-0.00,-0.38,0.10,0.10,0.44
19:32,1172,-2.13,1.00,0.00,-22.59,-0.92,-0.00,-0.38,0.10,0.10,0.44
19:33,1173,-2.16,1.00,0.00,-22.84,-0.92,-0.00,-0.39,0.10,0.10,0.44
19:34,1174,-2.19,1.00,0.00,-23.08,-0.92,-0.00,-0.39,0.10,0.10,0.44
19:35,1175,-2.23,1.00,0.00,-23.33,-0.92,-0.00,-0.40,0.10,0.10,0.44
19:36,1176,-2.26,1.00,0.00,-23.57,-0.92,-0.00,-0.40,0.10,0.10,0.44
19:37,1177,-2.30,1.00,0.00,-23.82,-0.91,-0.00,-0.40,0.10,0.10,0.44
19:38,1178,-2.33,1.00,0.00,-24.06,-0.91,-0.00,-0.41,0.10,0.10,0.44
19:39,1179,-2.37,1.00,0.00,-24.31,-0.91,-0.00,-0.41,0.10,0.10,0.44
19:40,1180,-2.40,1.00,0.00,-24.55,-0.91,-0.00,-0.42,0.10,0.10,0.44
19:41,1181,-2.43,1.00,0.00,-24.80,-0.91,-0.00,-0.42,0.10,0.10,0.44
19:42,1182,-2.47,1.00,0.00,-25.04,-0.91,-0.00,-0.42,0.10,0.10,0.44
19:43,1183,-2.50,1.00,0.00,-25.29,-0.90,-0.00,-0.43,0.10,0.10,0.44
19:44,1184,-2.53,1.00,0.00,-25.53,-0.90,-0.00,-0.43,0.10,0.10,0.44
19:45,1185,-2.56,1.00,0.00,-25.78,-0.90,-0.00,-0.43,0.10,0.10,0.44
19:46,1186,-2.60,1.00,0.00,-26.02,-0.90,-0.00,-0.44,0.10,0.10,0.44
19:47,1187,-2.63,1.00,0.00,-26.27,-0.90,-0.00,-0.44,0.10,0.10,0.44
19:48,1188,-2.66,1.00,0.00,-26.51,-0.89,-0.00,-0.45,0.10,0.10,0.44
19:49,1189,-2.69,1.00,0.00,-26.76,-0.89,-0.00,-0.45,0.10,0.10,0.44
19:50,1190,-2.72,1.00,0.00,-27.00,-0.89,-0.00,-0.45,0.10,0.10,0.44
19:51,1191,-2.75,1.00,0.00,-27.25,-0.89,-0.00,-0.46,0.10,0.10,0.44
19:52,1192,-2.78,1.00,0.00,-27.49,-0.89,-0.00,-0.46,0.10,0.10,0.44
19:53,1193,-2.81,1.00,0.00,-27.74,-0.89,-0.00,-0.47,0.10,0.10,0.44
19:54,1194,-2.84,1.00,0.00,-27.98,-0.88,-0.00,-0.47,0.10,0.10,0.44
19:55,1195,-2.87,1.00,0.00,-28.22,-0.88,-0.00,-0.47,0.10,0.10,0.44
19:56,1196,-2.89,1.00,0.00,-28.47,-0.88,-0.00,-0.48,0.10,0.10,0.44
19:57,1197,-2.92,1.00,0.00,-28.71,-0.88,-0.00,-0.48,0.10,0.10,0.44
19:58,1198,-2.95,1.00,0.00,-28.96,-0.87,-0.00,-0.48,0.10,0.10,0.44
19:59,1199,-2.97,1.00,0.00,-29.20,-0.87,-0.00,-0.49,0.10,0.10,0.44
20:00,1200,-3.00,1.00,0.00,-29.45,-0.87,-0.00,-0.49,0.10,0.10,0.44
20:01,1201,-3.03,1.00,0.00,-29.69,-0.87,-0.00,-0.50,0.10,0.10,0.44
20:02,1202,-3.05,1.00,0.00,-29.94,-0.87,-0.00,-0.50,0.10,0.10,0.44
20:03,1203,-3.07,1.00,0.00,-30.18,-0.86,-0.00,-0.50,0.10,0.10,0.44
20:04,1204,-3.10,1.00,0.00,-30.43,-0.86,-0.00,-0.51,0.10,0.10,0.44
20:05,1205,-3.12,1.00,0.00,-30.67,-0.86,-0.00,-0.51,0.10,0.10,0.44
20:06,1206,-3.15,1.00,0.00,-30.91,-0.86,-0.00,-0.51,0.10,0.10,0.44
20:07,1207,-3.17,1.00,0.00,-31.16,-0.86,-0.00,-0.52,0.10,0.10,0.44
20:08,1208,-3.19,1.00,0.00,-31.40,-0.85,-0.00,-0.52,0.10,0.10,0.44
20:09,1209,-3.21,1.00,0.00,-31.65,-0.85,-0.00,-0.52,0.10,0.10,0.44
20:10,1210,-3.23,1.00,0.00,-31.89,-0.85,-0.00,-0.53,0.10,0.10,0.44
20:11,1211,-3.25,1.00,0.00,-32.13,-0.85,-0.00,-0.53,0.10,0.10,0.44
20:12,1212,-3.27,1.00,0.00,-32.38,-0.84,-0.00,-0.54,0.10,0.10,0.44
20:13,1213,-3.29,1.00,0.00,-32.62,-0.84,-0.00,-0.54,0.10,0.10,0.44
20:14,1214,-3.31,1.00,0.00,-32.87,-0.84,-0.00,-0.54,0.10,0.10,0.44
20:15,1215,-3.33,1.00,0.00,-33.11,-0.84,-0.00,-0.55,0.10,0.10,0.44
20:16,1216,-3.35,1.00,0.00,-33.36,-0.84,-0.00,-0.55,0.10,0.10,0.44
20:17,1217,-3.37,1.00,0.00,-33.60,-0.83,-0.00,-0.55,0.10,0.10,0.44
20:18,1218,-3.39,1.00,0.00,-33.84,-0.83,-0.00,-0.56,0.10,0.10,0.44
20:19,1219,-3.41,1.00,0.00,-34.09,-0.83,-0.00,-0.56,0.10,0.10,0.44
20:20,1220,-3.42,1.00,0.00,-34.33,-0.83,-0.00,-0.56,0.10,0.10,0.44
20:21,1221,-3.44,1.00,0.00,-34.57,-0.82,-0.00,-0.57,0.10,0.10,0.44
20:22,1222,-3.46,1.00,0.00,-34.82,-0.82,-0.00,-0.57,0.10,0.10,0.44
20:23,1223,-3.48,1.00,0.00,-35.06,-0.82,-0.00,-0.57,0.10,0.10,0.44
20:24,1224,-3.49,1.00,0.00,-35.31,-0.82,-0.00,-0.58,0.10,0.10,0.44
20:25,1225,-3.51,1.00,0.00,-35.55,-0.81,-0.00,-0.58,0.10,0.10,0.44
20:26,1226,-3.52,1.00,0.00,-35.79,-0.81,-0.00,-0.58,0.10,0.10,0.44
20:27,1227,-3.54,1.00,0.00,-36.04,-0.81,-0.00,-0.59,0.10,0.10,0.44
20:28,1228,-3.56,1.00,0.00,-36.28,-0.81,-0.00,-0.59,0.10,0.10,0.44
20:29,1229,-3.57,1.00,0.00,-36.52,-0.80,-0.00,-0.60,0.10,0.10,0.44
20:30,1230,-3.59,1.00,0.00,-36.77,-0.80,-0.00,-0.60,0.10,0.10,0.44
20:31,1231,-3.60,1.00,0.00,-37.01,-0.80,-0.00,-0.60,0.10,0.10,0.44
20:32,1232,-3.62,1.00,0.00,-37.25,-0.80,-0.00,-0.61,0.10,0.10,0.44
20:33,1233,-3.63,1.00,0.00,-37.50,-0.79,-0.00,-0.61,0.10,0.10,0.44
20:34,1234,-3.64,1.00,0.00,-37.74,-0.79,-0.00,-0.61,0.10,0.10,0.44
20:35,1235,-3.66,1.00,0.00,-37.98,-0.79,-0.00,-0.62,0.10,0.10,0.44
20:36,1236,-3.67,1.00,0.00,-38.23,-0.79,-0.00,-0.62,0.10,0.10,0.44
20:37,1237,-3.69,1.00,0.00,-38.47,-0.78,-0.00,-0.62,0.10,0.10,0.44
20:38,1238,-3.70,1.00,0.00,-38.71,-0.78,-0.00,-0.63,0.10,0.10,0.44
20:39,1239,-3.71,1.00,0.00,-38.96,-0.78,-0.00,-0.63,0.10,0.10,0.44
20:40,1240,-3.73,1.00,0.00,-39.20,-0.77,-0.00,-0.63,0.10,0.10,0.44
20:41,1241,-3.74,1.00,0.00,-39.44,-0.77,-0.00,-0.64,0.10,0.10,0.44
20:42,1242,-3.76,1.00,0.00,-39.69,-0.77,-0.00,-0.64,0.10,0.10,0.44
20:43,1243,-3.77,1.00,0.00,-39.93,-0.77,-0.00,-0.64,0.10,0.10,0.44
20:44,1244,-3.78,1.00,0.00,-40.17,-0.76,-0.00,-0.65,0.10,0.10,0.44
20:45,1245,-3.80,1.00,0.00,-40.41,-0.76,-0.00,-0.65,0.10,0.10,0.44
20:46,1246,-3.81,1.00,0.00,-40.66,-0.76,-0.00,-0.65,0.10,0.10,0.44
20:47,1247,-3.82,1.00,0.00,-40.90,-0.76,-0.00,-0.65,0.10,0.10,0.44
20:48,1248,-3.84,1.00,0.00,-41.14,-0.75,-0.00,-0.66,0.10,0.10,0.44
20:49,1249,-3.85,1.00,0.00,-41.38,-0.75,-0.00,-0.66,0.10,0.10,0.44
20:50,1250,-3.86,1.00,0.00,-41.63,-0.75,-0.00,-0.66,0.10,0.10,0.44
20:51,1251,-3.88,1.00,0.00,-41.87,-0.74,-0.00,-0.67,0.10,0.10,0.44
20:52,1252,-3.89,1.00,0.00,-42.11,-0.74,-0.00,-0.67,0.10,0.10,0.44
20:53,1253,-3.90,1.00,0.00,-42.35,-0.74,-0.00,-0.67,0.10,0.10,0.44
20:54,1254,-3.92,1.00,0.00,-42.60,-0.74,-0.00,-0.68,0.10,0.10,0.44
20:55,1255,-3.93,1.00,0.00,-42.84,-0.73,-0.00,-0.68,0.10,0.10,0.44
20:56,1256,-3.94,1.00,0.00,-43.08,-0.73,-0.00,-0.68,0.10,0.10,0.44
20:57,1257,-3.96,1.00,0.00,-43.32,-0.73,-0.00,-0.69,0.10,0.10,0.44
20:58,1258,-3.97,1.00,0.00,-43.56,-0.72,-0.00,-0.69,0.10,0.10,0.44
20:59,1259,-3.99,1.00,0.00,-43.81,-0.72,-0.00,-0.69,0.10,0.10,0.44
21:00,1260,-4.00,1.00,0.00,-44.05,-0.72,-0.00,-0.70,0.10,0.10,0.44
21:01,1261,-4.01,1.00,0.00,-44.29,-0.72,-0.00,-0.70,0.10,0.10,0.44
21:02,1262,-4.03,1.00,0.00,-44.53,-0.71,-0.00,-0.70,0.10,0.10,0.44
21:03,1263,-4.04,1.00,0.00,-44.77,-0.71,-0.00,-0.70,0.10,0.10,0.44
21:04,1264,-4.06,1.00,0.00,-45.02,-0.71,-0.00,-0.71,0.10,0.10,0.44
21:05,1265,-4.07,1.00,0.00,-45.26,-0.70,-0.00,-0.71,0.10,0.10,0.44
21:06,1266,-4.09,1.00,0.00,-45.50,-0.70,-0.00,-0.71,0.10,0.10,0.44
21:07,1267,-4.10,1.00,0.00,-45.74,-0.70,-0.00,-0.72,0.10,0.10,0.44
21:08,1268,-4.12,1.00,0.00,-45.98,-0.69,-0.00,-0.72,0.10,0.10,0.44
21:09,1269,-4.13,1.00,0.00,-46.22,-0.69,-0.00,-0.72,0.10,0.10,0.44
21:10,1270,-4.15,1.00,0.00,-46.46,-0.69,-0.00,-0.72,0.10,0.10,0.44
21:11,1271,-4.16,1.00,0.00,-46.70,-0.69,-0.00,-0.73,0.10,0.10,0.44
21:12,1272,-4.18,1.00,0.00,-46.95,-0.68,-0.00,-0.73,0.10,0.10,0.44
21:13,1273,-4.20,1.00,0.00,-47.19,-0.68,-0.00,-0.73,0.10,0.10,0.44
21:14,1274,-4.21,1.00,0.00,-47.43,-0.68,-0.00,-0.74,0.10,0.10,0.44
21:15,1275,-4.23,1.00,0.00,-47.67,-0.67,-0.00,-0.74,0.10,0.10,0.44
21:16,1276,-4.24,1.00,0.00,-47.91,-0.67,-0.00,-0.74,0.10,0.10,0.44
21:17,1277,-4.26,1.00,0.00,-48.15,-0.67,-0.00,-0.74,0.10,0.10,0.44
21:18,1278,-4.28,1.00,0.00,-48.39,-0.66,-0.00,-0.75,0.10,0.10,0.44
21:19,1279,-4.29,1.00,0.00,-48.63,-0.66,-0.00,-0.75,0.10,0.10,0.44
21:20,1280,-4.31,1.00,0.00,-48.87,-0.66,-0.00,-0.75,0.10,0.10,0.44
21:21,1281,-4.33,1.00,0.00,-49.11,-0.65,-0.00,-0.76,0.10,0.10,0.44
21:22,1282,-4.34,1.00,0.00,-49.35,-0.65,-0.00,-0.76,0.10,0.10,0.44
21:23,1283,-4.36,1.00,0.00,-49.59,-0.65,-0.00,-0.76,0.10,0.10,0.44
21:24,1284,-4.38,1.00,0.00,-49.83,-0.65,-0.00,-0.76,0.10,0.10,0.44
21:25,1285,-4.39,1.00,0.00,-50.07,-0.64,-0.00,-0.77,0.10,0.10,0.44
21:26,1286,-4.41,1.00,0.00,-50.31,-0.64,-0.00,-0.77,0.10,0.10,0.44
21:27,1287,-4.43,1.00,0.00,-50.55,-0.64,-0.00,-0.77,0.10,0.10,0.44
21:28,1288,-4.44,1.00,0.00,-50.79,-0.63,-0.00,-0.77,0.10,0.10,0.44
21:29,1289,-4.46,1.00,0.00,-51.03,-0.63,-0.00,-0.78,0.10,0.10,0.44
21:30,1290,-4.48,1.00,0.00,-51.27,-0.63,-0.00,-0.78,0.10,0.10,0.44
21:31,1291,-4.49,1.00,0.00,-51.51,-0.62,-0.00,-0.78,0.10,0.10,0.44
21:32,1292,-4.51,1.00,0.00,-51.74,-0.62,-0.00,-0.79,0.10,0.10,0.44
21:33,1293,-4.53,1.00,0.00,-51.98,-0.62,-0.00,-0.79,0.10,0.10,0.44
21:34,1294,-4.55,1.00,0.00,-52.22,-0.61,-0.00,-0.79,0.10,0.10,0.44
21:35,1295,-4.56,1.00,0.00,-52.46,-0.61,-0.00,-0.79,0.10,0.10,0.44
21:36,1296,-4.58,1.00,0.00,-52.70,-0.61,-0.00,-0.80,0.10,0.10,0.44
21:37,1297,-4.60,1.00,0.00,-52.94,-0.60,-0.00,-0.80,0.10,0.10,0.44
21:38,1298,-4.61,1.00,0.00,-53.18,-0.60,-0.00,-0.80,0.10,0.10,0.44
21:39,1299,-4.63,1.00,0.00,-53.41,-0.60,-0.00,-0.80,0.10,0.10,0.44
21:40,1300,-4.65,1.00,0.00,-53.65,-0.59,-0.00,-0.81,0.10,0.10,0.44
21:41,1301,-4.67,1.00,0.00,-53.89,-0.59,-0.00,-0.81,0.10,0.10,0.44
21:42,1302,-4.68,1.00,0.00,-54.13,-0.59,-0.00,-0.81,0.10,0.10,0.44
21:43,1303,-4.70,1.00,0.00,-54.37,-0.58,-0.00,-0.81,0.10,0.10,0.44
21:44,1304,-4.72,1.00,0.00,-54.60,-0.58,-0.00,-0.82,0.10,0.10,0.44
21:45,1305,-4.74,1.00,0.00,-54.84,-0.58,-0.00,-0.82,0.10,0.10,0.44
21:46,1306,-4.75,1.00,0.00,-55.08,-0.57,-0.00,-0.82,0.10,0.10,0.44
21:47,1307,-4.77,1.00,0.00,-55.31,-0.57,-0.00,-0.82,0.10,0.10,0.44
21:48,1308,-4.79,1.00,0.00,-55.55,-0.57,-0.00,-0.82,0.10,0.10,0.44
21:49,1309,-4.81,1.00,0.00,-55.79,-0.56,-0.00,-0.83,0.10,0.10,0.44
21:50,1310,-4.83,1.00,0.00,-56.02,-0.56,-0.00,-0.83,0.10,0.10,0.44
21:51,1311,-4.84,1.00,0.00,-56.26,-0.56,-0.00,-0.83,0.10,0.10,0.44
21:52,1312,-4.86,1.00,0.00,-56.50,-0.55,-0.00,-0.83,0.10,0.10,0.44
21:53,1313,-4.88,1.00,0.00,-56.73,-0.55,-0.00,-0.84,0.10,0.10,0.44
21:54,1314,-4.90,1.00,0.00,-56.97,-0.55,-0.00,-0.84,0.10,0.10,0.44
21:55,1315,-4.91,1.00,0.00,-57.20,-0.54,-0.00,-0.84,0.10,0.10,0.44
21:56,1316,-4.93,1.00,0.00,-57.44,-0.54,-0.00,-0.84,0.10,0.10,0.44
21:57,1317,-4.95,1.00,0.00,-57.67,-0.53,-0.00,-0.85,0.10,0.10,0.44
21:58,1318,-4.97,1.00,0.00,-57.91,-0.53,-0.00,-0.85,0.10,0.10,0.44
21:59,1319,-4.98,1.00,0.00,-58.14,-0.53,-0.00,-0.85,0.10,0.10,0.44
22:00,1320,-5.00,1.00,0.00,-58.38,-0.52,-0.00,-0.85,0.10,0.10,0.44
22:01,1321,-5.02,1.00,0.00,-58.61,-0.52,-0.00,-0.85,0.10,0.10,0.44
22:02,1322,-5.03,1.00,0.00,-58.85,-0.52,-0.00,-0.86,0.10,0.10,0.44
22:03,1323,-5.05,1.00,0.00,-59.08,-0.51,-0.00,-0.86,0.10,0.10,0.44
22:04,1324,-5.07,1.00,0.00,-59.31,-0.51,-0.00,-0.86,0.10,0.10,0.44
22:05,1325,-5.09,1.00,0.00,-59.55,-0.51,-0.00,-0.86,0.10,0.10,0.44
22:06,1326,-5.10,1.00,0.00,-59.78,-0.50,-0.00,-0.86,0.10,0.10,0.44
22:07,1327,-5.12,1.00,0.00,-60.01,-0.50,-0.00,-0.87,0.10,0.10,0.44
22:08,1328,-5.14,1.00,0.00,-60.25,-0.50,-0.00,-0.87,0.10,0.10,0.44
22:09,1329,-5.15,1.00,0.00,-60.48,-0.49,-0.00,-0.87,0.10,0.10,0.44
22:10,1330,-5.17,1.00,0.00,-60.71,-0.49,-0.00,-0.87,0.10,0.10,0.44
22:11,1331,-5.19,1.00,0.00,-60.94,-0.49,-0.00,-0.87,0.10,0.10,0.44
22:12,1332,-5.21,1.00,0.00,-61.17,-0.48,-0.00,-0.88,0.10,0.10,0.44
22:13,1333,-5.22,1.00,0.00,-61.41,-0.48,-0.00,-0.88,0.10,0.10,0.44
22:14,1334,-5.24,1.00,0.00,-61.64,-0.48,-0.00,-0.88,0.10,0.10,0.44
22:15,1335,-5.26,1.00,0.00,-61.87,-0.47,-0.00,-0.88,0.10,0.10,0.44
22:16,1336,-5.27,1.00,0.00,-62.10,-0.47,-0.00,-0.88,0.10,0.10,0.44
22:17,1337,-5.29,1.00,0.00,-62.33,-0.46,-0.00,-0.89,0.10,0.10,0.44
22:18,1338,-5.31,1.00,0.00,-62.56,-0.46,-0.00,-0.89,0.10,0.10,0.44
22:19,1339,-5.32,1.00,0.00,-62.79,-0.46,-0.00,-0.89,0.10,0.10,0.44
22:20,1340,-5.34,1.00,0.00,-63.02,-0.45,-0.00,-0.89,0.10,0.10,0.44
22:21,1341,-5.36,1.00,0.00,-63.24,-0.45,-0.00,-0.89,0.10,0.10,0.44
22:22,1342,-5.37,1.00,0.00,-63.47,-0.45,-0.00,-0.89,0.10,0.10,0.44
22:23,1343,-5.39,1.00,0.00,-63.70,-0.44,-0.00,-0.90,0.10,0.10,0.44
22:24,1344,-5.41,1.00,0.00,-63.93,-0.44,-0.00,-0.90,0.10,0.10,0.44
22:25,1345,-5.42,1.00,0.00,-64.16,-0.44,-0.00,-0.90,0.10,0.10,0.44
22:26,1346,-5.44,1.00,0.00,-64.38,-0.43,-0.00,-0.90,0.10,0.10,0.44
22:27,1347,-5.46,1.00,0.00,-64.61,-0.43,-0.00,-0.90,0.10,0.10,0.44
22:28,1348,-5.47,1.00,0.00,-64.84,-0.43,-0.00,-0.91,0.10,0.10,0.44
22:29,1349,-5.49,1.00,0.00,-65.06,-0.42,-0.00,-0.91,0.10,0.10,0.44
22:30,1350,-5.51,1.00,0.00,-65.29,-0.42,-0.00,-0.91,0.10,0.10,0.44
22:31,1351,-5.52,1.00,0.00,-65.51,-0.41,-0.00,-0.91,0.10,0.10,0.44
22:32,1352,-5.54,1.00,0.00,-65.74,-0.41,-0.00,-0.91,0.10,0.10,0.44
22:33,1353,-5.56,1.00,0.00,-65.96,-0.41,-0.00,-0.91,0.10,0.10,0.44
22:34,1354,-5.57,1.00,0.00,-66.18,-0.40,-0.00,-0.91,0.10,0.10,0.44
22:35,1355,-5.59,1.00,0.00,-66.41,-0.40,-0.00,-0.92,0.10,0.10,0.44
22:36,1356,-5.61,1.00,0.00,-66.63,-0.40,-0.00,-0.92,0.10,0.10,0.44
22:37,1357,-5.62,1.00,0.00,-66.85,-0.39,-0.00,-0.92,0.10,0.10,0.44
22:38,1358,-5.64,1.00,0.00,-67.07,-0.39,-0.00,-0.92,0.10,0.10,0.44
22:39,1359,-5.66,1.00,0.00,-67.29,-0.39,-0.00,-0.92,0.10,0.10,0.44
22:40,1360,-5.67,1.00,0.00,-67.51,-0.38,-0.00,-0.92,0.10,0.10,0.44
22:41,1361,-5.69,1.00,0.00,-67.73,-0.38,-0.00,-0.93,0.10,0.10,0.44
22:42,1362,-5.71,1.00,0.00,-67.95,-0.38,-0.00,-0.93,0.10,0.10,0.44
22:43,1363,-5.72,1.00,0.00,-68.17,-0.37,-0.00,-0.93,0.10,0.10,0.44
22:44,1364,-5.74,1.00,0.00,-68.39,-0.37,-0.00,-0.93,0.10,0.10,0.44
22:45,1365,-5.75,1.00,0.00,-68.60,-0.36,-0.00,-0.93,0.10,0.10,0.44
22:46,1366,-5.77,1.00,0.00,-68.82,-0.36,-0.00,-0.93,0.10,0.10,0.44
22:47,1367,-5.79,1.00,0.00,-69.03,-0.36,-0.00,-0.93,0.10,0.10,0.44
22:48,1368,-5.80,1.00,0.00,-69.25,-0.35,-0.00,-0.94,0.10,0.10,0.44
22:49,1369,-5.82,1.00,0.00,-69.46,-0.35,-0.00,-0.94,0.10,0.10,0.44
22:50,1370,-5.84,1.00,0.00,-69.68,-0.35,-0.00,-0.94,0.10,0.10,0.44
22:51,1371,-5.85,1.00,0.00,-69.89,-0.34,-0.00,-0.94,0.10,0.10,0.44
22:52,1372,-5.87,1.00,0.00,-70.10,-0.34,-0.00,-0.94,0.10,0.10,0.44
22:53,1373,-5.89,1.00,0.00,-70.31,-0.34,-0.00,-0.94,0.10,0.10,0.44
22:54,1374,-5.90,1.00,0.00,-70.52,-0.33,-0.00,-0.94,0.10,0.10,0.44
22:55,1375,-5.92,1.00,0.00,-70.73,-0.33,-0.00,-0.94,0.10,0.10,0.44
22:56,1376,-5.93,1.00,0.00,-70.94,-0.33,-0.00,-0.95,0.10,0.10,0.44
22:57,1377,-5.95,1.00,0.00,-71.14,-0.32,-0.00,-0.95,0.10,0.10,0.44
22:58,1378,-5.97,1.00,0.00,-71.35,-0.32,-0.00,-0.95,0.10,0.10,0.44
22:59,1379,-5.98,1.00,0.00,-71.56,-0.32,-0.00,-0.95,0.10,0.10,0.44
23:00,1380,-6.00,1.00,0.00,-71.76,-0.31,-0.00,-0.95,0.10,0.10,0.44
23:01,1381,-6.02,1.00,0.00,-71.96,-0.31,-0.00,-0.95,0.10,0.10,0.44
23:02,1382,-6.03,1.00,0.00,-72.16,-0.31,-0.00,-0.95,0.10,0.10,0.44
23:03,1383,-6.05,1.00,0.00,-72.36,-0.30,-0.00,-0.95,0.10,0.10,0.44
23:04,1384,-6.07,1.00,0.00,-72.56,-0.30,-0.00,-0.95,0.10,0.10,0.44
23:05,1385,-6.08,1.00,0.00,-72.76,-0.30,-0.00,-0.96,0.10,0.10,0.44
23:06,1386,-6.10,1.00,0.00,-72.96,-0.29,-0.00,-0.96,0.10,0.10,0.44
23:07,1387,-6.11,1.00,0.00,-73.15,-0.29,-0.00,-0.96,0.10,0.10,0.44
23:08,1388,-6.13,1.00,0.00,-73.35,-0.29,-0.00,-0.96,0.10,0.10,0.44
23:09,1389,-6.15,1.00,0.00,-73.54,-0.28,-0.00,-0.96,0.10,0.10,0.44
23:10,1390,-6.16,1.00,0.00,-73.73,-0.28,-0.00,-0.96,0.10,0.10,0.44
23:11,1391,-6.18,1.00,0.00,-73.92,-0.28,-0.00,-0.96,0.10,0.10,0.44
23:12,1392,-6.20,1.00,0.00,-74.11,-0.27,-0.00,-0.96,0.10,0.10,0.44
23:13,1393,-6.21,1.00,0.00,-74.29,-0.27,-0.00,-0.96,0.10,0.10,0.44
23:14,1394,-6.23,1.00,0.00,-74.48,-0.27,-0.00,-0.96,0.10,0.10,0.44
23:15,1395,-6.25,1.00,0.00,-74.66,-0.26,-0.00,-0.96,0.10,0.10,0.44
23:16,1396,-6.26,1.00,0.00,-74.84,-0.26,-0.00,-0.97,0.10,0.10,0.44
23:17,1397,-6.28,1.00,0.00,-75.02,-0.26,-0.00,-0.97,0.10,0.10,0.44
23:18,1398,-6.29,1.00,0.00,-75.19,-0.26,-0.00,-0.97,0.10,0.10,0.44
23:19,1399,-6.31,1.00,0.00,-75.37,-0.25,-0.00,-0.97,0.10,0.10,0.44
23:20,1400,-6.33,1.00,0.00,-75.54,-0.25,-0.00,-0.97,0.10,0.10,0.44
23:21,1401,-6.34,1.00,0.00,-75.71,-0.25,-0.00,-0.97,0.10,0.10,0.44
23:22,1402,-6.36,1.00,0.00,-75.88,-0.24,-0.00,-0.97,0.10,0.10,0.44
23:23,1403,-6.38,1.00,0.00,-76.04,-0.24,-0.00,-0.97,0.10,0.10,0.44
23:24,1404,-6.39,1.00,0.00,-76.20,-0.24,-0.00,-0.97,0.10,0.10,0.44
23:25,1405,-6.41,1.00,0.00,-76.36,-0.24,-0.00,-0.97,0.10,0.10,0.44
23:26,1406,-6.43,1.00,0.00,-76.52,-0.23,-0.00,-0.97,0.10,0.10,0.44
23:27,1407,-6.44,1.00,0.00,-76.68,-0.23,-0.00,-0.97,0.10,0.10,0.44
23:28,1408,-6.46,1.00,0.00,-76.83,-0.23,-0.00,-0.97,0.10,0.10,0.44
23:29,1409,-6.48,1.00,0.00,-76.98,-0.23,-0.00,-0.97,0.10,0.10,0.44
23:30,1410,-6.49,1.00,0.00,-77.12,-0.22,-0.00,-0.97,0.10,0.10,0.44
23:31,1411,-6.51,1.00,0.00,-77.26,-0.22,-0.00,-0.98,0.10,0.10,0.44
23:32,1412,-6.53,1.00,0.00,-77.40,-0.22,-0.00,-0.98,0.10,0.10,0.44
23:33,1413,-6.54,1.00,0.00,-77.54,-0.22,-0.00,-0.98,0.10,0.10,0.44
23:34,1414,-6.56,1.00,0.00,-77.67,-0.21,-0.00,-0.98,0.10,0.10,0.44
23:35,1415,-6.58,1.00,0.00,-77.80,-0.21,-0.00,-0.98,0.10,0.10,0.44
23:36,1416,-6.59,1.00,0.00,-77.92,-0.21,-0.00,-0.98,0.10,0.10,0.44
23:37,1417,-6.61,1.00,0.00,-78.04,-0.21,-0.00,-0.98,0.10,0.10,0.44
23:38,1418,-6.63,1.00,0.00,-78.16,-0.21,-0.00,-0.98,0.10,0.10,0.44
23:39,1419,-6.64,1.00,0.00,-78.27,-0.20,-0.00,-0.98,0.10,0.10,0.44
23:40,1420,-6.66,1.00,0.00,-78.38,-0.20,-0.00,-0.98,0.10,0.10,0.44
23:41,1421,-6.68,1.00,0.00,-78.49,-0.20,-0.00,-0.98,0.10,0.10,0.44
23:42,1422,-6.69,1.00,0.00,-78.59,-0.20,-0.00,-0.98,0.10,0.10,0.44
23:43,1423,-6.71,1.00,0.00,-78.68,-0.20,-0.00,-0.98,0.10,0.10,0.44
23:44,1424,-6.73,1.00,0.00,-78.77,-0.19,-0.00,-0.98,0.10,0.10,0.44
23:45,1425,-6.74,1.00,0.00,-78.86,-0.19,-0.00,-0.98,0.10,0.10,0.44
23:46,1426,-6.76,1.00,0.00,-78.94,-0.19,-0.00,-0.98,0.10,0.10,0.44
23:47,1427,-6.78,1.00,0.00,-79.01,-0.19,-0.00,-0.98,0.10,0.10,0.44
23:48,1428,-6.79,1.00,0.00,-79.08,-0.19,-0.00,-0.98,0.10,0.10,0.44
23:49,1429,-6.81,1.00,0.00,-79.15,-0.19,-0.00,-0.98,0.10,0.10,0.44
23:50,1430,-6.83,1.00,0.00,-79.21,-0.19,-0.00,-0.98,0.10,0.10,0.44
23:51,1431,-6.85,1.00,0.00,-79.26,-0.19,-0.00,-0.98,0.10,0.10,0.44
23:52,1432,-6.86,1.00,0.00,-79.31,-0.19,-0.00,-0.98,0.10,0.10,0.44
23:53,1433,-6.88,1.00,0.00,-79.36,-0.18,-0.00,-0.98,0.10,0.10,0.44
23:54,1434,-6.90,1.00,0.00,-79.39,-0.18,-0.00,-0.98,0.10,0.10,0.44
23:55,1435,-6.91,1.00,0.00,-79.43,-0.18,-0.00,-0.98,0.10,0.10,0.44
23:56,1436,-6.93,1.00,0.00,-79.45,-0.18,-0.00,-0.98,0.10,0.10,0.44
23:57,1437,-6.95,1.00,0.00,-79.47,-0.18,-0.00,-0.98,0.10,0.10,0.44
23:58,1438,-6.97,1.00,0.00,-79.49,-0.18,-0.00,-0.98,0.10,0.10,0.44
23:59,1439,-6.98,1.00,0.00,-79.50,-0.18,-0.00,-0.98,0.10,0.10,0.44
24:00,1440,-7.00,1.00,0.00,-79.50,-0.18,-0.00,-0.98,0.10,0.10,0.44
